-- phpMyAdmin SQL Dump
-- version 5.2.1
-- https://www.phpmyadmin.net/
--
-- Servidor: 127.0.0.1
-- Tiempo de generación: 28-08-2023 a las 23:45:43
-- Versión del servidor: 10.4.28-MariaDB
-- Versión de PHP: 8.0.28

SET SQL_MODE = "NO_AUTO_VALUE_ON_ZERO";
START TRANSACTION;
SET time_zone = "+00:00";


/*!40101 SET @OLD_CHARACTER_SET_CLIENT=@@CHARACTER_SET_CLIENT */;
/*!40101 SET @OLD_CHARACTER_SET_RESULTS=@@CHARACTER_SET_RESULTS */;
/*!40101 SET @OLD_COLLATION_CONNECTION=@@COLLATION_CONNECTION */;
/*!40101 SET NAMES utf8mb4 */;

--
-- Base de datos: `emaprod2`
--

-- --------------------------------------------------------

--
-- Estructura de tabla para la tabla `almacen`
--

CREATE TABLE `almacen` (
  `id` int(11) NOT NULL,
  `idAre` int(11) NOT NULL,
  `codAlm` char(10) NOT NULL,
  `codAlmAlt` char(10) DEFAULT NULL,
  `nomAlm` char(60) DEFAULT NULL,
  `fecCreAlm` datetime DEFAULT current_timestamp(),
  `fecActAlm` datetime DEFAULT current_timestamp(),
  `estReg` char(1) DEFAULT 'A'
) ENGINE=InnoDB DEFAULT CHARSET=utf8 COLLATE=utf8_general_ci;

--
-- Volcado de datos para la tabla `almacen`
--

INSERT INTO `almacen` (`id`, `idAre`, `codAlm`, `codAlmAlt`, `nomAlm`, `fecCreAlm`, `fecActAlm`, `estReg`) VALUES
(1, 1, '001', NULL, 'Almacen Principal', '2023-02-24 07:04:51', '2023-02-24 07:04:51', 'A'),
(2, 2, '002', NULL, 'Almacen Molienda', '2023-03-13 15:26:30', '2023-03-13 15:26:30', 'A'),
(3, 5, '003', NULL, 'Almacen Envasado', '2023-03-13 15:29:40', '2023-03-13 15:29:40', 'A'),
(4, 6, '004', NULL, 'Almacen Encajado', '2023-03-13 15:29:40', '2023-03-13 15:29:40', 'A'),
(5, 7, '005', NULL, 'Almacen Frescos', '2023-03-13 15:30:34', '2023-03-13 15:30:34', 'A'),
(6, 1, '006', NULL, 'Almacen Transitorio', '2023-03-13 15:37:31', '2023-03-13 15:37:31', 'A'),
(7, 1, '007', NULL, 'Almacen Desmedros', '2023-03-17 10:38:40', '2023-03-17 10:38:40', 'A'),
(8, 1, '008', NULL, 'Almacen Auxiliar', '2023-03-17 10:56:57', '2023-03-17 10:56:57', 'A'),
(9, 3, '009', NULL, 'Almacen Seleccion', '2023-03-29 06:34:03', '2023-03-29 06:34:03', 'A');

-- --------------------------------------------------------

--
-- Estructura de tabla para la tabla `almacen_stock`
--

CREATE TABLE `almacen_stock` (
  `id` int(11) NOT NULL,
  `idProd` int(11) NOT NULL,
  `idAlm` int(11) NOT NULL,
  `canSto` decimal(13,3) DEFAULT NULL,
  `canStoDis` decimal(13,3) DEFAULT NULL,
  `fecCreAlmSto` datetime DEFAULT current_timestamp(),
  `fecActAlmSto` datetime DEFAULT current_timestamp(),
  `estReg` char(1) DEFAULT 'A'
) ENGINE=InnoDB DEFAULT CHARSET=utf8 COLLATE=utf8_general_ci;

--
-- Volcado de datos para la tabla `almacen_stock`
--

INSERT INTO `almacen_stock` (`id`, `idProd`, `idAlm`, `canSto`, `canStoDis`, `fecCreAlmSto`, `fecActAlmSto`, `estReg`) VALUES
(17, 142, 1, 5000.000, 5000.000, '2023-04-21 07:05:03', '2023-04-21 07:05:03', 'A'),
(18, 181, 1, 582.468, 582.468, '2023-04-21 07:11:41', '2023-04-21 07:11:41', 'A'),
(19, 167, 8, 2252.950, 2252.950, '2023-04-21 07:13:17', '2023-04-21 07:13:17', 'A'),
(20, 222, 1, 1000.000, 1000.000, '2023-04-21 07:34:50', '2023-04-21 07:34:50', 'A'),
(21, 237, 1, 20000.000, 20000.000, '2023-04-21 07:38:09', '2023-04-21 07:38:09', 'A'),
(22, 273, 1, 9314.550, 9314.550, '2023-04-21 07:51:27', '2023-04-21 07:51:27', 'A'),
(23, 143, 1, 5100.000, 5100.000, '2023-04-21 07:56:26', '2023-04-21 07:57:31', 'A'),
(24, 169, 8, 50.000, 50.000, '2023-04-21 07:59:32', '2023-04-21 07:59:32', 'A'),
(25, 169, 1, 200.000, 200.000, '2023-04-21 08:00:52', '2023-04-21 08:00:52', 'A'),
(26, 238, 1, 10500.000, 10500.000, '2023-04-21 08:03:54', '2023-04-21 08:04:50', 'A'),
(27, 223, 1, 530.000, 530.000, '2023-04-21 08:06:23', '2023-04-21 08:07:10', 'A'),
(28, 137, 1, 5100.000, 5100.000, '2023-04-21 15:28:57', '2023-04-22 15:29:01', 'A'),
(29, 239, 1, 400.000, 400.000, '2023-04-21 15:32:14', '2023-04-21 15:32:14', 'A'),
(30, 224, 1, 146.370, 146.370, '2023-04-21 15:34:15', '2023-04-21 15:34:15', 'A'),
(31, 224, 3, 353.630, 353.630, '2023-05-24 13:18:23', NULL, 'A'),
(32, 239, 4, 4600.000, 4600.000, '2023-05-24 14:46:12', '2023-05-24 14:46:12', 'A'),
(33, 273, 4, 685.450, 685.450, '2023-05-24 14:46:46', NULL, 'A'),
(34, 167, 2, 4747.050, 4747.050, '2023-05-24 14:47:09', NULL, 'A'),
(35, 181, 2, 77.532, 77.532, '2023-08-17 12:02:53', '2023-08-17 12:02:53', 'A');

-- --------------------------------------------------------

--
-- Estructura de tabla para la tabla `area`
--

CREATE TABLE `area` (
  `id` int(11) NOT NULL,
  `codAre` char(3) DEFAULT NULL,
  `desAre` char(60) DEFAULT NULL,
  `estReg` char(1) DEFAULT 'A'
) ENGINE=InnoDB DEFAULT CHARSET=utf8 COLLATE=utf8_general_ci;

--
-- Volcado de datos para la tabla `area`
--

INSERT INTO `area` (`id`, `codAre`, `desAre`, `estReg`) VALUES
(1, '001', 'Almacen', 'A'),
(2, '002', 'Molienda', 'A'),
(3, '003', 'Seleccion', 'A'),
(4, '004', 'Produccion', 'A'),
(5, '005', 'Envasado', 'A'),
(6, '006', 'Encajado', 'A'),
(7, '007', 'Frescos', 'A');

-- --------------------------------------------------------

--
-- Estructura de tabla para la tabla `clase`
--

CREATE TABLE `clase` (
  `id` int(11) NOT NULL,
  `codCla` char(4) DEFAULT NULL,
  `ctaCla` char(16) DEFAULT NULL,
  `desCla` char(60) DEFAULT NULL,
  `estReg` char(1) DEFAULT 'A'
) ENGINE=InnoDB DEFAULT CHARSET=utf8 COLLATE=utf8_general_ci;

--
-- Volcado de datos para la tabla `clase`
--

INSERT INTO `clase` (`id`, `codCla`, `ctaCla`, `desCla`, `estReg`) VALUES
(1, '24', '24', 'Materia Prima', 'A'),
(2, '21', '21', 'Producto Final', 'A'),
(3, '26', '26', 'Envase y Embalaje', 'A'),
(4, '23', '23', 'Producto Produccion', 'A'),
(5, '21', '21', 'Mercancia Promocion', 'A');

-- --------------------------------------------------------

--
-- Estructura de tabla para la tabla `entrada_producto_final`
--

CREATE TABLE `entrada_producto_final` (
  `id` int(11) NOT NULL,
  `idProdc` int(11) DEFAULT NULL,
  `idProdt` int(11) NOT NULL,
  `canTotEntProFin` decimal(13,3) DEFAULT 0.000,
  `canTotDisEntProdFin` decimal(13,3) DEFAULT 0.000,
  `fecIngEntProdFin` datetime DEFAULT current_timestamp(),
  `fecVenEntProdFin` datetime DEFAULT NULL,
  `fecCreEntProFin` datetime DEFAULT current_timestamp(),
  `fecActEntProFin` datetime DEFAULT current_timestamp(),
  `estReg` char(1) DEFAULT 'A'
) ENGINE=InnoDB DEFAULT CHARSET=utf8 COLLATE=utf8_general_ci;

-- --------------------------------------------------------

--
-- Estructura de tabla para la tabla `entrada_stock`
--

CREATE TABLE `entrada_stock` (
  `id` int(11) NOT NULL,
  `idProd` int(11) NOT NULL,
  `idProv` int(11) NOT NULL,
  `idEntStoEst` int(11) NOT NULL,
  `idAlm` int(11) NOT NULL,
  `codEntSto` char(40) NOT NULL,
  `letAniEntSto` char(4) DEFAULT NULL,
  `diaJulEntSto` char(3) DEFAULT NULL,
  `refNumIngEntSto` char(3) DEFAULT NULL,
  `esSel` tinyint(1) NOT NULL DEFAULT 0,
  `canSel` decimal(13,3) DEFAULT 0.000,
  `canPorSel` decimal(13,3) DEFAULT 0.000,
  `merDis` decimal(13,3) DEFAULT 0.000,
  `merTot` decimal(13,3) DEFAULT 0.000,
  `canTotCom` decimal(13,3) DEFAULT 0.000,
  `canTotEnt` decimal(13,3) NOT NULL DEFAULT 0.000,
  `canTotDis` decimal(13,3) DEFAULT 0.000,
  `canVar` decimal(13,3) DEFAULT 0.000,
  `docEntSto` char(255) DEFAULT NULL,
  `fecVenEntSto` datetime DEFAULT NULL,
  `fecEntSto` datetime NOT NULL DEFAULT current_timestamp(),
  `fecFinSto` datetime DEFAULT NULL,
  `fecCreEntSto` datetime DEFAULT current_timestamp(),
  `fecActEntSto` datetime DEFAULT current_timestamp(),
  `estReg` char(1) DEFAULT 'A'
) ENGINE=InnoDB DEFAULT CHARSET=utf8 COLLATE=utf8_general_ci;

--
-- Volcado de datos para la tabla `entrada_stock`
--

INSERT INTO `entrada_stock` (`id`, `idProd`, `idProv`, `idEntStoEst`, `idAlm`, `codEntSto`, `letAniEntSto`, `diaJulEntSto`, `refNumIngEntSto`, `esSel`, `canSel`, `canPorSel`, `merDis`, `merTot`, `canTotCom`, `canTotEnt`, `canTotDis`, `canVar`, `docEntSto`, `fecVenEntSto`, `fecEntSto`, `fecFinSto`, `fecCreEntSto`, `fecActEntSto`, `estReg`) VALUES
(19, 142, 11, 1, 1, '24030210C111001', 'C', '111', '001', 0, 0.000, 0.000, 0.000, 0.000, 5000.000, 5000.000, 5000.000, 0.000, 'F001-00001', '2024-01-01 00:00:00', '2023-04-21 07:05:03', NULL, '2023-04-21 07:05:03', '2023-04-21 07:05:03', 'A'),
(20, 181, 22, 1, 1, '24050422C111001', 'C', '111', '001', 0, 0.000, 0.000, 0.000, 0.000, 660.000, 660.000, 582.468, 0.000, 'F001-10000', '2024-01-02 00:00:00', '2023-04-21 07:11:41', NULL, '2023-04-21 07:11:41', '2023-04-21 07:11:41', 'A'),
(21, 167, 1, 1, 8, '00000100C111001', 'C', '111', '001', 0, 0.000, 0.000, 0.000, 0.000, 7000.000, 7000.000, 2252.950, 0.000, 'E0001-00001', '2023-01-01 00:00:00', '2023-04-21 07:13:17', NULL, '2023-04-21 07:13:17', '2023-04-21 07:13:17', 'A'),
(22, 222, 25, 1, 1, '26010225C111001', 'C', '111', '001', 0, 0.000, 0.000, 0.000, 0.000, 1000.000, 1000.000, 1000.000, 0.000, 'F001-00101', '2024-02-01 00:00:00', '2023-04-21 07:34:50', NULL, '2023-04-21 07:34:50', '2023-04-21 07:34:50', 'A'),
(23, 237, 27, 1, 1, '26040227C111001', 'C', '111', '001', 0, 0.000, 0.000, 0.000, 0.000, 20000.000, 20000.000, 20000.000, 0.000, 'F0101-00001', '2024-01-02 00:00:00', '2023-04-21 07:38:09', NULL, '2023-04-21 07:38:09', '2023-04-21 07:38:09', 'A'),
(24, 273, 54, 1, 1, '26120155C111001', 'C', '111', '001', 0, 0.000, 0.000, 0.000, 0.000, 10000.000, 10000.000, 9314.550, 0.000, 'F0101-00002', '2027-01-01 00:00:00', '2023-04-21 07:51:27', NULL, '2023-04-21 07:51:27', '2023-04-21 07:51:27', 'A'),
(25, 143, 11, 1, 1, '24030310C111001', 'C', '111', '001', 0, 0.000, 0.000, 0.000, 0.000, 100.000, 100.000, 100.000, 0.000, 'F0101-00003', '2024-01-02 00:00:00', '2023-04-21 07:56:26', NULL, '2023-04-21 07:56:26', '2023-04-21 07:56:26', 'A'),
(26, 143, 11, 1, 1, '24030310C111002', 'C', '111', '002', 0, 0.000, 0.000, 0.000, 0.000, 5000.000, 5000.000, 5000.000, 0.000, 'F0101-00004', '2024-01-01 00:00:00', '2023-04-21 07:57:31', NULL, '2023-04-21 07:57:31', '2023-04-21 07:57:31', 'A'),
(27, 169, 1, 1, 8, '00000300C111001', 'C', '111', '001', 0, 0.000, 0.000, 0.000, 0.000, 50.000, 50.000, 50.000, 0.000, 'E0001-00002', '2024-01-04 00:00:00', '2023-04-21 07:59:31', NULL, '2023-04-21 07:59:32', '2023-04-21 07:59:32', 'A'),
(28, 169, 1, 1, 1, '00000300C111002', 'C', '111', '002', 0, 0.000, 0.000, 0.000, 0.000, 200.000, 200.000, 200.000, 0.000, 'E0001-00003', '2024-01-03 00:00:00', '2023-04-21 08:00:52', NULL, '2023-04-21 08:00:52', '2023-04-21 08:00:52', 'A'),
(29, 238, 27, 1, 1, '26040327C111001', 'C', '111', '001', 0, 0.000, 0.000, 0.000, 0.000, 500.000, 500.000, 500.000, 0.000, 'F001-00004', '2024-01-08 00:00:00', '2023-04-21 08:03:54', NULL, '2023-04-21 08:03:54', '2023-04-21 08:03:54', 'A'),
(30, 238, 27, 1, 1, '26040327C111002', 'C', '111', '002', 0, 0.000, 0.000, 0.000, 0.000, 10000.000, 10000.000, 10000.000, 0.000, 'F0001-00005', '2024-01-05 00:00:00', '2023-04-21 08:04:50', NULL, '2023-04-21 08:04:50', '2023-04-21 08:04:50', 'A'),
(31, 223, 25, 1, 1, '26010325C111001', 'C', '111', '001', 0, 0.000, 0.000, 0.000, 0.000, 30.000, 30.000, 30.000, 0.000, 'F001-00005', '2024-01-14 00:00:00', '2023-04-21 08:06:23', NULL, '2023-04-21 08:06:23', '2023-04-21 08:06:23', 'A'),
(32, 223, 25, 1, 1, '26010325C111002', 'C', '111', '002', 0, 0.000, 0.000, 0.000, 0.000, 500.000, 500.000, 500.000, 0.000, 'E0001-00006', '2024-01-22 00:00:00', '2023-04-21 08:07:10', NULL, '2023-04-21 08:07:10', '2023-04-21 08:07:10', 'A'),
(33, 137, 8, 1, 1, '24020207C111001', 'C', '111', '001', 0, 0.000, 0.000, 0.000, 0.000, 100.000, 100.000, 100.000, 0.000, 'F001-00006', '2027-01-01 00:00:00', '2023-04-21 15:28:57', NULL, '2023-04-21 15:28:57', '2023-04-21 15:28:57', 'A'),
(34, 137, 8, 1, 1, '24020207C112002', 'C', '112', '002', 0, 0.000, 0.000, 0.000, 0.000, 5000.000, 5000.000, 5000.000, 0.000, 'F001-00007', '2027-01-02 00:00:00', '2023-04-22 15:29:01', NULL, '2023-04-21 15:30:42', '2023-04-21 15:30:42', 'A'),
(35, 239, 27, 1, 1, '26040427C111001', 'C', '111', '001', 0, 0.000, 0.000, 0.000, 0.000, 5000.000, 5000.000, 400.000, 0.000, 'F0001-00002', '2024-01-08 00:00:00', '2023-04-21 15:32:15', NULL, '2023-04-21 15:32:14', '2023-04-21 15:32:14', 'A'),
(36, 224, 25, 1, 1, '26010425C111001', 'C', '111', '001', 0, 0.000, 0.000, 0.000, 0.000, 500.000, 500.000, 146.370, 0.000, 'F0001-00008', '2026-01-01 00:00:00', '2023-04-21 15:34:15', NULL, '2023-04-21 15:34:15', '2023-04-21 15:34:15', 'A');

-- --------------------------------------------------------

--
-- Estructura de tabla para la tabla `entrada_stock_estado`
--

CREATE TABLE `entrada_stock_estado` (
  `id` int(11) NOT NULL,
  `desEntStoEst` char(20) DEFAULT NULL,
  `estReg` char(1) DEFAULT 'A'
) ENGINE=InnoDB DEFAULT CHARSET=utf8 COLLATE=utf8_general_ci;

--
-- Volcado de datos para la tabla `entrada_stock_estado`
--

INSERT INTO `entrada_stock_estado` (`id`, `desEntStoEst`, `estReg`) VALUES
(1, 'Disponible', 'A'),
(2, 'Terminado', 'A'),
(3, 'Por procesar', 'A');

-- --------------------------------------------------------

--
-- Estructura de tabla para la tabla `formula`
--

CREATE TABLE `formula` (
  `id` int(11) NOT NULL,
  `idProd` int(11) NOT NULL,
  `idTipFor` int(11) NOT NULL,
  `nomFor` char(100) DEFAULT NULL,
  `desFor` char(255) DEFAULT NULL,
  `lotKgrFor` decimal(5,0) DEFAULT NULL,
  `fecCreFor` datetime DEFAULT current_timestamp(),
  `fecActFor` datetime DEFAULT current_timestamp(),
  `estReg` char(1) DEFAULT 'A'
) ENGINE=InnoDB DEFAULT CHARSET=utf8 COLLATE=utf8_general_ci;

--
-- Volcado de datos para la tabla `formula`
--

INSERT INTO `formula` (`id`, `idProd`, `idTipFor`, `nomFor`, `desFor`, `lotKgrFor`, `fecCreFor`, `fecActFor`, `estReg`) VALUES
(1, 201, 2, 'RECETA', '1572.20 KG', 1, '2023-04-17 14:58:16', '2023-07-31 15:40:27', 'A'),
(2, 202, 2, 'RECETA', '1520.00 KG', 1, '2023-04-17 15:33:16', '2023-07-31 15:38:30', 'A'),
(3, 203, 2, 'RECETA', '1493.00 KG', 1, '2023-04-17 15:40:08', '2023-07-31 15:36:47', 'A'),
(4, 204, 2, 'RECETA', '1484.00 KG', 1, '2023-04-17 15:47:05', '2023-07-31 15:30:58', 'A'),
(5, 205, 2, 'RECETA', '1482.00 KG', 1, '2023-04-17 16:48:39', '2023-07-31 15:25:22', 'A'),
(6, 206, 2, 'RECETA', '400.00 KG', 1, '2023-04-20 09:36:01', '2023-07-31 15:22:26', 'A'),
(7, 207, 2, 'RECETA', '1434.00 KG', 1, '2023-04-20 09:42:23', '2023-07-31 15:18:03', 'A'),
(8, 208, 2, 'RECETA', '1842.00 KG', 1, '2023-04-20 09:48:26', '2023-07-31 15:05:05', 'A'),
(9, 209, 2, 'RECETA', '747.50 KG', 1, '2023-04-20 09:54:30', '2023-07-31 14:50:59', 'A'),
(10, 210, 2, 'RECETA', '1854.00 KG\n', 1, '2023-04-20 09:57:31', '2023-07-31 14:47:58', 'A'),
(11, 211, 2, 'RECETA', '1060.00 KG\n', 1, '2023-04-20 10:00:00', '2023-07-31 14:47:08', 'A'),
(12, 212, 2, 'RECETA', '34.00 KG', 1, '2023-04-20 10:15:31', '2023-07-31 12:02:58', 'A'),
(13, 197, 1, 'RECETA', '1648.76 KG', 1, '2023-04-20 10:19:10', '2023-07-31 11:46:07', 'A'),
(14, 198, 1, 'RECETA', '240.00 KG', 1, '2023-04-20 10:40:42', '2023-07-31 11:32:46', 'A'),
(15, 199, 1, 'RECETA', '240.00 KG', 1, '2023-04-20 10:56:21', '2023-07-31 11:30:05', 'A'),
(16, 200, 1, 'RECETA', '200.00 KG', 1, '2023-04-20 11:06:29', '2023-07-27 17:02:18', 'A'),
(17, 217, 3, 'RECETA', '112.50 KG', 1, '2023-04-20 14:25:44', '2023-07-31 11:24:59', 'A'),
(18, 218, 3, 'RECETA', '108.00 KG', 1, '2023-04-20 14:30:24', '2023-07-31 11:24:11', 'A'),
(19, 219, 3, 'RECETA', '110.00 KG', 1, '2023-04-20 14:35:04', '2023-07-31 11:07:51', 'A'),
(20, 214, 2, 'RECETA', '12.00 KG', 1, '2023-04-20 14:41:27', '2023-07-31 11:02:54', 'A'),
(21, 215, 4, 'RECETA', '12.00 KG', 1, '2023-04-20 14:43:18', '2023-07-31 11:01:29', 'A'),
(22, 216, 4, 'RECETA', '12.00 KG', 1, '2023-04-20 14:52:38', '2023-07-31 11:01:41', 'A'),
(23, 213, 4, 'RECETA', '24.50 KG\n', 1, '2023-04-20 14:55:59', '2023-07-31 11:01:51', 'A');

-- --------------------------------------------------------

--
-- Estructura de tabla para la tabla `formula_detalle`
--

CREATE TABLE `formula_detalle` (
  `id` int(11) NOT NULL,
  `idFor` int(11) NOT NULL,
  `idMatPri` int(11) NOT NULL,
  `idAre` int(11) NOT NULL,
  `canMatPriFor` decimal(13,5) DEFAULT NULL,
  `fecCreFor` datetime DEFAULT current_timestamp(),
  `fecActFor` datetime DEFAULT current_timestamp(),
  `estReg` char(1) DEFAULT 'A'
) ENGINE=InnoDB DEFAULT CHARSET=utf8 COLLATE=utf8_general_ci;

--
-- Volcado de datos para la tabla `formula_detalle`
--

INSERT INTO `formula_detalle` (`id`, `idFor`, `idMatPri`, `idAre`, `canMatPriFor`, `fecCreFor`, `fecActFor`, `estReg`) VALUES
(1, 1, 141, 2, 0.30530, '2023-04-17 14:58:16', '2023-07-31 15:40:27', 'A'),
(2, 1, 178, 2, 0.38160, '2023-04-17 14:58:16', '2023-07-31 15:40:27', 'A'),
(3, 1, 167, 2, 0.20670, '2023-04-17 14:58:16', '2023-07-31 15:40:27', 'A'),
(4, 1, 156, 2, 0.06680, '2023-04-17 14:58:16', '2023-07-31 15:40:27', 'A'),
(5, 1, 147, 2, 0.00550, '2023-04-17 14:58:16', '2023-07-31 15:40:27', 'A'),
(6, 1, 142, 2, 0.00410, '2023-04-17 14:58:16', '2023-07-31 15:40:27', 'A'),
(7, 1, 182, 2, 0.00450, '2023-04-17 14:58:16', '2023-07-31 15:40:27', 'A'),
(8, 1, 181, 2, 0.02540, '2023-04-17 15:27:35', '2023-07-31 15:40:27', 'A'),
(9, 2, 142, 2, 0.65790, '2023-04-17 15:33:16', '2023-07-31 15:38:30', 'A'),
(10, 2, 167, 2, 0.32890, '2023-04-17 15:33:16', '2023-07-31 15:38:30', 'A'),
(11, 2, 181, 2, 0.01320, '2023-04-17 15:33:16', '2023-07-31 15:38:30', 'A'),
(12, 3, 143, 2, 0.66980, '2023-04-17 15:40:08', '2023-07-31 15:36:47', 'A'),
(13, 3, 167, 2, 0.25120, '2023-04-17 15:40:08', '2023-07-31 15:36:47', 'A'),
(14, 3, 169, 2, 0.05760, '2023-04-17 15:40:08', '2023-07-31 15:36:47', 'A'),
(15, 3, 181, 2, 0.02140, '2023-04-17 15:40:08', '2023-07-31 15:36:47', 'A'),
(16, 4, 144, 2, 0.45490, '2023-04-17 15:47:05', '2023-07-31 15:30:58', 'A'),
(17, 4, 167, 2, 0.45490, '2023-04-17 15:47:05', '2023-07-31 15:30:58', 'A'),
(18, 4, 178, 2, 0.09030, '2023-04-17 15:47:05', '2023-07-31 15:30:58', 'A'),
(19, 5, 178, 2, 0.34410, '2023-04-17 16:48:39', '2023-07-31 15:25:22', 'A'),
(20, 5, 141, 2, 0.30360, '2023-04-17 16:48:39', '2023-07-31 15:25:22', 'A'),
(21, 5, 167, 2, 0.12150, '2023-04-17 16:48:39', '2023-07-31 15:25:22', 'A'),
(22, 5, 156, 2, 0.08100, '2023-04-17 16:48:39', '2023-07-31 15:25:22', 'A'),
(23, 5, 158, 2, 0.06070, '2023-04-17 16:48:39', '2023-07-31 15:25:22', 'A'),
(24, 5, 182, 2, 0.03040, '2023-04-17 16:48:39', '2023-07-31 15:25:22', 'A'),
(25, 5, 151, 2, 0.01010, '2023-04-17 16:48:39', '2023-07-31 15:25:22', 'A'),
(26, 5, 142, 2, 0.01010, '2023-04-19 16:27:35', '2023-07-31 15:25:22', 'A'),
(27, 5, 147, 2, 0.00670, '2023-04-19 16:27:35', '2023-07-31 15:25:22', 'A'),
(28, 5, 145, 2, 0.01010, '2023-04-19 16:27:35', '2023-07-31 15:25:22', 'A'),
(29, 5, 181, 2, 0.02160, '2023-04-19 16:27:35', '2023-07-31 15:25:22', 'A'),
(30, 6, 141, 2, 0.24000, '2023-04-20 09:36:01', '2023-07-31 15:22:26', 'A'),
(31, 6, 156, 2, 0.20480, '2023-04-20 09:36:01', '2023-07-31 15:22:26', 'A'),
(32, 6, 167, 2, 0.20000, '2023-04-20 09:36:01', '2023-07-31 15:22:26', 'A'),
(33, 6, 178, 2, 0.16960, '2023-04-20 09:36:01', '2023-07-31 15:22:26', 'A'),
(34, 6, 146, 2, 0.16000, '2023-04-20 09:36:01', '2023-07-31 15:22:26', 'A'),
(35, 6, 147, 2, 0.00800, '2023-04-20 09:36:01', '2023-07-31 15:22:26', 'A'),
(36, 6, 142, 2, 0.00480, '2023-04-20 09:36:01', '2023-07-31 15:22:26', 'A'),
(37, 6, 181, 2, 0.01280, '2023-04-20 09:36:01', '2023-07-31 15:22:26', 'A'),
(38, 7, 147, 2, 0.10460, '2023-04-20 09:42:23', '2023-07-31 15:18:03', 'A'),
(39, 7, 164, 2, 0.10460, '2023-04-20 09:42:23', '2023-07-31 15:18:03', 'A'),
(40, 7, 178, 2, 0.55790, '2023-04-20 09:42:23', '2023-07-31 15:18:03', 'A'),
(41, 7, 168, 2, 0.17500, '2023-04-20 09:42:23', '2023-07-31 15:18:03', 'A'),
(42, 7, 182, 2, 0.03800, '2023-04-20 09:42:23', '2023-07-31 15:18:03', 'A'),
(43, 7, 183, 2, 0.00660, '2023-04-20 09:42:23', '2023-07-31 15:18:03', 'A'),
(44, 7, 185, 2, 0.00280, '2023-04-20 09:42:23', '2023-07-31 15:18:03', 'A'),
(45, 7, 181, 2, 0.01050, '2023-04-20 09:42:23', '2023-07-31 15:18:03', 'A'),
(46, 8, 148, 2, 0.10860, '2023-04-20 09:48:26', '2023-07-31 15:05:05', 'A'),
(47, 8, 165, 2, 0.65150, '2023-04-20 09:48:26', '2023-07-31 15:05:05', 'A'),
(48, 8, 170, 2, 0.24000, '2023-04-20 09:48:26', '2023-07-31 15:05:05', 'A'),
(49, 9, 149, 2, 0.24080, '2023-04-20 09:54:30', '2023-07-31 14:50:59', 'A'),
(50, 9, 152, 2, 0.08560, '2023-04-20 09:54:30', '2023-07-31 14:50:59', 'A'),
(51, 9, 154, 2, 0.02010, '2023-04-20 09:54:30', '2023-07-31 14:50:59', 'A'),
(52, 9, 153, 2, 0.01610, '2023-04-20 09:54:30', '2023-07-31 14:50:59', 'A'),
(53, 9, 159, 2, 0.14250, '2023-04-20 09:54:30', '2023-07-31 14:50:59', 'A'),
(54, 9, 147, 2, 0.00940, '2023-04-20 09:54:30', '2023-07-31 14:50:59', 'A'),
(55, 9, 178, 2, 0.20070, '2023-04-20 09:54:30', '2023-07-31 14:50:59', 'A'),
(56, 9, 182, 2, 0.10430, '2023-04-20 09:54:30', '2023-07-31 14:50:59', 'A'),
(57, 9, 151, 2, 0.08030, '2023-04-20 09:54:30', '2023-07-31 14:50:59', 'A'),
(58, 9, 181, 2, 0.10030, '2023-04-20 09:54:30', '2023-07-31 14:50:59', 'A'),
(59, 10, 150, 2, 0.53940, '2023-04-20 09:57:31', '2023-07-31 14:47:58', 'A'),
(60, 10, 167, 2, 0.13700, '2023-04-20 09:57:31', '2023-07-31 14:47:58', 'A'),
(61, 10, 178, 2, 0.30530, '2023-04-20 09:57:31', '2023-07-31 14:47:58', 'A'),
(62, 10, 181, 2, 0.01830, '2023-04-20 09:57:31', '2023-07-31 14:47:58', 'A'),
(63, 11, 151, 2, 0.94340, '2023-04-20 10:00:00', '2023-07-31 14:47:08', 'A'),
(64, 11, 181, 2, 0.05660, '2023-04-20 10:00:00', '2023-07-31 14:47:08', 'A'),
(65, 12, 157, 2, 0.27000, '2023-04-20 10:15:31', '2023-07-31 12:02:58', 'A'),
(66, 12, 178, 2, 0.30000, '2023-04-20 10:15:31', '2023-07-31 12:02:58', 'A'),
(67, 12, 167, 2, 0.30000, '2023-04-20 10:15:31', '2023-07-31 12:02:58', 'A'),
(68, 12, 144, 2, 0.11000, '2023-04-20 10:15:31', '2023-07-31 12:02:58', 'A'),
(69, 12, 181, 2, 0.02000, '2023-04-20 10:15:31', '2023-07-31 12:02:58', 'A'),
(70, 13, 155, 7, 0.27290, '2023-04-20 10:19:10', '2023-07-31 11:46:07', 'A'),
(71, 13, 194, 7, 0.13650, '2023-04-20 10:19:10', '2023-07-31 11:46:07', 'A'),
(72, 13, 178, 7, 0.40940, '2023-04-20 10:19:10', '2023-07-31 11:46:07', 'A'),
(73, 13, 162, 7, 0.16680, '2023-04-20 10:19:10', '2023-07-31 11:46:07', 'A'),
(74, 13, 184, 7, 0.01121, '2023-04-20 10:19:10', '2023-07-31 11:46:07', 'A'),
(75, 13, 187, 7, 0.00320, '2023-04-20 10:19:10', '2023-07-31 11:46:07', 'A'),
(76, 14, 128, 7, 0.30000, '2023-04-20 10:40:42', '2023-07-31 11:32:46', 'A'),
(77, 14, 130, 7, 0.20000, '2023-04-20 10:40:42', '2023-07-31 11:32:46', 'A'),
(78, 14, 178, 7, 0.07000, '2023-04-20 10:40:42', '2023-07-31 11:32:46', 'A'),
(79, 14, 129, 7, 0.00500, '2023-04-20 10:40:42', '2023-07-31 11:32:46', 'A'),
(80, 14, 184, 7, 0.00500, '2023-04-20 10:40:42', '2023-07-31 11:32:46', 'A'),
(81, 14, 163, 7, 0.04500, '2023-04-20 10:40:42', '2023-07-31 11:32:46', 'A'),
(82, 14, 187, 7, 0.00700, '2023-04-20 10:40:42', '2023-07-31 11:32:46', 'A'),
(83, 14, 182, 7, 0.00300, '2023-04-20 10:40:42', '2023-07-31 11:32:46', 'A'),
(84, 14, 173, 7, 0.00630, '2023-04-20 10:40:42', '2023-07-31 11:32:46', 'A'),
(85, 15, 131, 7, 0.30000, '2023-04-20 10:56:21', '2023-07-31 11:30:05', 'A'),
(86, 15, 132, 7, 0.35000, '2023-04-20 10:56:21', '2023-07-31 11:30:05', 'A'),
(87, 15, 178, 7, 0.07000, '2023-04-20 10:56:21', '2023-07-31 11:30:05', 'A'),
(88, 15, 189, 7, 0.02000, '2023-04-20 10:56:21', '2023-07-31 11:30:05', 'A'),
(89, 15, 188, 7, 0.00500, '2023-04-20 10:56:21', '2023-07-31 11:30:05', 'A'),
(90, 15, 187, 7, 0.01000, '2023-04-20 10:56:21', '2023-07-31 11:30:05', 'A'),
(91, 15, 129, 7, 0.01200, '2023-04-20 10:56:21', '2023-07-31 11:30:05', 'A'),
(92, 15, 128, 7, 0.01500, '2023-04-20 10:56:21', '2023-07-31 11:30:05', 'A'),
(93, 15, 182, 7, 0.04000, '2023-04-20 10:56:21', '2023-07-31 11:30:05', 'A'),
(94, 15, 173, 7, 0.01500, '2023-04-20 10:56:21', '2023-07-31 11:30:05', 'A'),
(95, 16, 129, 7, 0.75000, '2023-04-20 11:06:29', '2023-07-27 17:02:18', 'A'),
(96, 16, 178, 7, 0.07000, '2023-04-20 11:06:29', '2023-07-27 17:02:18', 'A'),
(97, 16, 188, 7, 0.00100, '2023-04-20 11:06:29', '2023-07-27 17:02:18', 'A'),
(98, 16, 184, 7, 0.01000, '2023-04-20 11:06:29', '2023-07-27 17:02:18', 'A'),
(99, 16, 187, 7, 0.01000, '2023-04-20 11:06:29', '2023-07-27 17:02:18', 'A'),
(100, 17, 179, 2, 0.79000, '2023-04-20 14:25:44', '2023-07-31 11:24:59', 'A'),
(101, 17, 174, 2, 0.05000, '2023-04-20 14:25:44', '2023-07-31 11:24:59', 'A'),
(102, 17, 172, 2, 0.05000, '2023-04-20 14:25:44', '2023-07-31 11:24:59', 'A'),
(103, 17, 176, 2, 0.05000, '2023-04-20 14:25:44', '2023-07-31 11:24:59', 'A'),
(104, 17, 160, 2, 0.03000, '2023-04-20 14:25:44', '2023-07-31 11:24:59', 'A'),
(105, 17, 180, 2, 0.03000, '2023-04-20 14:25:44', '2023-07-31 11:24:59', 'A'),
(106, 18, 179, 2, 0.67160, '2023-04-20 14:30:24', '2023-07-31 11:24:11', 'A'),
(107, 18, 171, 2, 0.01700, '2023-04-20 14:30:24', '2023-07-31 11:24:11', 'A'),
(108, 18, 175, 2, 0.02550, '2023-04-20 14:30:24', '2023-07-31 11:24:11', 'A'),
(109, 18, 166, 2, 0.02550, '2023-04-20 14:30:24', '2023-07-31 11:24:11', 'A'),
(110, 18, 174, 2, 0.04250, '2023-04-20 14:30:24', '2023-07-31 11:24:11', 'A'),
(111, 18, 161, 2, 0.04250, '2023-04-20 14:30:24', '2023-07-31 11:24:11', 'A'),
(112, 18, 176, 2, 0.02550, '2023-04-20 14:30:24', '2023-07-31 11:24:11', 'A'),
(113, 18, 218, 2, 0.15000, '2023-04-20 14:30:24', '2023-07-31 11:24:11', 'A'),
(114, 19, 179, 2, 0.73000, '2023-04-20 14:35:04', '2023-07-31 11:07:51', 'A'),
(115, 19, 174, 2, 0.05000, '2023-04-20 14:35:04', '2023-07-31 11:07:51', 'A'),
(116, 19, 175, 2, 0.03000, '2023-04-20 14:35:04', '2023-07-31 11:07:51', 'A'),
(117, 19, 184, 2, 0.05000, '2023-04-20 14:35:04', '2023-07-31 11:07:51', 'A'),
(118, 19, 171, 2, 0.05000, '2023-04-20 14:35:04', '2023-07-31 11:07:51', 'A'),
(119, 19, 172, 2, 0.03000, '2023-04-20 14:35:04', '2023-07-31 11:07:51', 'A'),
(120, 19, 160, 2, 0.03000, '2023-04-20 14:35:04', '2023-07-31 11:07:51', 'A'),
(121, 19, 180, 2, 0.03000, '2023-04-20 14:35:04', '2023-07-31 11:07:51', 'A'),
(126, 22, 196, 5, 1.00000, '2023-04-20 14:52:38', '2023-07-31 11:01:41', 'A'),
(127, 21, 195, 5, 1.00000, '2023-04-20 14:53:16', '2023-07-31 11:01:29', 'A'),
(128, 23, 193, 5, 1.00000, '2023-04-20 14:55:59', '2023-07-31 11:01:51', 'A'),
(129, 20, 194, 5, 1.00000, '2023-04-20 14:59:17', '2023-07-31 11:02:54', 'A');

-- --------------------------------------------------------

--
-- Estructura de tabla para la tabla `formula_producto_terminado`
--

CREATE TABLE `formula_producto_terminado` (
  `id` int(11) NOT NULL,
  `idProdFin` int(11) DEFAULT NULL,
  `fecCreForProTer` datetime DEFAULT current_timestamp(),
  `fecActForProTer` datetime DEFAULT current_timestamp(),
  `estReg` char(1) DEFAULT 'A'
) ENGINE=InnoDB DEFAULT CHARSET=utf8 COLLATE=utf8_general_ci;

--
-- Volcado de datos para la tabla `formula_producto_terminado`
--

INSERT INTO `formula_producto_terminado` (`id`, `idProdFin`, `fecCreForProTer`, `fecActForProTer`, `estReg`) VALUES
(6, 2, '2023-04-21 15:46:27', '2023-07-05 10:53:06', 'A'),
(7, 23, '2023-04-21 16:42:59', '2023-06-28 08:58:16', 'A'),
(8, 57, '2023-04-24 07:39:36', '2023-08-11 15:36:57', 'A'),
(9, 66, '2023-04-24 08:46:17', '2023-08-11 15:58:58', 'A'),
(10, 89, '2023-04-24 08:53:39', '2023-06-27 12:55:21', 'A'),
(11, 33, '2023-04-24 09:55:02', '2023-07-07 10:41:28', 'A'),
(12, 3, '2023-04-24 15:49:53', '2023-07-05 10:53:00', 'A'),
(13, 24, '2023-04-25 07:07:08', '2023-06-27 17:04:12', 'A'),
(14, 34, '2023-04-25 07:37:57', '2023-07-07 10:41:20', 'A'),
(15, 58, '2023-04-25 07:57:22', '2023-08-11 15:37:35', 'A'),
(16, 67, '2023-04-25 08:05:01', '2023-08-11 15:55:54', 'A'),
(17, 90, '2023-04-25 08:11:19', '2023-06-27 12:53:40', 'A'),
(18, 1, '2023-04-25 08:29:29', '2023-07-05 10:52:46', 'A'),
(19, 13, '2023-04-25 08:41:49', '2023-06-20 10:00:54', 'A'),
(20, 20, '2023-04-25 09:00:21', '2023-06-20 10:00:45', 'A'),
(21, 22, '2023-04-25 09:01:56', '2023-06-28 08:58:36', 'A'),
(22, 32, '2023-04-25 09:09:22', '2023-07-07 10:41:14', 'A'),
(23, 56, '2023-04-25 09:34:48', '2023-08-11 15:36:11', 'A'),
(24, 65, '2023-04-25 09:35:49', '2023-08-11 15:55:44', 'A'),
(25, 4, '2023-04-26 06:41:42', '2023-07-05 10:52:35', 'A'),
(26, 14, '2023-04-26 06:46:13', '2023-06-20 09:59:01', 'A'),
(27, 21, '2023-04-26 07:05:57', '2023-06-20 09:58:54', 'A'),
(28, 25, '2023-04-26 07:10:06', '2023-06-27 16:57:13', 'A'),
(29, 35, '2023-04-26 07:34:15', '2023-08-04 12:15:57', 'A'),
(30, 18, '2023-05-04 07:16:16', '2023-06-20 09:58:43', 'A'),
(31, 48, '2023-05-04 07:27:20', '2023-07-05 12:09:58', 'A'),
(32, 49, '2023-05-04 07:30:54', '2023-07-05 12:20:46', 'A'),
(33, 112, '2023-05-04 07:56:51', '2023-05-04 07:56:51', 'A'),
(34, 59, '2023-05-04 09:07:00', '2023-08-09 10:41:11', 'A'),
(35, 68, '2023-05-04 09:08:00', '2023-06-27 12:45:46', 'A'),
(36, 115, '2023-05-04 09:11:46', '2023-05-04 09:11:46', 'A'),
(37, 5, '2023-05-04 09:16:24', '2023-07-05 10:52:16', 'A'),
(38, 15, '2023-05-04 09:18:25', '2023-06-26 16:36:03', 'A'),
(39, 26, '2023-05-04 09:20:50', '2023-06-28 08:59:27', 'A'),
(40, 36, '2023-05-04 09:24:00', '2023-07-07 10:41:04', 'A'),
(41, 51, '2023-05-04 09:33:32', '2023-07-05 12:25:02', 'A'),
(42, 6, '2023-05-04 09:36:02', '2023-07-05 10:52:06', 'A'),
(43, 37, '2023-05-04 09:37:50', '2023-07-07 10:40:58', 'A'),
(44, 7, '2023-05-04 09:49:18', '2023-07-05 10:54:54', 'A'),
(45, 16, '2023-05-04 09:51:23', '2023-06-20 09:57:12', 'A'),
(46, 27, '2023-05-04 09:53:42', '2023-06-28 08:59:04', 'A'),
(47, 38, '2023-05-04 09:55:42', '2023-07-07 10:40:52', 'A'),
(48, 52, '2023-05-04 09:56:39', '2023-07-05 12:27:28', 'A'),
(49, 60, '2023-05-04 10:00:45', '2023-08-11 15:46:04', 'A'),
(50, 69, '2023-05-04 10:08:58', '2023-08-11 15:55:18', 'A'),
(51, 91, '2023-05-04 10:10:59', '2023-06-27 12:51:41', 'A'),
(52, 95, '2023-05-04 10:12:02', '2023-06-27 12:50:38', 'A'),
(53, 11, '2023-05-04 10:16:27', '2023-07-07 15:23:44', 'A'),
(54, 30, '2023-05-04 10:22:16', '2023-06-27 17:02:36', 'A'),
(55, 42, '2023-05-04 10:27:25', '2023-07-07 10:40:44', 'A'),
(56, 107, '2023-05-04 10:32:00', '2023-06-27 12:05:46', 'A'),
(57, 63, '2023-05-04 10:34:06', '2023-08-11 15:45:50', 'A'),
(58, 72, '2023-05-04 10:34:59', '2023-08-11 15:55:05', 'A'),
(59, 9, '2023-05-04 10:36:59', '2023-07-05 10:54:28', 'A'),
(60, 29, '2023-05-04 10:38:25', '2023-06-28 08:59:18', 'A'),
(61, 40, '2023-05-04 10:40:48', '2023-07-07 10:40:37', 'A'),
(62, 8, '2023-05-04 10:46:32', '2023-07-05 10:54:19', 'A'),
(63, 17, '2023-05-04 10:48:16', '2023-06-20 09:49:21', 'A'),
(64, 28, '2023-05-04 10:49:52', '2023-06-27 17:02:10', 'A'),
(65, 39, '2023-05-04 10:52:38', '2023-07-07 10:40:31', 'A'),
(66, 61, '2023-05-04 11:01:46', '2023-08-11 15:45:35', 'A'),
(67, 70, '2023-05-04 11:02:50', '2023-08-11 15:54:49', 'A'),
(68, 92, '2023-05-04 11:03:43', '2023-06-27 12:49:41', 'A'),
(69, 10, '2023-05-04 11:05:29', '2023-07-05 10:54:14', 'A'),
(70, 31, '2023-05-04 11:06:15', '2023-06-28 08:59:47', 'A'),
(71, 41, '2023-05-04 11:08:41', '2023-07-07 10:40:24', 'A'),
(72, 62, '2023-05-04 11:10:58', '2023-08-11 11:53:17', 'A'),
(73, 71, '2023-05-04 11:13:09', '2023-08-11 11:54:37', 'A'),
(74, 93, '2023-05-04 11:14:11', '2023-06-27 12:56:31', 'A'),
(75, 74, '2023-06-28 12:17:50', '2023-06-28 12:36:23', 'A'),
(76, 77, '2023-06-28 12:36:16', '2023-06-28 12:36:16', 'A'),
(77, 76, '2023-06-28 12:36:19', '2023-06-28 12:36:19', 'A'),
(78, 75, '2023-06-28 12:36:21', '2023-06-28 12:36:21', 'A'),
(79, 78, '2023-06-28 16:45:21', '2023-08-09 11:16:06', 'A'),
(80, 79, '2023-06-28 16:45:23', '2023-08-09 11:20:06', 'A'),
(81, 80, '2023-06-28 16:45:25', '2023-08-09 11:25:30', 'A'),
(82, 81, '2023-06-28 16:45:27', '2023-08-09 11:23:51', 'A'),
(83, 82, '2023-06-28 16:58:07', '2023-08-04 16:15:30', 'A'),
(84, 83, '2023-06-30 09:02:01', '2023-08-09 11:27:48', 'A'),
(85, 84, '2023-06-30 09:02:58', '2023-08-09 15:14:08', 'A'),
(86, 121, '2023-06-30 15:58:10', '2023-06-30 16:06:52', 'A'),
(87, 122, '2023-06-30 16:02:52', '2023-06-30 16:02:52', 'A'),
(88, 123, '2023-06-30 16:04:42', '2023-06-30 16:04:42', 'A'),
(89, 12, '2023-06-30 16:22:49', '2023-07-05 10:53:27', 'A'),
(90, 44, '2023-07-04 15:58:59', '2023-07-07 10:40:13', 'A'),
(91, 45, '2023-07-05 11:00:29', '2023-07-07 10:40:00', 'A'),
(92, 64, '2023-07-05 11:03:06', '2023-08-11 15:44:59', 'A'),
(93, 50, '2023-07-05 11:29:38', '2023-07-05 11:29:38', 'A'),
(94, 47, '2023-07-05 12:02:31', '2023-07-05 12:02:31', 'A'),
(95, 387, '2023-08-03 16:48:32', '2023-08-04 10:14:53', 'A'),
(96, 388, '2023-08-03 16:53:58', '2023-08-04 10:45:14', 'A'),
(97, 389, '2023-08-04 10:54:43', '2023-08-04 10:55:47', 'A'),
(98, 390, '2023-08-04 10:58:43', '2023-08-04 10:58:43', 'A'),
(99, 391, '2023-08-04 11:00:04', '2023-08-04 11:00:04', 'A'),
(100, 398, '2023-08-07 16:01:11', '2023-08-07 16:01:11', 'A'),
(101, 400, '2023-08-09 17:02:29', '2023-08-09 17:02:29', 'A'),
(102, 401, '2023-08-10 11:08:03', '2023-08-10 11:08:03', 'A'),
(103, 402, '2023-08-10 11:08:46', '2023-08-10 11:08:46', 'A'),
(104, 403, '2023-08-10 11:09:23', '2023-08-10 11:09:23', 'A'),
(105, 404, '2023-08-10 11:10:01', '2023-08-10 11:10:01', 'A'),
(106, 73, '2023-08-18 10:27:56', '2023-08-18 10:29:34', 'A');

-- --------------------------------------------------------

--
-- Estructura de tabla para la tabla `formula_producto_terminado_detalle`
--

CREATE TABLE `formula_producto_terminado_detalle` (
  `id` int(11) NOT NULL,
  `idForProdFin` int(11) NOT NULL,
  `idProd` int(11) NOT NULL,
  `idAlm` int(11) NOT NULL,
  `idAre` int(11) NOT NULL,
  `canForProDet` decimal(10,5) DEFAULT 0.00000,
  `fecCreForProTerDet` datetime DEFAULT current_timestamp(),
  `fecActForProTerDet` datetime DEFAULT current_timestamp(),
  `estReg` char(1) DEFAULT 'A'
) ENGINE=InnoDB DEFAULT CHARSET=utf8 COLLATE=utf8_general_ci;

--
-- Volcado de datos para la tabla `formula_producto_terminado_detalle`
--

INSERT INTO `formula_producto_terminado_detalle` (`id`, `idForProdFin`, `idProd`, `idAlm`, `idAre`, `canForProDet`, `fecCreForProTerDet`, `fecActForProTerDet`, `estReg`) VALUES
(17, 6, 273, 1, 6, 0.07142, '2023-04-21 16:34:47', '2023-07-05 10:53:06', 'A'),
(18, 6, 222, 1, 5, 0.05460, '2023-04-21 16:34:47', '2023-07-05 10:53:06', 'A'),
(19, 6, 237, 1, 6, 1.00000, '2023-04-21 16:34:47', '2023-07-05 10:53:06', 'A'),
(23, 8, 325, 1, 6, 1.00000, '2023-04-24 07:42:51', '2023-08-11 15:36:57', 'A'),
(24, 8, 273, 1, 6, 0.01000, '2023-04-24 07:57:30', '2023-08-11 15:36:57', 'A'),
(26, 9, 334, 1, 6, 1.00000, '2023-04-24 08:46:17', '2023-08-11 15:58:58', 'A'),
(28, 10, 342, 1, 6, 1.00000, '2023-04-24 08:53:39', '2023-06-27 12:55:21', 'A'),
(29, 10, 273, 1, 6, 0.04000, '2023-04-24 08:53:39', '2023-06-27 12:55:21', 'A'),
(32, 11, 315, 1, 6, 1.00000, '2023-04-24 09:55:02', '2023-07-07 10:41:28', 'A'),
(34, 11, 273, 1, 6, 0.00416, '2023-04-24 09:55:02', '2023-07-07 10:41:28', 'A'),
(36, 12, 273, 1, 6, 0.07142, '2023-04-24 15:49:53', '2023-07-05 10:53:00', 'A'),
(38, 13, 267, 1, 6, 1.00000, '2023-04-25 07:07:08', '2023-06-27 17:04:12', 'A'),
(39, 13, 285, 1, 6, 1.00000, '2023-04-25 07:07:08', '2023-06-27 17:04:12', 'A'),
(42, 14, 315, 1, 6, 1.00000, '2023-04-25 07:44:37', '2023-07-07 10:41:20', 'A'),
(43, 14, 302, 1, 6, 1.00000, '2023-04-25 07:44:37', '2023-07-07 10:41:20', 'A'),
(45, 14, 273, 1, 6, 0.00416, '2023-04-25 07:44:37', '2023-07-07 10:41:20', 'A'),
(46, 11, 301, 1, 6, 1.00000, '2023-04-25 07:46:25', '2023-07-07 10:41:28', 'A'),
(48, 15, 326, 1, 6, 1.00000, '2023-04-25 07:57:22', '2023-08-11 15:37:35', 'A'),
(49, 15, 273, 1, 6, 0.01000, '2023-04-25 07:57:22', '2023-08-11 15:37:35', 'A'),
(51, 16, 335, 1, 6, 1.00000, '2023-04-25 08:05:01', '2023-08-11 15:55:54', 'A'),
(52, 16, 273, 1, 6, 0.02000, '2023-04-25 08:05:01', '2023-08-11 15:55:54', 'A'),
(54, 17, 343, 1, 6, 25.00000, '2023-04-25 08:11:19', '2023-06-27 12:53:40', 'A'),
(55, 17, 273, 1, 6, 0.04000, '2023-04-25 08:11:19', '2023-06-27 12:53:40', 'A'),
(56, 18, 236, 1, 6, 1.00000, '2023-04-25 08:29:29', '2023-07-05 10:52:46', 'A'),
(57, 18, 273, 1, 6, 0.07142, '2023-04-25 08:29:29', '2023-07-05 10:52:46', 'A'),
(59, 19, 273, 1, 6, 0.02000, '2023-04-25 08:41:49', '2023-06-20 10:00:54', 'A'),
(60, 20, 273, 1, 6, 0.02800, '2023-04-25 09:00:21', '2023-06-20 10:00:45', 'A'),
(63, 21, 267, 1, 6, 1.00000, '2023-04-25 09:01:56', '2023-06-28 08:58:36', 'A'),
(64, 21, 283, 1, 6, 1.00000, '2023-04-25 09:01:56', '2023-06-28 08:58:36', 'A'),
(67, 22, 315, 1, 6, 1.00000, '2023-04-25 09:09:22', '2023-07-07 10:41:14', 'A'),
(68, 22, 300, 1, 6, 1.00000, '2023-04-25 09:09:22', '2023-07-07 10:41:14', 'A'),
(71, 23, 324, 1, 6, 1.00000, '2023-04-25 09:34:48', '2023-08-11 15:36:11', 'A'),
(72, 23, 273, 1, 6, 0.01000, '2023-04-25 09:34:48', '2023-08-11 15:36:11', 'A'),
(74, 24, 333, 1, 6, 1.00000, '2023-04-25 09:35:49', '2023-08-11 15:55:44', 'A'),
(75, 24, 273, 1, 6, 0.02000, '2023-04-25 09:35:49', '2023-08-11 15:55:44', 'A'),
(76, 25, 239, 1, 6, 1.00000, '2023-04-26 06:41:42', '2023-07-05 10:52:35', 'A'),
(77, 25, 273, 1, 6, 0.07142, '2023-04-26 06:41:42', '2023-07-05 10:52:35', 'A'),
(79, 26, 224, 1, 5, 0.46200, '2023-04-26 06:46:13', '2023-06-20 09:59:01', 'A'),
(81, 26, 273, 1, 6, 0.02000, '2023-04-26 06:46:13', '2023-06-20 09:59:01', 'A'),
(82, 25, 224, 1, 5, 0.05460, '2023-04-26 06:47:58', '2023-07-05 10:52:35', 'A'),
(83, 20, 221, 1, 5, 0.46200, '2023-04-26 06:53:00', '2023-06-20 10:00:45', 'A'),
(85, 19, 220, 1, 5, 0.46200, '2023-04-26 06:54:39', '2023-06-20 10:00:54', 'A'),
(86, 19, 221, 1, 5, 1.00000, '2023-04-26 06:54:39', '2023-06-20 10:00:54', 'A'),
(87, 18, 221, 1, 5, 0.05460, '2023-04-26 06:55:31', '2023-07-05 10:52:46', 'A'),
(89, 27, 273, 1, 6, 0.02800, '2023-04-26 07:05:57', '2023-06-20 09:58:54', 'A'),
(90, 27, 224, 1, 5, 1.00000, '2023-04-26 07:05:57', '2023-06-20 09:58:54', 'A'),
(92, 28, 267, 1, 6, 1.00000, '2023-04-26 07:10:06', '2023-06-27 16:57:13', 'A'),
(93, 28, 286, 1, 6, 1.00000, '2023-04-26 07:10:06', '2023-06-27 16:57:13', 'A'),
(96, 29, 315, 1, 6, 1.00000, '2023-04-26 07:34:15', '2023-08-04 12:15:57', 'A'),
(97, 29, 273, 1, 6, 0.00416, '2023-04-26 07:34:15', '2023-08-04 12:15:57', 'A'),
(103, 7, 284, 1, 6, 1.00000, '2023-05-04 06:58:41', '2023-06-28 08:58:16', 'A'),
(104, 11, 319, 1, 6, 1.00000, '2023-05-04 07:08:52', '2023-07-07 10:41:28', 'A'),
(105, 30, 273, 1, 6, 0.02000, '2023-05-04 07:16:16', '2023-06-20 09:58:43', 'A'),
(106, 12, 238, 1, 6, 1.00000, '2023-05-04 07:21:49', '2023-07-05 10:53:00', 'A'),
(107, 12, 223, 1, 5, 0.05460, '2023-05-04 07:21:49', '2023-07-05 10:53:00', 'A'),
(108, 14, 319, 1, 6, 1.00000, '2023-05-04 07:25:33', '2023-07-07 10:41:20', 'A'),
(109, 31, 273, 1, 6, 0.03333, '2023-05-04 07:27:20', '2023-07-05 12:09:58', 'A'),
(111, 32, 273, 1, 6, 0.03333, '2023-05-04 07:30:54', '2023-07-05 12:20:46', 'A'),
(113, 22, 319, 1, 6, 1.00000, '2023-05-04 07:52:01', '2023-07-07 10:41:14', 'A'),
(114, 33, 273, 1, 6, 1.00000, '2023-05-04 07:56:51', '2023-05-04 07:56:51', 'A'),
(115, 33, 267, 1, 6, 1.00000, '2023-05-04 07:56:51', '2023-05-04 07:56:51', 'A'),
(116, 29, 319, 1, 6, 1.00000, '2023-05-04 08:12:25', '2023-08-04 12:15:57', 'A'),
(117, 34, 273, 1, 6, 0.02000, '2023-05-04 09:07:00', '2023-08-09 10:41:11', 'A'),
(119, 34, 327, 1, 6, 1.00000, '2023-05-04 09:07:00', '2023-08-09 10:41:11', 'A'),
(121, 35, 336, 1, 6, 1.00000, '2023-05-04 09:08:00', '2023-06-27 12:45:46', 'A'),
(122, 36, 273, 1, 6, 1.00000, '2023-05-04 09:11:46', '2023-05-04 09:11:46', 'A'),
(123, 36, 267, 1, 6, 1.00000, '2023-05-04 09:11:46', '2023-05-04 09:11:46', 'A'),
(124, 37, 273, 1, 6, 0.07142, '2023-05-04 09:16:24', '2023-07-05 10:52:16', 'A'),
(125, 37, 240, 1, 6, 1.00000, '2023-05-04 09:16:24', '2023-07-05 10:52:16', 'A'),
(126, 37, 225, 1, 5, 0.05460, '2023-05-04 09:16:43', '2023-07-05 10:52:16', 'A'),
(127, 38, 273, 1, 6, 0.07142, '2023-05-04 09:18:25', '2023-06-26 16:36:03', 'A'),
(128, 38, 225, 1, 5, 0.46200, '2023-05-04 09:18:25', '2023-06-26 16:36:03', 'A'),
(129, 39, 267, 1, 6, 1.00000, '2023-05-04 09:20:50', '2023-06-28 08:59:27', 'A'),
(130, 39, 287, 1, 6, 1.00000, '2023-05-04 09:20:50', '2023-06-28 08:59:27', 'A'),
(133, 40, 319, 1, 6, 1.00000, '2023-05-04 09:24:00', '2023-07-07 10:41:04', 'A'),
(134, 40, 315, 1, 6, 1.00000, '2023-05-04 09:24:00', '2023-07-07 10:41:04', 'A'),
(135, 40, 304, 1, 6, 1.00000, '2023-05-04 09:24:00', '2023-07-07 10:41:04', 'A'),
(137, 40, 273, 1, 6, 0.00416, '2023-05-04 09:24:00', '2023-07-07 10:41:04', 'A'),
(141, 41, 273, 1, 6, 0.03333, '2023-05-04 09:33:32', '2023-07-05 12:25:02', 'A'),
(143, 42, 226, 1, 5, 0.05460, '2023-05-04 09:36:02', '2023-07-05 10:52:06', 'A'),
(144, 42, 241, 1, 6, 1.00000, '2023-05-04 09:36:02', '2023-07-05 10:52:06', 'A'),
(145, 42, 273, 1, 6, 0.07142, '2023-05-04 09:36:02', '2023-07-05 10:52:06', 'A'),
(148, 43, 319, 1, 6, 1.00000, '2023-05-04 09:37:50', '2023-07-07 10:40:58', 'A'),
(149, 43, 305, 1, 6, 1.00000, '2023-05-04 09:37:50', '2023-07-07 10:40:58', 'A'),
(151, 43, 273, 1, 6, 0.00416, '2023-05-04 09:37:50', '2023-07-07 10:40:58', 'A'),
(152, 44, 227, 1, 5, 0.05460, '2023-05-04 09:49:18', '2023-07-05 10:54:54', 'A'),
(153, 44, 242, 1, 6, 1.00000, '2023-05-04 09:49:18', '2023-07-05 10:54:54', 'A'),
(154, 44, 273, 1, 6, 0.07142, '2023-05-04 09:49:18', '2023-07-05 10:54:54', 'A'),
(155, 45, 273, 1, 6, 0.02000, '2023-05-04 09:51:23', '2023-06-20 09:57:12', 'A'),
(156, 45, 227, 1, 5, 0.46200, '2023-05-04 09:51:23', '2023-06-20 09:57:12', 'A'),
(158, 46, 288, 1, 6, 1.00000, '2023-05-04 09:53:42', '2023-06-28 08:59:04', 'A'),
(161, 47, 319, 1, 6, 1.00000, '2023-05-04 09:55:42', '2023-07-07 10:40:52', 'A'),
(162, 47, 315, 1, 6, 1.00000, '2023-05-04 09:55:42', '2023-07-07 10:40:52', 'A'),
(163, 47, 306, 1, 6, 1.00000, '2023-05-04 09:55:42', '2023-07-07 10:40:52', 'A'),
(165, 47, 273, 1, 6, 0.00416, '2023-05-04 09:55:42', '2023-07-07 10:40:52', 'A'),
(166, 48, 273, 1, 6, 0.03333, '2023-05-04 09:56:39', '2023-07-05 12:27:28', 'A'),
(169, 49, 273, 1, 6, 0.01000, '2023-05-04 10:00:45', '2023-08-11 15:46:04', 'A'),
(170, 49, 328, 1, 6, 1.00000, '2023-05-04 10:00:45', '2023-08-11 15:46:04', 'A'),
(180, 50, 273, 1, 6, 0.01785, '2023-05-04 10:08:58', '2023-08-11 15:55:18', 'A'),
(181, 50, 337, 1, 6, 1.00000, '2023-05-04 10:08:58', '2023-08-11 15:55:18', 'A'),
(183, 51, 273, 1, 6, 0.03333, '2023-05-04 10:10:59', '2023-06-27 12:51:41', 'A'),
(184, 51, 344, 1, 6, 1.00000, '2023-05-04 10:10:59', '2023-06-27 12:51:41', 'A'),
(186, 52, 273, 1, 6, 0.20000, '2023-05-04 10:12:02', '2023-06-27 12:50:38', 'A'),
(187, 52, 347, 1, 6, 1.00000, '2023-05-04 10:12:02', '2023-06-27 12:50:38', 'A'),
(188, 53, 273, 1, 6, 0.07143, '2023-05-04 10:16:27', '2023-07-07 15:23:44', 'A'),
(189, 53, 246, 1, 6, 1.00000, '2023-05-04 10:16:27', '2023-07-07 15:23:44', 'A'),
(190, 53, 231, 1, 5, 0.05460, '2023-05-04 10:16:27', '2023-07-07 15:23:44', 'A'),
(191, 54, 292, 1, 6, 1.00000, '2023-05-04 10:22:16', '2023-06-27 17:02:36', 'A'),
(192, 54, 267, 1, 6, 1.00000, '2023-05-04 10:22:16', '2023-06-27 17:02:36', 'A'),
(193, 46, 267, 1, 6, 1.00000, '2023-05-04 10:23:13', '2023-06-28 08:59:04', 'A'),
(194, 7, 267, 1, 6, 1.00000, '2023-05-04 10:24:42', '2023-06-28 08:58:16', 'A'),
(197, 55, 315, 1, 6, 1.00000, '2023-05-04 10:27:25', '2023-07-07 10:40:44', 'A'),
(198, 55, 319, 1, 6, 1.00000, '2023-05-04 10:27:25', '2023-07-07 10:40:44', 'A'),
(199, 55, 310, 1, 6, 1.00000, '2023-05-04 10:27:25', '2023-07-07 10:40:44', 'A'),
(201, 55, 273, 1, 6, 0.00416, '2023-05-04 10:27:25', '2023-07-07 10:40:44', 'A'),
(202, 56, 292, 1, 6, 1.00000, '2023-05-04 10:32:00', '2023-06-27 12:05:46', 'A'),
(205, 57, 331, 1, 6, 1.00000, '2023-05-04 10:34:06', '2023-08-11 15:45:50', 'A'),
(206, 57, 273, 1, 6, 0.03125, '2023-05-04 10:34:06', '2023-08-11 15:45:50', 'A'),
(208, 58, 273, 1, 6, 0.04761, '2023-05-04 10:34:59', '2023-08-11 15:55:05', 'A'),
(209, 58, 340, 1, 6, 1.00000, '2023-05-04 10:34:59', '2023-08-11 15:55:05', 'A'),
(210, 59, 244, 1, 6, 1.00000, '2023-05-04 10:36:59', '2023-07-05 10:54:28', 'A'),
(211, 59, 273, 1, 6, 0.07142, '2023-05-04 10:36:59', '2023-07-05 10:54:28', 'A'),
(212, 59, 229, 1, 5, 0.05460, '2023-05-04 10:36:59', '2023-07-05 10:54:28', 'A'),
(213, 60, 290, 1, 6, 1.00000, '2023-05-04 10:38:25', '2023-06-28 08:59:18', 'A'),
(214, 60, 267, 1, 6, 1.00000, '2023-05-04 10:38:25', '2023-06-28 08:59:18', 'A'),
(217, 61, 315, 1, 6, 1.00000, '2023-05-04 10:40:48', '2023-07-07 10:40:37', 'A'),
(218, 61, 319, 1, 6, 1.00000, '2023-05-04 10:40:48', '2023-07-07 10:40:37', 'A'),
(219, 61, 308, 1, 6, 1.00000, '2023-05-04 10:40:48', '2023-07-07 10:40:37', 'A'),
(221, 61, 273, 1, 6, 0.00416, '2023-05-04 10:40:48', '2023-07-07 10:40:37', 'A'),
(222, 62, 228, 1, 5, 0.05460, '2023-05-04 10:46:32', '2023-07-05 10:54:19', 'A'),
(223, 62, 243, 1, 6, 1.00000, '2023-05-04 10:46:32', '2023-07-05 10:54:19', 'A'),
(224, 62, 273, 1, 6, 0.07142, '2023-05-04 10:46:32', '2023-07-05 10:54:19', 'A'),
(225, 63, 228, 1, 5, 0.46200, '2023-05-04 10:48:16', '2023-06-20 09:49:21', 'A'),
(226, 63, 273, 1, 6, 0.02000, '2023-05-04 10:48:16', '2023-06-20 09:49:21', 'A'),
(227, 64, 289, 1, 6, 1.00000, '2023-05-04 10:49:52', '2023-06-27 17:02:10', 'A'),
(228, 64, 267, 1, 6, 1.00000, '2023-05-04 10:49:52', '2023-06-27 17:02:10', 'A'),
(231, 65, 315, 1, 6, 1.00000, '2023-05-04 10:52:38', '2023-07-07 10:40:31', 'A'),
(232, 65, 319, 1, 6, 1.00000, '2023-05-04 10:52:38', '2023-07-07 10:40:31', 'A'),
(233, 65, 307, 1, 6, 1.00000, '2023-05-04 10:52:38', '2023-07-07 10:40:31', 'A'),
(235, 65, 273, 1, 6, 0.00416, '2023-05-04 10:52:38', '2023-07-07 10:40:31', 'A'),
(237, 66, 273, 1, 6, 0.01000, '2023-05-04 11:01:46', '2023-08-11 15:45:35', 'A'),
(238, 66, 329, 1, 6, 1.00000, '2023-05-04 11:01:46', '2023-08-11 15:45:35', 'A'),
(239, 67, 273, 1, 6, 0.02000, '2023-05-04 11:02:50', '2023-08-11 15:54:49', 'A'),
(240, 67, 338, 1, 6, 1.00000, '2023-05-04 11:02:50', '2023-08-11 15:54:49', 'A'),
(242, 68, 273, 1, 6, 0.06667, '2023-05-04 11:03:43', '2023-06-27 12:49:41', 'A'),
(243, 68, 345, 1, 6, 1.00000, '2023-05-04 11:03:43', '2023-06-27 12:49:41', 'A'),
(245, 69, 230, 1, 5, 0.05460, '2023-05-04 11:05:29', '2023-07-05 10:54:14', 'A'),
(246, 69, 236, 1, 6, 1.00000, '2023-05-04 11:05:29', '2023-07-05 10:54:14', 'A'),
(247, 69, 273, 1, 6, 0.07142, '2023-05-04 11:05:29', '2023-07-05 10:54:14', 'A'),
(248, 70, 291, 1, 6, 1.00000, '2023-05-04 11:06:15', '2023-06-28 08:59:47', 'A'),
(249, 70, 267, 1, 6, 1.00000, '2023-05-04 11:06:15', '2023-06-28 08:59:47', 'A'),
(252, 71, 315, 1, 6, 1.00000, '2023-05-04 11:08:41', '2023-07-07 10:40:24', 'A'),
(253, 71, 319, 1, 6, 1.00000, '2023-05-04 11:08:41', '2023-07-07 10:40:24', 'A'),
(254, 71, 309, 1, 6, 1.00000, '2023-05-04 11:08:41', '2023-07-07 10:40:24', 'A'),
(256, 71, 273, 1, 6, 0.00416, '2023-05-04 11:08:41', '2023-07-07 10:40:24', 'A'),
(258, 72, 330, 1, 6, 1.00000, '2023-05-04 11:10:58', '2023-08-11 11:53:17', 'A'),
(259, 72, 273, 1, 6, 0.01000, '2023-05-04 11:10:58', '2023-08-11 11:53:17', 'A'),
(260, 73, 273, 1, 6, 0.02000, '2023-05-04 11:13:09', '2023-08-11 11:54:37', 'A'),
(261, 73, 339, 1, 6, 1.00000, '2023-05-04 11:13:09', '2023-08-11 11:54:37', 'A'),
(263, 74, 273, 1, 6, 0.04000, '2023-05-04 11:14:11', '2023-06-27 12:56:31', 'A'),
(264, 74, 346, 1, 6, 1.00000, '2023-05-04 11:14:11', '2023-06-27 12:56:31', 'A'),
(269, 28, 224, 1, 5, 0.00220, '2023-06-26 11:59:04', '2023-06-27 16:57:13', 'A'),
(270, 28, 270, 1, 6, 0.10000, '2023-06-26 11:59:04', '2023-06-27 16:57:13', 'A'),
(272, 62, 208, 1, 2, 0.33600, '2023-06-26 16:20:55', '2023-07-05 10:54:19', 'A'),
(273, 59, 209, 1, 2, 0.50400, '2023-06-26 16:23:54', '2023-07-05 10:54:28', 'A'),
(275, 44, 207, 1, 2, 0.67200, '2023-06-26 16:28:09', '2023-07-05 10:54:54', 'A'),
(276, 53, 211, 1, 2, 0.29400, '2023-06-26 16:28:58', '2023-07-07 15:23:44', 'A'),
(277, 69, 210, 1, 2, 0.58800, '2023-06-26 16:29:33', '2023-07-05 10:54:14', 'A'),
(278, 42, 206, 1, 2, 0.84000, '2023-06-26 16:31:46', '2023-07-05 10:52:06', 'A'),
(279, 38, 205, 1, 2, 0.84000, '2023-06-26 16:35:20', '2023-06-26 16:35:20', 'A'),
(280, 38, 205, 1, 2, 0.84000, '2023-06-26 16:36:03', '2023-06-26 16:36:03', 'A'),
(281, 38, 240, 1, 6, 1.00000, '2023-06-26 16:36:03', '2023-06-26 16:36:03', 'A'),
(284, 18, 201, 1, 2, 1.00800, '2023-06-26 16:42:02', '2023-07-05 10:52:46', 'A'),
(289, 6, 202, 1, 2, 0.50400, '2023-06-26 16:43:27', '2023-07-05 10:53:06', 'A'),
(291, 37, 205, 1, 2, 0.84000, '2023-06-26 16:45:07', '2023-07-05 10:52:16', 'A'),
(292, 25, 204, 1, 2, 0.92400, '2023-06-26 16:45:42', '2023-07-05 10:52:35', 'A'),
(294, 12, 203, 1, 2, 0.50400, '2023-06-26 16:47:20', '2023-07-05 10:53:00', 'A'),
(296, 71, 210, 1, 2, 0.05000, '2023-06-27 11:45:08', '2023-07-07 10:40:24', 'A'),
(297, 71, 275, 1, 6, 0.16666, '2023-06-27 11:48:52', '2023-07-07 10:40:24', 'A'),
(298, 71, 256, 1, 6, 1.00000, '2023-06-27 12:00:09', '2023-07-07 10:40:24', 'A'),
(299, 71, 258, 1, 6, 1.00000, '2023-06-27 12:00:09', '2023-07-07 10:40:24', 'A'),
(300, 65, 258, 1, 6, 1.00000, '2023-06-27 12:15:02', '2023-07-07 10:40:31', 'A'),
(301, 65, 256, 1, 6, 1.00000, '2023-06-27 12:15:02', '2023-07-07 10:40:31', 'A'),
(302, 65, 275, 1, 6, 0.16666, '2023-06-27 12:15:02', '2023-07-07 10:40:31', 'A'),
(303, 65, 208, 1, 2, 0.05000, '2023-06-27 12:15:02', '2023-07-07 10:40:31', 'A'),
(304, 61, 258, 1, 6, 1.00000, '2023-06-27 12:15:13', '2023-07-07 10:40:37', 'A'),
(305, 61, 256, 1, 6, 1.00000, '2023-06-27 12:15:13', '2023-07-07 10:40:37', 'A'),
(306, 61, 275, 1, 6, 0.16666, '2023-06-27 12:15:13', '2023-07-07 10:40:37', 'A'),
(307, 61, 209, 1, 2, 0.05000, '2023-06-27 12:15:13', '2023-07-07 10:40:37', 'A'),
(308, 55, 258, 1, 6, 1.00000, '2023-06-27 12:15:17', '2023-07-07 10:40:44', 'A'),
(309, 55, 256, 1, 6, 1.00000, '2023-06-27 12:15:17', '2023-07-07 10:40:44', 'A'),
(310, 55, 275, 1, 6, 0.16666, '2023-06-27 12:15:17', '2023-07-07 10:40:44', 'A'),
(311, 55, 211, 1, 2, 0.02500, '2023-06-27 12:15:17', '2023-07-07 10:40:44', 'A'),
(312, 47, 258, 1, 6, 1.00000, '2023-06-27 12:15:19', '2023-07-07 10:40:52', 'A'),
(313, 47, 256, 1, 6, 1.00000, '2023-06-27 12:15:19', '2023-07-07 10:40:52', 'A'),
(314, 47, 275, 1, 6, 0.16666, '2023-06-27 12:15:19', '2023-07-07 10:40:52', 'A'),
(315, 47, 207, 1, 2, 0.05000, '2023-06-27 12:15:19', '2023-07-07 10:40:52', 'A'),
(316, 43, 258, 1, 6, 1.00000, '2023-06-27 12:15:20', '2023-07-07 10:40:58', 'A'),
(317, 43, 315, 1, 6, 1.00000, '2023-06-27 12:15:20', '2023-07-07 10:40:58', 'A'),
(318, 43, 256, 1, 6, 1.00000, '2023-06-27 12:15:20', '2023-07-07 10:40:58', 'A'),
(319, 43, 275, 1, 6, 0.16666, '2023-06-27 12:15:20', '2023-07-07 10:40:58', 'A'),
(320, 43, 206, 1, 2, 0.07000, '2023-06-27 12:15:20', '2023-07-07 10:40:58', 'A'),
(321, 40, 258, 1, 6, 1.00000, '2023-06-27 12:15:22', '2023-07-07 10:41:04', 'A'),
(322, 40, 256, 1, 6, 1.00000, '2023-06-27 12:15:22', '2023-07-07 10:41:04', 'A'),
(323, 40, 275, 1, 6, 0.16666, '2023-06-27 12:15:22', '2023-07-07 10:41:04', 'A'),
(324, 40, 205, 1, 2, 0.07000, '2023-06-27 12:15:22', '2023-07-07 10:41:04', 'A'),
(325, 29, 258, 1, 6, 1.00000, '2023-06-27 12:15:24', '2023-08-04 12:15:57', 'A'),
(326, 29, 256, 1, 6, 1.00000, '2023-06-27 12:15:24', '2023-08-04 12:15:57', 'A'),
(327, 29, 275, 1, 6, 0.16666, '2023-06-27 12:15:24', '2023-08-04 12:15:57', 'A'),
(328, 29, 204, 1, 2, 0.07000, '2023-06-27 12:15:24', '2023-08-04 12:15:57', 'A'),
(329, 22, 273, 1, 6, 0.00416, '2023-06-27 12:15:26', '2023-07-07 10:41:14', 'A'),
(330, 22, 258, 1, 6, 1.00000, '2023-06-27 12:15:26', '2023-07-07 10:41:14', 'A'),
(331, 22, 256, 1, 6, 1.00000, '2023-06-27 12:15:26', '2023-07-07 10:41:14', 'A'),
(332, 22, 275, 1, 6, 0.16666, '2023-06-27 12:15:26', '2023-07-07 10:41:14', 'A'),
(333, 22, 201, 1, 2, 0.07000, '2023-06-27 12:15:26', '2023-07-07 10:41:14', 'A'),
(334, 14, 258, 1, 6, 1.00000, '2023-06-27 12:15:28', '2023-07-07 10:41:20', 'A'),
(335, 14, 256, 1, 6, 1.00000, '2023-06-27 12:15:28', '2023-07-07 10:41:20', 'A'),
(336, 14, 275, 1, 6, 0.16666, '2023-06-27 12:15:28', '2023-07-07 10:41:20', 'A'),
(337, 14, 203, 1, 2, 0.05000, '2023-06-27 12:15:28', '2023-07-07 10:41:20', 'A'),
(338, 11, 258, 1, 6, 1.00000, '2023-06-27 12:15:30', '2023-07-07 10:41:28', 'A'),
(339, 11, 256, 1, 6, 1.00000, '2023-06-27 12:15:30', '2023-07-07 10:41:28', 'A'),
(340, 11, 275, 1, 6, 0.16666, '2023-06-27 12:15:30', '2023-07-07 10:41:28', 'A'),
(341, 11, 202, 1, 2, 0.05000, '2023-06-27 12:15:30', '2023-07-07 10:41:28', 'A'),
(342, 72, 210, 1, 2, 0.25000, '2023-06-27 12:35:34', '2023-08-11 11:53:17', 'A'),
(343, 73, 210, 1, 2, 0.50000, '2023-06-27 12:35:36', '2023-08-11 11:54:37', 'A'),
(344, 74, 210, 1, 2, 1.00000, '2023-06-27 12:35:38', '2023-06-27 12:56:31', 'A'),
(350, 51, 207, 1, 2, 1.00000, '2023-06-27 12:43:32', '2023-06-27 12:51:41', 'A'),
(353, 49, 207, 1, 2, 0.25000, '2023-06-27 12:44:41', '2023-08-11 15:46:04', 'A'),
(354, 35, 204, 1, 2, 0.50000, '2023-06-27 12:45:46', '2023-06-27 12:45:46', 'A'),
(355, 35, 261, 1, 6, 1.00000, '2023-06-27 12:45:46', '2023-06-27 12:45:46', 'A'),
(356, 35, 273, 1, 6, 0.02000, '2023-06-27 12:45:46', '2023-06-27 12:45:46', 'A'),
(363, 10, 202, 1, 2, 1.00000, '2023-06-27 12:47:47', '2023-06-27 12:55:21', 'A'),
(364, 9, 202, 1, 2, 0.50000, '2023-06-27 12:48:18', '2023-08-11 15:58:58', 'A'),
(365, 9, 273, 1, 6, 0.02000, '2023-06-27 12:48:18', '2023-08-11 15:58:58', 'A'),
(369, 68, 208, 1, 2, 1.00000, '2023-06-27 12:49:41', '2023-06-27 12:49:41', 'A'),
(370, 68, 262, 1, 6, 1.00000, '2023-06-27 12:49:41', '2023-06-27 12:49:41', 'A'),
(371, 67, 208, 1, 2, 0.50000, '2023-06-27 12:49:50', '2023-08-11 15:54:49', 'A'),
(373, 66, 208, 1, 2, 0.25000, '2023-06-27 12:49:58', '2023-08-11 15:45:35', 'A'),
(375, 58, 211, 1, 2, 0.50000, '2023-06-27 12:50:07', '2023-08-11 15:55:05', 'A'),
(377, 57, 211, 1, 2, 0.25000, '2023-06-27 12:50:17', '2023-08-11 15:45:50', 'A'),
(379, 52, 207, 1, 2, 5.00000, '2023-06-27 12:50:31', '2023-06-27 12:50:38', 'A'),
(380, 52, 262, 1, 6, 1.00000, '2023-06-27 12:50:31', '2023-06-27 12:50:38', 'A'),
(381, 51, 262, 1, 6, 1.00000, '2023-06-27 12:51:41', '2023-06-27 12:51:41', 'A'),
(382, 50, 207, 1, 2, 0.50000, '2023-06-27 12:51:59', '2023-08-11 15:55:18', 'A'),
(385, 34, 204, 1, 2, 0.25000, '2023-06-27 12:52:41', '2023-08-09 10:41:11', 'A'),
(387, 24, 201, 1, 2, 0.50000, '2023-06-27 12:53:03', '2023-08-11 15:55:44', 'A'),
(389, 23, 201, 1, 2, 0.25000, '2023-06-27 12:53:18', '2023-08-11 15:36:11', 'A'),
(391, 17, 203, 1, 2, 1.00000, '2023-06-27 12:53:33', '2023-06-27 12:53:40', 'A'),
(392, 17, 262, 1, 6, 1.00000, '2023-06-27 12:53:33', '2023-06-27 12:53:40', 'A'),
(393, 16, 203, 1, 2, 0.50000, '2023-06-27 12:53:58', '2023-08-11 15:55:54', 'A'),
(395, 8, 202, 1, 2, 0.25000, '2023-06-27 12:54:45', '2023-08-11 15:36:57', 'A'),
(398, 10, 262, 1, 6, 1.00000, '2023-06-27 12:55:21', '2023-06-27 12:55:21', 'A'),
(399, 15, 203, 1, 2, 0.25000, '2023-06-27 12:55:29', '2023-08-11 15:37:35', 'A'),
(401, 74, 262, 1, 6, 1.00000, '2023-06-27 12:56:31', '2023-06-27 12:56:31', 'A'),
(404, 64, 270, 1, 6, 0.10000, '2023-06-27 16:55:35', '2023-06-27 17:02:10', 'A'),
(405, 64, 208, 1, 2, 0.01600, '2023-06-27 16:55:35', '2023-06-27 17:02:10', 'A'),
(408, 54, 270, 1, 6, 0.10000, '2023-06-27 16:55:58', '2023-06-27 17:02:36', 'A'),
(409, 54, 211, 1, 2, 0.01400, '2023-06-27 16:55:58', '2023-06-27 17:02:36', 'A'),
(414, 28, 204, 1, 2, 0.04400, '2023-06-27 16:57:13', '2023-06-27 16:57:13', 'A'),
(417, 7, 270, 1, 6, 0.10000, '2023-06-27 16:58:26', '2023-06-28 08:58:16', 'A'),
(419, 70, 270, 1, 6, 0.10000, '2023-06-27 17:01:00', '2023-06-28 08:59:47', 'A'),
(420, 70, 210, 1, 2, 0.02800, '2023-06-27 17:01:00', '2023-06-28 08:59:47', 'A'),
(421, 70, 230, 1, 5, 0.00220, '2023-06-27 17:01:00', '2023-06-28 08:59:47', 'A'),
(422, 64, 228, 1, 5, 0.00220, '2023-06-27 17:02:10', '2023-06-27 17:02:10', 'A'),
(423, 60, 270, 1, 6, 0.10000, '2023-06-27 17:02:26', '2023-06-28 08:59:18', 'A'),
(424, 60, 209, 1, 2, 0.02400, '2023-06-27 17:02:26', '2023-06-28 08:59:18', 'A'),
(425, 60, 229, 1, 5, 0.00220, '2023-06-27 17:02:26', '2023-06-28 08:59:18', 'A'),
(426, 54, 231, 1, 5, 0.00220, '2023-06-27 17:02:36', '2023-06-27 17:02:36', 'A'),
(427, 46, 270, 1, 6, 0.10000, '2023-06-27 17:02:50', '2023-06-28 08:59:04', 'A'),
(428, 46, 207, 1, 2, 0.03200, '2023-06-27 17:02:50', '2023-06-28 08:59:04', 'A'),
(429, 46, 227, 1, 5, 0.00220, '2023-06-27 17:02:50', '2023-06-28 08:59:04', 'A'),
(430, 39, 270, 1, 6, 0.10000, '2023-06-27 17:02:59', '2023-06-28 08:59:27', 'A'),
(431, 39, 205, 1, 2, 0.04000, '2023-06-27 17:02:59', '2023-06-28 08:59:27', 'A'),
(432, 39, 225, 1, 5, 0.00220, '2023-06-27 17:02:59', '2023-06-28 08:59:27', 'A'),
(433, 21, 270, 1, 6, 0.10000, '2023-06-27 17:03:58', '2023-06-28 08:58:36', 'A'),
(434, 21, 201, 1, 2, 0.04800, '2023-06-27 17:03:58', '2023-06-28 08:58:36', 'A'),
(435, 21, 221, 1, 5, 0.00220, '2023-06-27 17:03:58', '2023-06-28 08:58:36', 'A'),
(436, 13, 270, 1, 6, 0.10000, '2023-06-27 17:04:12', '2023-06-27 17:04:12', 'A'),
(437, 13, 203, 1, 2, 0.02400, '2023-06-27 17:04:12', '2023-06-27 17:04:12', 'A'),
(438, 13, 223, 1, 5, 0.00220, '2023-06-27 17:04:12', '2023-06-27 17:04:12', 'A'),
(439, 7, 270, 1, 6, 0.10000, '2023-06-27 17:04:27', '2023-06-28 08:58:16', 'A'),
(440, 7, 202, 1, 2, 0.02600, '2023-06-27 17:04:27', '2023-06-28 08:58:16', 'A'),
(441, 7, 222, 1, 5, 0.00220, '2023-06-27 17:04:27', '2023-06-28 08:58:16', 'A'),
(442, 75, 232, 1, 5, 0.02640, '2023-06-28 12:17:50', '2023-06-28 12:36:23', 'A'),
(443, 75, 248, 1, 6, 1.00000, '2023-06-28 12:17:50', '2023-06-28 12:36:23', 'A'),
(445, 75, 273, 1, 6, 0.07142, '2023-06-28 12:17:50', '2023-06-28 12:36:23', 'A'),
(446, 75, 197, 1, 7, 0.76800, '2023-06-28 12:31:20', '2023-06-28 12:36:23', 'A'),
(447, 76, 235, 1, 5, 0.02640, '2023-06-28 12:36:16', '2023-06-28 12:36:16', 'A'),
(448, 76, 200, 1, 7, 0.57600, '2023-06-28 12:36:16', '2023-06-28 12:36:16', 'A'),
(449, 76, 273, 1, 6, 0.07142, '2023-06-28 12:36:16', '2023-06-28 12:36:16', 'A'),
(450, 76, 251, 1, 6, 1.00000, '2023-06-28 12:36:16', '2023-06-28 12:36:16', 'A'),
(451, 77, 234, 1, 5, 0.02640, '2023-06-28 12:36:19', '2023-06-28 12:36:19', 'A'),
(452, 77, 199, 1, 7, 0.76808, '2023-06-28 12:36:19', '2023-06-28 12:36:19', 'A'),
(453, 77, 273, 1, 6, 0.07142, '2023-06-28 12:36:19', '2023-06-28 12:36:19', 'A'),
(454, 77, 250, 1, 6, 1.00000, '2023-06-28 12:36:19', '2023-06-28 12:36:19', 'A'),
(455, 78, 233, 1, 5, 0.02640, '2023-06-28 12:36:21', '2023-06-28 12:36:21', 'A'),
(456, 78, 198, 1, 7, 0.76800, '2023-06-28 12:36:21', '2023-06-28 12:36:21', 'A'),
(457, 78, 273, 1, 6, 0.07142, '2023-06-28 12:36:21', '2023-06-28 12:36:21', 'A'),
(458, 78, 249, 1, 6, 1.00000, '2023-06-28 12:36:21', '2023-06-28 12:36:21', 'A'),
(459, 79, 232, 1, 5, 0.00330, '2023-06-28 16:45:21', '2023-08-09 11:16:06', 'A'),
(460, 79, 197, 1, 7, 0.09600, '2023-06-28 16:45:21', '2023-08-09 11:16:06', 'A'),
(461, 79, 270, 1, 6, 0.16666, '2023-06-28 16:45:21', '2023-08-09 11:16:06', 'A'),
(462, 79, 268, 1, 6, 1.00000, '2023-06-28 16:45:21', '2023-08-09 11:16:06', 'A'),
(463, 80, 233, 1, 5, 0.00330, '2023-06-28 16:45:23', '2023-08-09 11:20:06', 'A'),
(464, 80, 198, 1, 7, 0.09600, '2023-06-28 16:45:23', '2023-08-09 11:20:06', 'A'),
(465, 80, 268, 1, 6, 1.00000, '2023-06-28 16:45:23', '2023-08-09 11:20:06', 'A'),
(466, 80, 270, 1, 6, 0.16666, '2023-06-28 16:45:23', '2023-08-09 11:20:06', 'A'),
(467, 81, 234, 1, 5, 0.00330, '2023-06-28 16:45:25', '2023-08-09 11:25:30', 'A'),
(468, 81, 199, 1, 7, 0.09600, '2023-06-28 16:45:25', '2023-08-09 11:25:30', 'A'),
(469, 81, 268, 1, 6, 1.00000, '2023-06-28 16:45:25', '2023-08-09 11:25:30', 'A'),
(470, 81, 270, 1, 6, 0.16666, '2023-06-28 16:45:25', '2023-08-09 11:25:30', 'A'),
(471, 82, 235, 1, 5, 0.00330, '2023-06-28 16:45:27', '2023-08-09 11:23:51', 'A'),
(472, 82, 200, 1, 7, 0.07200, '2023-06-28 16:45:27', '2023-08-09 11:23:51', 'A'),
(473, 82, 268, 1, 6, 1.00000, '2023-06-28 16:45:27', '2023-08-09 11:23:51', 'A'),
(474, 82, 270, 1, 6, 0.16666, '2023-06-28 16:45:27', '2023-08-09 11:23:51', 'A'),
(475, 83, 232, 1, 5, 0.00330, '2023-06-28 16:58:07', '2023-08-04 16:15:30', 'A'),
(476, 83, 197, 1, 7, 0.09600, '2023-06-28 16:58:07', '2023-08-04 16:15:30', 'A'),
(477, 83, 268, 1, 6, 1.00000, '2023-06-28 16:58:07', '2023-08-04 16:15:30', 'A'),
(478, 83, 269, 1, 6, 0.10000, '2023-06-28 16:58:07', '2023-08-04 16:15:30', 'A'),
(479, 83, 297, 1, 6, 0.10000, '2023-06-28 16:58:07', '2023-08-04 16:15:30', 'A'),
(480, 83, 293, 1, 6, 1.00000, '2023-06-28 16:58:07', '2023-08-04 16:15:30', 'A'),
(481, 83, 273, 1, 6, 0.00555, '2023-06-28 16:58:07', '2023-08-04 16:15:30', 'A'),
(482, 84, 233, 1, 5, 0.00330, '2023-06-30 09:02:01', '2023-08-09 11:27:48', 'A'),
(483, 84, 198, 1, 7, 0.09600, '2023-06-30 09:02:01', '2023-08-09 11:27:48', 'A'),
(484, 84, 268, 1, 6, 1.00000, '2023-06-30 09:02:01', '2023-08-09 11:27:48', 'A'),
(485, 84, 269, 1, 6, 0.10000, '2023-06-30 09:02:01', '2023-08-09 11:27:48', 'A'),
(486, 84, 298, 1, 6, 0.10000, '2023-06-30 09:02:01', '2023-08-09 11:27:48', 'A'),
(487, 84, 294, 1, 6, 1.00000, '2023-06-30 09:02:01', '2023-08-09 11:27:48', 'A'),
(488, 84, 273, 1, 6, 0.00555, '2023-06-30 09:02:01', '2023-08-09 11:27:48', 'A'),
(489, 85, 234, 1, 5, 0.00330, '2023-06-30 09:02:58', '2023-08-09 15:14:08', 'A'),
(490, 85, 199, 1, 7, 0.09600, '2023-06-30 09:02:58', '2023-08-09 15:14:08', 'A'),
(491, 85, 268, 1, 6, 1.00000, '2023-06-30 09:02:58', '2023-08-09 15:14:08', 'A'),
(492, 85, 269, 1, 6, 0.10000, '2023-06-30 09:02:58', '2023-08-09 15:14:08', 'A'),
(493, 85, 299, 1, 6, 0.10000, '2023-06-30 09:02:58', '2023-08-09 15:14:08', 'A'),
(494, 85, 295, 1, 6, 1.00000, '2023-06-30 09:02:58', '2023-08-09 15:14:08', 'A'),
(495, 85, 273, 1, 6, 0.00555, '2023-06-30 09:02:58', '2023-08-09 15:14:08', 'A'),
(496, 86, 273, 1, 6, 0.01428, '2023-06-30 15:58:10', '2023-06-30 16:06:52', 'A'),
(497, 86, 217, 1, 2, 0.22500, '2023-06-30 15:58:10', '2023-06-30 16:06:52', 'A'),
(498, 86, 257, 1, 6, 1.00000, '2023-06-30 15:58:10', '2023-06-30 16:06:52', 'A'),
(499, 86, 321, 1, 6, 1.00000, '2023-06-30 15:58:10', '2023-06-30 16:06:52', 'A'),
(500, 86, 349, 1, 6, 1.00000, '2023-06-30 15:58:10', '2023-06-30 16:06:52', 'A'),
(501, 86, 276, 1, 6, 0.20000, '2023-06-30 15:58:10', '2023-06-30 16:06:52', 'A'),
(502, 86, 259, 1, 6, 1.00000, '2023-06-30 15:58:10', '2023-06-30 16:06:52', 'A'),
(503, 87, 218, 1, 2, 0.21500, '2023-06-30 16:02:52', '2023-06-30 16:02:52', 'A'),
(504, 87, 273, 1, 6, 0.01428, '2023-06-30 16:02:52', '2023-06-30 16:02:52', 'A'),
(505, 87, 257, 1, 6, 1.00000, '2023-06-30 16:02:52', '2023-06-30 16:02:52', 'A'),
(506, 87, 321, 1, 6, 1.00000, '2023-06-30 16:02:52', '2023-06-30 16:02:52', 'A'),
(507, 87, 350, 1, 6, 1.00000, '2023-06-30 16:02:52', '2023-06-30 16:02:52', 'A'),
(508, 87, 276, 1, 6, 0.20000, '2023-06-30 16:02:52', '2023-06-30 16:02:52', 'A'),
(509, 87, 259, 1, 6, 1.00000, '2023-06-30 16:02:52', '2023-06-30 16:02:52', 'A'),
(510, 88, 273, 1, 6, 0.01428, '2023-06-30 16:04:42', '2023-06-30 16:04:42', 'A'),
(511, 88, 257, 1, 6, 1.00000, '2023-06-30 16:04:42', '2023-06-30 16:04:42', 'A'),
(512, 88, 321, 1, 6, 1.00000, '2023-06-30 16:04:42', '2023-06-30 16:04:42', 'A'),
(513, 88, 351, 1, 6, 1.00000, '2023-06-30 16:04:42', '2023-06-30 16:04:42', 'A'),
(514, 88, 276, 1, 6, 0.20000, '2023-06-30 16:04:42', '2023-06-30 16:04:42', 'A'),
(515, 88, 259, 1, 6, 1.00000, '2023-06-30 16:04:42', '2023-06-30 16:04:42', 'A'),
(516, 88, 219, 1, 2, 0.22000, '2023-06-30 16:04:42', '2023-06-30 16:04:42', 'A'),
(517, 89, 209, 1, 2, 0.13500, '2023-06-30 16:22:49', '2023-07-05 10:53:27', 'A'),
(518, 89, 229, 1, 5, 0.05460, '2023-06-30 16:22:49', '2023-07-05 10:53:27', 'A'),
(519, 89, 273, 1, 6, 0.05555, '2023-06-30 16:22:49', '2023-07-05 10:53:27', 'A'),
(520, 89, 247, 1, 6, 1.00000, '2023-06-30 16:22:49', '2023-07-05 10:53:27', 'A'),
(521, 90, 194, 1, 2, 0.05000, '2023-07-04 15:58:59', '2023-07-07 10:40:13', 'A'),
(522, 90, 315, 1, 6, 1.00000, '2023-07-04 15:58:59', '2023-07-07 10:40:13', 'A'),
(523, 90, 273, 1, 6, 0.00416, '2023-07-04 15:58:59', '2023-07-07 10:40:13', 'A'),
(524, 90, 312, 1, 6, 1.00000, '2023-07-04 15:58:59', '2023-07-07 10:40:13', 'A'),
(525, 90, 319, 1, 6, 1.00000, '2023-07-04 15:58:59', '2023-07-07 10:40:13', 'A'),
(526, 90, 258, 1, 6, 1.00000, '2023-07-04 15:58:59', '2023-07-07 10:40:13', 'A'),
(527, 90, 256, 1, 6, 1.00000, '2023-07-04 15:58:59', '2023-07-07 10:40:13', 'A'),
(528, 90, 275, 1, 6, 0.16666, '2023-07-04 15:58:59', '2023-07-07 10:40:13', 'A'),
(529, 91, 195, 1, 2, 0.05000, '2023-07-05 11:00:29', '2023-07-07 10:40:00', 'A'),
(530, 91, 315, 1, 6, 1.00000, '2023-07-05 11:00:29', '2023-07-07 10:40:00', 'A'),
(531, 91, 273, 1, 6, 0.00416, '2023-07-05 11:00:29', '2023-07-07 10:40:00', 'A'),
(532, 91, 313, 1, 6, 1.00000, '2023-07-05 11:00:29', '2023-07-07 10:40:00', 'A'),
(533, 91, 319, 1, 6, 1.00000, '2023-07-05 11:00:29', '2023-07-07 10:40:00', 'A'),
(534, 91, 258, 1, 6, 1.00000, '2023-07-05 11:00:29', '2023-07-07 10:40:00', 'A'),
(535, 91, 256, 1, 6, 1.00000, '2023-07-05 11:00:29', '2023-07-07 10:40:00', 'A'),
(536, 91, 275, 1, 6, 0.16666, '2023-07-05 11:00:29', '2023-07-07 10:40:00', 'A'),
(537, 92, 195, 1, 2, 0.25000, '2023-07-05 11:03:06', '2023-08-11 15:44:59', 'A'),
(538, 92, 332, 1, 6, 1.00000, '2023-07-05 11:03:06', '2023-08-11 15:44:59', 'A'),
(539, 92, 273, 1, 6, 1.00000, '2023-07-05 11:03:06', '2023-08-11 15:44:59', 'A'),
(541, 93, 204, 1, 2, 0.92400, '2023-07-05 11:29:38', '2023-07-05 11:29:38', 'A'),
(542, 93, 224, 1, 5, 0.05460, '2023-07-05 11:29:38', '2023-07-05 11:29:38', 'A'),
(543, 93, 276, 1, 6, 1.00000, '2023-07-05 11:29:38', '2023-07-05 11:29:38', 'A'),
(544, 93, 273, 1, 6, 0.03333, '2023-07-05 11:29:38', '2023-07-05 11:29:38', 'A'),
(545, 94, 201, 1, 2, 1.00800, '2023-07-05 12:02:31', '2023-07-05 12:02:31', 'A'),
(546, 94, 221, 1, 5, 0.05460, '2023-07-05 12:02:31', '2023-07-05 12:02:31', 'A'),
(547, 94, 276, 1, 6, 1.00000, '2023-07-05 12:02:31', '2023-07-05 12:02:31', 'A'),
(548, 94, 273, 1, 6, 0.03333, '2023-07-05 12:02:31', '2023-07-05 12:02:31', 'A'),
(549, 31, 202, 1, 2, 0.54600, '2023-07-05 12:09:58', '2023-07-05 12:09:58', 'A'),
(550, 31, 222, 1, 5, 0.05460, '2023-07-05 12:09:58', '2023-07-05 12:09:58', 'A'),
(551, 31, 276, 1, 6, 1.00000, '2023-07-05 12:09:58', '2023-07-05 12:09:58', 'A'),
(552, 32, 203, 1, 2, 0.50400, '2023-07-05 12:20:46', '2023-07-05 12:20:46', 'A'),
(553, 32, 223, 1, 5, 0.05460, '2023-07-05 12:20:46', '2023-07-05 12:20:46', 'A'),
(554, 32, 276, 1, 6, 1.00000, '2023-07-05 12:20:46', '2023-07-05 12:20:46', 'A'),
(555, 41, 205, 1, 2, 0.84000, '2023-07-05 12:25:02', '2023-07-05 12:25:02', 'A'),
(556, 41, 225, 1, 5, 0.05460, '2023-07-05 12:25:02', '2023-07-05 12:25:02', 'A'),
(557, 41, 276, 1, 6, 1.00000, '2023-07-05 12:25:02', '2023-07-05 12:25:02', 'A'),
(558, 48, 164, 1, 2, 0.67200, '2023-07-05 12:27:28', '2023-07-05 12:27:28', 'A'),
(559, 48, 227, 1, 5, 0.05460, '2023-07-05 12:27:28', '2023-07-05 12:27:28', 'A'),
(560, 48, 276, 1, 6, 1.00000, '2023-07-05 12:27:28', '2023-07-05 12:27:28', 'A'),
(561, 95, 202, 1, 2, 0.23000, '2023-08-03 16:48:32', '2023-08-04 10:14:53', 'A'),
(562, 95, 257, 1, 6, 1.00000, '2023-08-03 16:48:32', '2023-08-04 10:14:53', 'A'),
(563, 95, 321, 1, 6, 1.00000, '2023-08-03 16:48:32', '2023-08-04 10:14:53', 'A'),
(565, 95, 277, 1, 6, 0.11111, '2023-08-03 16:48:32', '2023-08-04 10:14:53', 'A'),
(566, 95, 259, 1, 6, 1.00000, '2023-08-03 16:48:32', '2023-08-04 10:14:53', 'A'),
(567, 95, 273, 1, 6, 0.02777, '2023-08-03 16:48:32', '2023-08-04 10:14:53', 'A'),
(568, 96, 203, 1, 2, 0.23000, '2023-08-03 16:53:58', '2023-08-04 10:45:14', 'A'),
(569, 96, 257, 1, 6, 1.00000, '2023-08-03 16:53:58', '2023-08-04 10:45:14', 'A'),
(570, 96, 321, 1, 6, 1.00000, '2023-08-03 16:53:58', '2023-08-04 10:45:14', 'A'),
(572, 96, 277, 1, 6, 0.11111, '2023-08-03 16:53:58', '2023-08-04 10:45:14', 'A'),
(573, 96, 259, 1, 6, 1.00000, '2023-08-03 16:53:58', '2023-08-04 10:45:14', 'A'),
(574, 96, 273, 1, 6, 0.02777, '2023-08-03 16:53:58', '2023-08-04 10:45:14', 'A'),
(575, 95, 396, 1, 6, 1.00000, '2023-08-04 10:14:53', '2023-08-04 10:14:53', 'A'),
(576, 96, 395, 1, 6, 1.00000, '2023-08-04 10:45:14', '2023-08-04 10:45:14', 'A'),
(577, 97, 207, 1, 2, 0.28000, '2023-08-04 10:54:43', '2023-08-04 10:55:47', 'A'),
(578, 97, 257, 1, 6, 1.00000, '2023-08-04 10:54:43', '2023-08-04 10:55:47', 'A'),
(579, 97, 321, 1, 6, 1.00000, '2023-08-04 10:54:43', '2023-08-04 10:55:47', 'A'),
(580, 97, 259, 1, 6, 1.00000, '2023-08-04 10:54:43', '2023-08-04 10:55:47', 'A'),
(581, 97, 394, 1, 6, 1.00000, '2023-08-04 10:54:43', '2023-08-04 10:55:47', 'A'),
(582, 97, 277, 1, 6, 0.11111, '2023-08-04 10:55:47', '2023-08-04 10:55:47', 'A'),
(583, 97, 273, 1, 6, 0.02777, '2023-08-04 10:55:47', '2023-08-04 10:55:47', 'A'),
(584, 98, 211, 1, 2, 0.08000, '2023-08-04 10:58:43', '2023-08-04 10:58:43', 'A'),
(585, 98, 257, 1, 6, 1.00000, '2023-08-04 10:58:43', '2023-08-04 10:58:43', 'A'),
(586, 98, 321, 1, 6, 1.00000, '2023-08-04 10:58:43', '2023-08-04 10:58:43', 'A'),
(587, 98, 277, 1, 6, 0.11111, '2023-08-04 10:58:43', '2023-08-04 10:58:43', 'A'),
(588, 98, 259, 1, 6, 1.00000, '2023-08-04 10:58:43', '2023-08-04 10:58:43', 'A'),
(589, 98, 393, 1, 6, 1.00000, '2023-08-04 10:58:43', '2023-08-04 10:58:43', 'A'),
(590, 98, 273, 1, 6, 0.02777, '2023-08-04 10:58:43', '2023-08-04 10:58:43', 'A'),
(591, 99, 211, 1, 2, 0.25000, '2023-08-04 11:00:04', '2023-08-04 11:00:04', 'A'),
(592, 99, 257, 1, 6, 1.00000, '2023-08-04 11:00:04', '2023-08-04 11:00:04', 'A'),
(593, 99, 321, 1, 6, 1.00000, '2023-08-04 11:00:04', '2023-08-04 11:00:04', 'A'),
(594, 99, 259, 1, 6, 1.00000, '2023-08-04 11:00:04', '2023-08-04 11:00:04', 'A'),
(595, 99, 392, 1, 6, 1.00000, '2023-08-04 11:00:04', '2023-08-04 11:00:04', 'A'),
(596, 99, 277, 1, 6, 0.11111, '2023-08-04 11:00:04', '2023-08-04 11:00:04', 'A'),
(597, 99, 273, 1, 6, 0.02777, '2023-08-04 11:00:04', '2023-08-04 11:00:04', 'A'),
(599, 100, 204, 1, 2, 1.00000, '2023-08-07 16:01:11', '2023-08-07 16:01:11', 'A'),
(600, 100, 262, 1, 6, 1.00000, '2023-08-07 16:01:11', '2023-08-07 16:01:11', 'A'),
(601, 34, 260, 1, 6, 1.00000, '2023-08-09 10:41:11', '2023-08-09 10:41:11', 'A'),
(602, 101, 210, 1, 2, 1.00000, '2023-08-09 17:02:29', '2023-08-09 17:02:29', 'A'),
(603, 101, 262, 1, 6, 1.00000, '2023-08-09 17:02:29', '2023-08-09 17:02:29', 'A'),
(604, 102, 203, 1, 2, 1.00000, '2023-08-10 11:08:03', '2023-08-10 11:08:03', 'A'),
(605, 102, 262, 1, 6, 1.00000, '2023-08-10 11:08:03', '2023-08-10 11:08:03', 'A'),
(606, 103, 202, 1, 2, 1.00000, '2023-08-10 11:08:46', '2023-08-10 11:08:46', 'A'),
(607, 103, 262, 1, 6, 1.00000, '2023-08-10 11:08:46', '2023-08-10 11:08:46', 'A'),
(608, 104, 207, 1, 2, 1.00000, '2023-08-10 11:09:23', '2023-08-10 11:09:23', 'A'),
(609, 104, 262, 1, 6, 1.00000, '2023-08-10 11:09:23', '2023-08-10 11:09:23', 'A'),
(610, 105, 211, 1, 2, 1.00000, '2023-08-10 11:10:01', '2023-08-10 11:10:01', 'A'),
(611, 105, 262, 1, 6, 1.00000, '2023-08-10 11:10:01', '2023-08-10 11:10:01', 'A'),
(612, 72, 260, 1, 6, 1.00000, '2023-08-11 11:53:17', '2023-08-11 11:53:17', 'A'),
(613, 73, 261, 1, 6, 1.00000, '2023-08-11 11:54:37', '2023-08-11 11:54:37', 'A'),
(614, 23, 260, 1, 6, 1.00000, '2023-08-11 15:36:11', '2023-08-11 15:36:11', 'A'),
(615, 8, 260, 1, 6, 1.00000, '2023-08-11 15:36:57', '2023-08-11 15:36:57', 'A'),
(616, 15, 260, 1, 6, 1.00000, '2023-08-11 15:37:35', '2023-08-11 15:37:35', 'A'),
(617, 92, 260, 1, 6, 1.00000, '2023-08-11 15:44:59', '2023-08-11 15:44:59', 'A'),
(618, 66, 260, 1, 6, 1.00000, '2023-08-11 15:45:35', '2023-08-11 15:45:35', 'A'),
(619, 57, 260, 1, 6, 1.00000, '2023-08-11 15:45:50', '2023-08-11 15:45:50', 'A'),
(620, 49, 260, 1, 6, 1.00000, '2023-08-11 15:46:04', '2023-08-11 15:46:04', 'A'),
(621, 67, 261, 1, 6, 1.00000, '2023-08-11 15:54:49', '2023-08-11 15:54:49', 'A'),
(622, 58, 261, 1, 6, 1.00000, '2023-08-11 15:55:05', '2023-08-11 15:55:05', 'A'),
(623, 50, 261, 1, 6, 1.00000, '2023-08-11 15:55:18', '2023-08-11 15:55:18', 'A'),
(624, 24, 261, 1, 6, 1.00000, '2023-08-11 15:55:44', '2023-08-11 15:55:44', 'A'),
(625, 16, 261, 1, 6, 1.00000, '2023-08-11 15:55:54', '2023-08-11 15:55:54', 'A'),
(626, 9, 261, 1, 6, 1.00000, '2023-08-11 15:58:58', '2023-08-11 15:58:58', 'A'),
(628, 106, 261, 1, 6, 1.00000, '2023-08-18 10:27:56', '2023-08-18 10:29:34', 'A'),
(629, 106, 341, 1, 6, 1.00000, '2023-08-18 10:27:56', '2023-08-18 10:29:34', 'A'),
(630, 106, 213, 1, 2, 0.50000, '2023-08-18 10:29:34', '2023-08-18 10:29:34', 'A');

-- --------------------------------------------------------

--
-- Estructura de tabla para la tabla `formula_tipo`
--

CREATE TABLE `formula_tipo` (
  `id` int(11) NOT NULL,
  `desForTip` char(30) DEFAULT NULL,
  `estReg` char(1) DEFAULT 'A'
) ENGINE=InnoDB DEFAULT CHARSET=utf8 COLLATE=utf8_general_ci;

--
-- Volcado de datos para la tabla `formula_tipo`
--

INSERT INTO `formula_tipo` (`id`, `desForTip`, `estReg`) VALUES
(1, 'Frescos', 'A'),
(2, 'Polvos', 'A'),
(3, 'Sales parrilleras', 'A'),
(4, 'Solo envasado', 'A');

-- --------------------------------------------------------

--
-- Estructura de tabla para la tabla `medida`
--

CREATE TABLE `medida` (
  `id` int(11) NOT NULL,
  `simMed` char(5) DEFAULT NULL,
  `desMed` char(20) DEFAULT NULL,
  `estReg` char(1) DEFAULT 'A'
) ENGINE=InnoDB DEFAULT CHARSET=utf8 COLLATE=utf8_general_ci;

--
-- Volcado de datos para la tabla `medida`
--

INSERT INTO `medida` (`id`, `simMed`, `desMed`, `estReg`) VALUES
(1, 'KGM', 'Kilogramos', 'A'),
(2, 'LTS', 'Litros', 'A'),
(3, 'DS', 'Display', 'A'),
(4, 'PQT', 'Paquete', 'A'),
(5, 'FCO', 'Frasco', 'A'),
(6, 'BLS', 'Bolsa', 'A'),
(7, 'UND', 'Unidad', 'A'),
(8, 'SBS', 'Sobre', 'A'),
(9, 'CJ', 'Caja', 'A');

-- --------------------------------------------------------

--
-- Estructura de tabla para la tabla `produccion`
--

CREATE TABLE `produccion` (
  `id` int(11) NOT NULL,
  `idProdt` int(11) NOT NULL,
  `idProdEst` int(11) NOT NULL,
  `idProdTip` int(11) NOT NULL,
  `idProdFinProgEst` int(11) NOT NULL,
  `idProdIniProgEst` int(11) NOT NULL,
  `esEnv` tinyint(1) DEFAULT 0,
  `codProd` char(15) DEFAULT NULL,
  `codLotProd` char(6) NOT NULL,
  `klgLotProd` decimal(10,3) DEFAULT NULL,
  `canLotProd` decimal(11,1) DEFAULT NULL,
  `obsProd` char(255) DEFAULT NULL,
  `fecProdIni` datetime DEFAULT current_timestamp(),
  `fecProdIniProg` datetime DEFAULT NULL,
  `fecProdFin` datetime DEFAULT NULL,
  `fecProdFinProg` datetime DEFAULT NULL,
  `fecFinMolProd` datetime DEFAULT NULL,
  `fecFinEnvProd` datetime DEFAULT NULL,
  `fecFinEncProd` datetime DEFAULT NULL,
  `fecVenLotProd` datetime DEFAULT NULL,
  `fecCreProd` datetime DEFAULT current_timestamp(),
  `fecActProd` datetime DEFAULT current_timestamp(),
  `estReg` char(1) DEFAULT 'A',
  `numop` varchar(255) DEFAULT NULL
) ENGINE=InnoDB DEFAULT CHARSET=utf8 COLLATE=utf8_general_ci;

--
-- Volcado de datos para la tabla `produccion`
--

INSERT INTO `produccion` (`id`, `idProdt`, `idProdEst`, `idProdTip`, `idProdFinProgEst`, `idProdIniProgEst`, `esEnv`, `codProd`, `codLotProd`, `klgLotProd`, `canLotProd`, `obsProd`, `fecProdIni`, `fecProdIniProg`, `fecProdFin`, `fecProdFinProg`, `fecFinMolProd`, `fecFinEnvProd`, `fecFinEncProd`, `fecVenLotProd`, `fecCreProd`, `fecActProd`, `estReg`, `numop`) VALUES
(20, 217, 1, 3, 2, 2, 0, 'PLSPA00000001', '422', 1.000, 112.0, '', '2023-08-07 11:56:47', '2023-08-10 11:55:19', NULL, '2023-08-11 11:55:19', NULL, NULL, NULL, '2027-08-11 00:00:00', '2023-08-07 11:56:47', '2023-08-07 11:56:47', 'A', 'OP20230819'),
(21, 219, 1, 3, 2, 2, 0, 'PLSPA00000001', '423', 1.000, 110.0, '', '2023-08-07 11:59:49', '2023-08-10 11:57:56', NULL, '2023-08-11 11:57:56', NULL, NULL, NULL, '2027-08-11 00:00:00', '2023-08-07 11:59:49', '2023-08-07 11:59:49', 'A', 'OP20230820'),
(22, 207, 1, 1, 3, 3, 0, 'PLPVL00000001', '61', 1.000, 4265.0, '', '2023-08-07 12:55:44', '2023-08-01 12:27:16', NULL, '2023-08-04 12:27:16', NULL, NULL, NULL, '2027-07-07 00:00:00', '2023-08-07 12:55:44', '2023-08-07 12:55:44', 'A', 'OP20230821'),
(23, 204, 1, 1, 3, 3, 0, 'PLPVL00000001', '63', 1.000, 4778.0, 'Peso total de envase dice 319  kg debe decir 319.7 kg', '2023-08-09 08:56:27', '2023-08-01 07:48:16', NULL, '2023-08-07 07:48:16', NULL, NULL, NULL, '2027-07-11 00:00:00', '2023-08-09 08:56:27', '2023-08-09 08:56:27', 'A', 'OP20230822'),
(24, 197, 1, 2, 3, 3, 0, 'PLFSC00000001', '525', 1.000, 2988.0, 'envoltura dice 148 debe decir 148.41', '2023-08-09 12:39:19', '2023-08-04 11:17:09', NULL, '2023-08-09 11:17:09', NULL, NULL, NULL, '2024-08-04 00:00:00', '2023-08-09 12:39:19', '2023-08-09 12:39:19', 'A', 'OP20230823'),
(25, 198, 1, 2, 1, 1, 0, 'PLFSC00000001', '535', 1.000, 2551.0, '', '2023-08-09 13:11:09', '2023-08-09 12:39:27', NULL, '2023-08-14 12:39:27', NULL, NULL, NULL, '2024-08-09 00:00:00', '2023-08-09 13:11:09', '2023-08-09 13:11:09', 'A', 'OP20230824'),
(26, 199, 1, 2, 1, 1, 0, 'PLFSC00000001', '537', 1.000, 1910.0, '', '2023-08-09 15:31:03', '2023-08-09 13:16:16', NULL, '2023-08-11 13:16:16', NULL, NULL, NULL, '2024-08-11 00:00:00', '2023-08-09 15:31:03', '2023-08-09 15:31:03', 'A', 'OP20230825'),
(27, 210, 1, 1, 3, 3, 0, 'PLPVL00000001', '57', 1.000, 982.0, '', '2023-08-11 12:07:54', '2023-08-10 11:55:49', NULL, '2023-08-11 11:55:49', NULL, NULL, NULL, '2027-07-24 00:00:00', '2023-08-11 12:07:54', '2023-08-11 12:07:54', 'A', 'OP20230826'),
(28, 205, 1, 1, 3, 3, 0, 'PLPVL00000001', '67', 1.000, 4932.0, '', '2023-08-12 14:15:22', '2023-08-09 12:52:42', NULL, '2023-08-11 12:52:42', NULL, NULL, NULL, '2027-07-26 00:00:00', '2023-08-12 14:15:22', '2023-08-12 14:15:22', 'A', 'OP20230827'),
(29, 209, 1, 1, 3, 3, 0, 'PLPVL00000001', '66', 1.000, 773.0, 'envoltura dice  71 kg debe ser 71.7 kg  , agregar la opsion  de  consignar  decimales', '2023-08-12 14:28:12', '2023-08-10 14:15:28', NULL, '2023-08-11 14:15:28', NULL, NULL, NULL, '2027-07-26 00:00:00', '2023-08-12 14:28:12', '2023-08-12 14:28:12', 'A', 'OP20230828'),
(30, 201, 1, 1, 3, 3, 0, 'PLPVL00000001', '71', 1.000, 7838.0, 'La cantidad asignada para envoltura  dice   554 debe ser 554.76 , el sistema no acepta decimales', '2023-08-17 16:49:42', '2023-08-10 16:32:24', NULL, '2023-08-22 16:32:24', NULL, NULL, NULL, '2027-08-04 00:00:00', '2023-08-17 16:49:42', '2023-08-17 16:49:42', 'A', 'OP20230829'),
(31, 211, 1, 1, 3, 3, 0, 'PLPVL00000001', '80', 1.000, 565.0, '', '2023-08-18 07:30:59', '2023-08-12 07:18:15', NULL, '2023-08-12 07:18:15', NULL, NULL, NULL, '2027-08-10 00:00:00', '2023-08-18 07:30:59', '2023-08-18 07:30:59', 'A', 'OP20230830'),
(36, 213, 1, 4, 3, 3, 0, 'PLSEV00000001', '83', 1.000, 7.0, '', '2023-08-18 10:47:04', '2023-08-12 10:29:44', NULL, '2023-08-12 10:29:44', NULL, NULL, NULL, '2027-08-12 00:00:00', '2023-08-18 10:47:04', '2023-08-18 10:47:04', 'A', 'OP20230835'),
(37, 215, 1, 4, 1, 1, 0, 'PLSEV00000001', '84', 1.000, 14.0, '', '2023-08-18 10:52:53', '2023-08-18 10:51:14', NULL, '2023-08-18 10:51:14', NULL, NULL, NULL, '2027-08-18 00:00:00', '2023-08-18 10:52:53', '2023-08-18 10:52:53', 'A', 'OP20230836'),
(38, 202, 1, 1, 3, 3, 0, 'PLPVL00000001', '79', 1.000, 7562.0, '', '2023-08-18 11:17:25', '2023-08-16 10:58:36', NULL, '2023-08-24 10:58:36', NULL, NULL, NULL, '2027-08-16 00:00:00', '2023-08-18 11:17:25', '2023-08-18 11:17:25', 'A', 'OP20230837'),
(39, 213, 1, 1, 1, 1, 0, 'PLPVL00000001', '83', 1.000, 7.5, 'orden de prueba', '2023-08-21 09:09:31', '2023-08-21 08:51:43', NULL, '2023-08-22 08:51:43', NULL, NULL, NULL, '2023-08-22 00:00:00', '2023-08-21 09:09:31', '2023-08-21 09:09:31', 'A', 'OP20230838'),
(40, 213, 1, 1, 1, 1, 0, 'PLPVL00000001', '83', 1.000, 7.5, 'orden de prueba', '2023-08-21 09:09:44', '2023-08-21 08:51:43', NULL, '2023-08-22 08:51:43', NULL, NULL, NULL, '2023-08-22 00:00:00', '2023-08-21 09:09:44', '2023-08-21 09:09:44', 'A', 'OP20230839'),
(41, 209, 1, 1, 1, 1, 0, 'PLPVL00000001', '60', 1.000, 1.0, '', '2023-08-21 10:33:52', '2023-08-21 10:26:35', NULL, '2023-08-22 10:26:35', NULL, NULL, NULL, '2023-08-22 00:00:00', '2023-08-21 10:33:52', '2023-08-21 10:33:52', 'A', 'OP20230840'),
(42, 209, 1, 1, 1, 1, 0, 'PLPVL00000001', '60', 1.000, 100.0, '', '2023-08-21 12:07:01', '2023-08-21 10:34:41', NULL, '2023-08-22 10:34:41', NULL, NULL, NULL, '2023-08-24 00:00:00', '2023-08-21 12:07:01', '2023-08-21 12:07:01', 'A', 'OP20230841'),
(43, 209, 1, 1, 1, 1, 0, 'PLPVL00000001', '60', 1.000, 100.0, '', '2023-08-21 12:36:10', '2023-08-21 10:34:41', NULL, '2023-08-22 10:34:41', NULL, NULL, NULL, '2023-08-24 00:00:00', '2023-08-21 12:36:10', '2023-08-21 12:36:10', 'A', 'OP20230842'),
(44, 209, 1, 1, 1, 1, 0, 'PLPVL00000001', '60', 1.000, 100.0, '', '2023-08-21 12:36:46', '2023-08-21 10:34:41', NULL, '2023-08-22 10:34:41', NULL, NULL, NULL, '2023-08-24 00:00:00', '2023-08-21 12:36:46', '2023-08-21 12:36:46', 'A', 'OP20230843'),
(45, 209, 1, 1, 1, 1, 0, 'PLPVL00000001', '60', 1.000, 100.0, '', '2023-08-21 12:37:25', '2023-08-21 10:34:41', NULL, '2023-08-22 10:34:41', NULL, NULL, NULL, '2023-08-24 00:00:00', '2023-08-21 12:37:25', '2023-08-21 12:37:25', 'A', 'OP20230844'),
(46, 209, 1, 1, 1, 1, 0, 'PLPVL00000001', '60', 1.000, 100.0, '', '2023-08-21 12:38:38', '2023-08-21 10:34:41', NULL, '2023-08-22 10:34:41', NULL, NULL, NULL, '2023-08-24 00:00:00', '2023-08-21 12:38:38', '2023-08-21 12:38:38', 'A', 'OP20230845'),
(47, 209, 1, 1, 1, 1, 0, 'PLPVL00000001', '60', 1.000, 100.0, '', '2023-08-21 12:42:07', '2023-08-21 10:34:41', NULL, '2023-08-22 10:34:41', NULL, NULL, NULL, '2023-08-24 00:00:00', '2023-08-21 12:42:07', '2023-08-21 12:42:07', 'A', 'OP20230846'),
(48, 209, 1, 1, 1, 1, 0, 'PLPVL00000001', '60', 1.000, 100.0, '', '2023-08-21 12:42:21', '2023-08-21 10:34:41', NULL, '2023-08-22 10:34:41', NULL, NULL, NULL, '2023-08-24 00:00:00', '2023-08-21 12:42:21', '2023-08-21 12:42:21', 'A', 'OP20230847'),
(49, 209, 1, 1, 1, 1, 0, 'PLPVL00000001', '60', 1.000, 100.0, '', '2023-08-21 12:44:16', '2023-08-21 10:34:41', NULL, '2023-08-22 10:34:41', NULL, NULL, NULL, '2023-08-24 00:00:00', '2023-08-21 12:44:16', '2023-08-21 12:44:16', 'A', 'OP20230848'),
(50, 209, 1, 1, 1, 1, 0, 'PLPVL00000001', '60', 1.000, 100.0, '', '2023-08-21 12:44:37', '2023-08-21 10:34:41', NULL, '2023-08-22 10:34:41', NULL, NULL, NULL, '2023-08-24 00:00:00', '2023-08-21 12:44:37', '2023-08-21 12:44:37', 'A', 'OP20230849'),
(51, 209, 1, 1, 1, 1, 0, 'PLPVL00000001', '60', 1.000, 100.0, '', '2023-08-21 12:44:59', '2023-08-21 10:34:41', NULL, '2023-08-22 10:34:41', NULL, NULL, NULL, '2023-08-24 00:00:00', '2023-08-21 12:44:59', '2023-08-21 12:44:59', 'A', 'OP20230850'),
(52, 209, 1, 1, 1, 1, 0, 'PLPVL00000001', '60', 1.000, 100.0, '', '2023-08-21 12:45:18', '2023-08-21 10:34:41', NULL, '2023-08-22 10:34:41', NULL, NULL, NULL, '2023-08-24 00:00:00', '2023-08-21 12:45:18', '2023-08-21 12:45:18', 'A', 'OP20230851'),
(53, 209, 1, 1, 1, 1, 0, 'PLPVL00000001', '60', 1.000, 100.0, '', '2023-08-21 12:45:49', '2023-08-21 10:34:41', NULL, '2023-08-22 10:34:41', NULL, NULL, NULL, '2023-08-24 00:00:00', '2023-08-21 12:45:49', '2023-08-21 12:45:49', 'A', 'OP20230852'),
(54, 209, 1, 1, 1, 1, 0, 'PLPVL00000001', '60', 1.000, 100.0, '', '2023-08-21 12:46:51', '2023-08-21 10:34:41', NULL, '2023-08-22 10:34:41', NULL, NULL, NULL, '2023-08-24 00:00:00', '2023-08-21 12:46:51', '2023-08-21 12:46:51', 'A', 'OP20230853'),
(55, 209, 1, 1, 1, 1, 0, 'PLPVL00000001', '60', 1.000, 100.0, '', '2023-08-21 12:47:04', '2023-08-21 10:34:41', NULL, '2023-08-22 10:34:41', NULL, NULL, NULL, '2023-08-24 00:00:00', '2023-08-21 12:47:04', '2023-08-21 12:47:04', 'A', 'OP20230854'),
(56, 209, 1, 1, 1, 1, 0, 'PLPVL00000001', '60', 1.000, 100.0, '', '2023-08-21 12:48:07', '2023-08-21 10:34:41', NULL, '2023-08-22 10:34:41', NULL, NULL, NULL, '2023-08-24 00:00:00', '2023-08-21 12:48:07', '2023-08-21 12:48:07', 'A', 'OP20230855'),
(57, 209, 1, 1, 1, 1, 0, 'PLPVL00000001', '60', 1.000, 100.0, '', '2023-08-21 12:48:51', '2023-08-21 10:34:41', NULL, '2023-08-22 10:34:41', NULL, NULL, NULL, '2023-08-24 00:00:00', '2023-08-21 12:48:51', '2023-08-21 12:48:51', 'A', 'OP20230856'),
(58, 209, 1, 1, 1, 1, 0, 'PLPVL00000001', '60', 1.000, 100.0, '', '2023-08-21 12:49:09', '2023-08-21 10:34:41', NULL, '2023-08-22 10:34:41', NULL, NULL, NULL, '2023-08-24 00:00:00', '2023-08-21 12:49:09', '2023-08-21 12:49:09', 'A', 'OP20230857'),
(59, 209, 1, 1, 1, 1, 0, 'PLPVL00000001', '60', 1.000, 100.0, '', '2023-08-21 12:49:24', '2023-08-21 10:34:41', NULL, '2023-08-22 10:34:41', NULL, NULL, NULL, '2023-08-24 00:00:00', '2023-08-21 12:49:24', '2023-08-21 12:49:24', 'A', 'OP20230858'),
(60, 209, 1, 1, 1, 1, 0, 'PLPVL00000001', '60', 1.000, 100.0, '', '2023-08-21 12:50:12', '2023-08-21 10:34:41', NULL, '2023-08-22 10:34:41', NULL, NULL, NULL, '2023-08-24 00:00:00', '2023-08-21 12:50:12', '2023-08-21 12:50:12', 'A', 'OP20230859'),
(61, 209, 1, 1, 1, 1, 0, 'PLPVL00000001', '60', 1.000, 100.0, '', '2023-08-21 12:52:48', '2023-08-21 10:34:41', NULL, '2023-08-22 10:34:41', NULL, NULL, NULL, '2023-08-24 00:00:00', '2023-08-21 12:52:48', '2023-08-21 12:52:48', 'A', 'OP20230860'),
(62, 209, 1, 1, 1, 1, 0, 'PLPVL00000001', '60', 1.000, 100.0, '', '2023-08-21 12:55:49', '2023-08-21 10:34:41', NULL, '2023-08-22 10:34:41', NULL, NULL, NULL, '2023-08-24 00:00:00', '2023-08-21 12:55:49', '2023-08-21 12:55:49', 'A', 'OP20230861'),
(63, 209, 1, 1, 1, 1, 0, 'PLPVL00000001', '60', 1.000, 100.0, '', '2023-08-21 12:56:13', '2023-08-21 10:34:41', NULL, '2023-08-22 10:34:41', NULL, NULL, NULL, '2023-08-24 00:00:00', '2023-08-21 12:56:13', '2023-08-21 12:56:13', 'A', 'OP20230862'),
(64, 209, 1, 1, 1, 1, 0, 'PLPVL00000001', '60', 1.000, 100.0, '', '2023-08-21 12:59:16', '2023-08-21 10:34:41', NULL, '2023-08-22 10:34:41', NULL, NULL, NULL, '2023-08-24 00:00:00', '2023-08-21 12:59:16', '2023-08-21 12:59:16', 'A', 'OP20230863'),
(65, 209, 1, 1, 1, 1, 0, 'PLPVL00000001', '60', 1.000, 100.0, '', '2023-08-21 13:00:22', '2023-08-21 10:34:41', NULL, '2023-08-22 10:34:41', NULL, NULL, NULL, '2023-08-24 00:00:00', '2023-08-21 13:00:22', '2023-08-21 13:00:22', 'A', 'OP20230864'),
(66, 209, 1, 1, 1, 1, 0, 'PLPVL00000001', '60', 1.000, 100.0, '', '2023-08-21 13:00:45', '2023-08-21 10:34:41', NULL, '2023-08-22 10:34:41', NULL, NULL, NULL, '2023-08-24 00:00:00', '2023-08-21 13:00:45', '2023-08-21 13:00:45', 'A', 'OP20230865'),
(67, 209, 1, 1, 1, 1, 0, 'PLPVL00000001', '60', 1.000, 100.0, '', '2023-08-21 13:01:27', '2023-08-21 10:34:41', NULL, '2023-08-22 10:34:41', NULL, NULL, NULL, '2023-08-24 00:00:00', '2023-08-21 13:01:27', '2023-08-21 13:01:27', 'A', 'OP20230866'),
(68, 209, 1, 1, 1, 1, 0, 'PLPVL00000001', '60', 1.000, 100.0, '', '2023-08-21 13:02:35', '2023-08-21 10:34:41', NULL, '2023-08-22 10:34:41', NULL, NULL, NULL, '2023-08-24 00:00:00', '2023-08-21 13:02:35', '2023-08-21 13:02:35', 'A', 'OP20230867'),
(69, 209, 1, 1, 1, 1, 0, 'PLPVL00000001', '60', 1.000, 100.0, '', '2023-08-21 13:05:57', '2023-08-21 10:34:41', NULL, '2023-08-22 10:34:41', NULL, NULL, NULL, '2023-08-24 00:00:00', '2023-08-21 13:05:57', '2023-08-21 13:05:57', 'A', 'OP20230868'),
(70, 209, 1, 1, 1, 1, 0, 'PLPVL00000001', '60', 1.000, 100.0, '', '2023-08-21 13:07:00', '2023-08-21 10:34:41', NULL, '2023-08-22 10:34:41', NULL, NULL, NULL, '2023-08-24 00:00:00', '2023-08-21 13:07:00', '2023-08-21 13:07:00', 'A', 'OP20230869'),
(71, 209, 1, 1, 1, 1, 0, 'PLPVL00000001', '60', 1.000, 100.0, '', '2023-08-21 13:07:42', '2023-08-21 10:34:41', NULL, '2023-08-22 10:34:41', NULL, NULL, NULL, '2023-08-24 00:00:00', '2023-08-21 13:07:42', '2023-08-21 13:07:42', 'A', 'OP20230870'),
(72, 209, 1, 1, 1, 1, 0, 'PLPVL00000001', '60', 1.000, 100.0, '', '2023-08-21 13:08:44', '2023-08-21 10:34:41', NULL, '2023-08-22 10:34:41', NULL, NULL, NULL, '2023-08-24 00:00:00', '2023-08-21 13:08:44', '2023-08-21 13:08:44', 'A', 'OP20230871'),
(73, 209, 1, 1, 1, 1, 0, 'PLPVL00000001', '60', 1.000, 100.0, '', '2023-08-21 14:20:44', '2023-08-21 10:34:41', NULL, '2023-08-22 10:34:41', NULL, NULL, NULL, '2023-08-24 00:00:00', '2023-08-21 14:20:44', '2023-08-21 14:20:44', 'A', 'OP20230872'),
(74, 209, 1, 1, 1, 1, 0, 'PLPVL00000001', '60', 1.000, 100.0, '', '2023-08-21 14:20:52', '2023-08-21 10:34:41', NULL, '2023-08-22 10:34:41', NULL, NULL, NULL, '2023-08-24 00:00:00', '2023-08-21 14:20:52', '2023-08-21 14:20:52', 'A', 'OP20230873'),
(75, 209, 1, 1, 1, 1, 0, 'PLPVL00000001', '60', 1.000, 100.0, '', '2023-08-21 14:21:27', '2023-08-21 10:34:41', NULL, '2023-08-22 10:34:41', NULL, NULL, NULL, '2023-08-24 00:00:00', '2023-08-21 14:21:27', '2023-08-21 14:21:27', 'A', 'OP20230874'),
(76, 209, 1, 1, 1, 1, 0, 'PLPVL00000001', '60', 1.000, 100.0, '', '2023-08-21 14:22:42', '2023-08-21 10:34:41', NULL, '2023-08-22 10:34:41', NULL, NULL, NULL, '2023-08-24 00:00:00', '2023-08-21 14:22:42', '2023-08-21 14:22:42', 'A', 'OP20230875'),
(77, 209, 1, 1, 1, 1, 0, 'PLPVL00000001', '60', 1.000, 100.0, '', '2023-08-21 14:22:58', '2023-08-21 10:34:41', NULL, '2023-08-22 10:34:41', NULL, NULL, NULL, '2023-08-24 00:00:00', '2023-08-21 14:22:58', '2023-08-21 14:22:58', 'A', 'OP20230876'),
(78, 209, 1, 1, 1, 1, 0, 'PLPVL00000001', '66', 1.000, 1.0, '', '2023-08-21 14:44:10', '2023-08-21 14:40:54', NULL, '2023-08-21 14:40:54', NULL, NULL, NULL, '2023-09-04 00:00:00', '2023-08-21 14:44:10', '2023-08-21 14:44:10', 'A', 'OP20230877'),
(79, 209, 1, 1, 1, 1, 0, 'PLPVL00000001', '66', 1.000, 1.0, '', '2023-08-21 14:45:53', '2023-08-21 14:40:54', NULL, '2023-08-21 14:40:54', NULL, NULL, NULL, '2023-09-04 00:00:00', '2023-08-21 14:45:53', '2023-08-21 14:45:53', 'A', 'OP20230878'),
(80, 209, 1, 1, 1, 1, 0, 'PLPVL00000001', '66', 1.000, 1.0, '', '2023-08-21 14:46:36', '2023-08-21 14:40:54', NULL, '2023-08-21 14:40:54', NULL, NULL, NULL, '2023-09-04 00:00:00', '2023-08-21 14:46:36', '2023-08-21 14:46:36', 'A', 'OP20230879'),
(81, 209, 1, 1, 1, 1, 0, 'PLPVL00000001', '66', 1.000, 1.0, '', '2023-08-21 14:47:21', '2023-08-21 14:40:54', NULL, '2023-08-21 14:40:54', NULL, NULL, NULL, '2023-09-04 00:00:00', '2023-08-21 14:47:21', '2023-08-21 14:47:21', 'A', 'OP20230880'),
(82, 209, 1, 1, 1, 1, 0, 'PLPVL00000001', '66', 1.000, 1.0, '', '2023-08-21 14:48:07', '2023-08-21 14:40:54', NULL, '2023-08-21 14:40:54', NULL, NULL, NULL, '2023-09-04 00:00:00', '2023-08-21 14:48:07', '2023-08-21 14:48:07', 'A', 'OP20230881'),
(83, 209, 1, 1, 1, 1, 0, 'PLPVL00000001', '66', 1.000, 1.0, '', '2023-08-21 14:48:21', '2023-08-21 14:40:54', NULL, '2023-08-21 14:40:54', NULL, NULL, NULL, '2023-09-04 00:00:00', '2023-08-21 14:48:21', '2023-08-21 14:48:21', 'A', 'OP20230882'),
(84, 209, 1, 1, 1, 1, 0, 'PLPVL00000001', '66', 1.000, 1.0, '', '2023-08-21 14:48:33', '2023-08-21 14:40:54', NULL, '2023-08-21 14:40:54', NULL, NULL, NULL, '2023-09-04 00:00:00', '2023-08-21 14:48:33', '2023-08-21 14:48:33', 'A', 'OP20230883'),
(85, 215, 1, 1, 1, 1, 0, 'PLPVL00000001', '84', 1.000, 100.0, '', '2023-08-21 14:51:06', '2023-08-21 14:48:42', NULL, '2023-08-22 14:48:42', NULL, NULL, NULL, '2023-09-10 00:00:00', '2023-08-21 14:51:06', '2023-08-21 14:51:06', 'A', 'OP20230884'),
(86, 215, 1, 1, 1, 1, 0, 'PLPVL00000001', '84', 1.000, 100.0, '', '2023-08-21 14:53:01', '2023-08-21 14:48:42', NULL, '2023-08-22 14:48:42', NULL, NULL, NULL, '2023-09-10 00:00:00', '2023-08-21 14:53:01', '2023-08-21 14:53:01', 'A', 'OP20230885'),
(87, 215, 1, 1, 1, 1, 0, 'PLPVL00000001', '84', 1.000, 100.0, '', '2023-08-21 14:53:50', '2023-08-21 14:48:42', NULL, '2023-08-22 14:48:42', NULL, NULL, NULL, '2023-09-10 00:00:00', '2023-08-21 14:53:50', '2023-08-21 14:53:50', 'A', 'OP20230886'),
(88, 215, 1, 1, 1, 1, 0, 'PLPVL00000001', '84', 1.000, 100.0, '', '2023-08-21 14:57:59', '2023-08-21 14:48:42', NULL, '2023-08-22 14:48:42', NULL, NULL, NULL, '2023-09-10 00:00:00', '2023-08-21 14:57:59', '2023-08-21 14:57:59', 'A', 'OP20230887'),
(89, 215, 1, 1, 1, 1, 0, 'PLPVL00000001', '84', 1.000, 100.0, '', '2023-08-21 14:58:40', '2023-08-21 14:48:42', NULL, '2023-08-22 14:48:42', NULL, NULL, NULL, '2023-09-10 00:00:00', '2023-08-21 14:58:40', '2023-08-21 14:58:40', 'A', 'OP20230888'),
(90, 215, 1, 1, 1, 1, 0, 'PLPVL00000001', '84', 1.000, 100.0, '', '2023-08-21 15:00:02', '2023-08-21 14:48:42', NULL, '2023-08-22 14:48:42', NULL, NULL, NULL, '2023-09-10 00:00:00', '2023-08-21 15:00:02', '2023-08-21 15:00:02', 'A', 'OP20230889'),
(91, 215, 1, 1, 1, 1, 0, 'PLPVL00000001', '84', 1.000, 100.0, '', '2023-08-21 15:00:25', '2023-08-21 14:48:42', NULL, '2023-08-22 14:48:42', NULL, NULL, NULL, '2023-09-10 00:00:00', '2023-08-21 15:00:25', '2023-08-21 15:00:25', 'A', 'OP20230890'),
(92, 215, 1, 1, 1, 1, 0, 'PLPVL00000001', '84', 1.000, 100.0, '', '2023-08-21 15:01:20', '2023-08-21 14:48:42', NULL, '2023-08-22 14:48:42', NULL, NULL, NULL, '2023-09-10 00:00:00', '2023-08-21 15:01:20', '2023-08-21 15:01:20', 'A', 'OP20230891'),
(93, 215, 1, 1, 1, 1, 0, 'PLPVL00000001', '84', 1.000, 100.0, '', '2023-08-21 15:02:03', '2023-08-21 14:48:42', NULL, '2023-08-22 14:48:42', NULL, NULL, NULL, '2023-09-10 00:00:00', '2023-08-21 15:02:03', '2023-08-21 15:02:03', 'A', 'OP20230892'),
(94, 215, 1, 1, 1, 1, 0, 'PLPVL00000001', '84', 1.000, 100.0, '', '2023-08-21 15:02:11', '2023-08-21 14:48:42', NULL, '2023-08-22 14:48:42', NULL, NULL, NULL, '2023-09-10 00:00:00', '2023-08-21 15:02:11', '2023-08-21 15:02:11', 'A', 'OP20230893'),
(95, 215, 1, 1, 1, 1, 0, 'PLPVL00000001', '84', 1.000, 100.0, '', '2023-08-21 15:03:31', '2023-08-21 14:48:42', NULL, '2023-08-22 14:48:42', NULL, NULL, NULL, '2023-09-10 00:00:00', '2023-08-21 15:03:31', '2023-08-21 15:03:31', 'A', 'OP20230894'),
(96, 215, 1, 1, 1, 1, 0, 'PLPVL00000001', '84', 1.000, 100.0, '', '2023-08-21 15:03:39', '2023-08-21 14:48:42', NULL, '2023-08-22 14:48:42', NULL, NULL, NULL, '2023-09-10 00:00:00', '2023-08-21 15:03:39', '2023-08-21 15:03:39', 'A', 'OP20230895'),
(97, 215, 1, 1, 1, 1, 0, 'PLPVL00000001', '84', 1.000, 100.0, '', '2023-08-21 15:03:50', '2023-08-21 14:48:42', NULL, '2023-08-22 14:48:42', NULL, NULL, NULL, '2023-09-10 00:00:00', '2023-08-21 15:03:50', '2023-08-21 15:03:50', 'A', 'OP20230896'),
(98, 215, 1, 1, 1, 1, 0, 'PLPVL00000001', '84', 1.000, 100.0, '', '2023-08-21 15:04:25', '2023-08-21 14:48:42', NULL, '2023-08-22 14:48:42', NULL, NULL, NULL, '2023-09-10 00:00:00', '2023-08-21 15:04:25', '2023-08-21 15:04:25', 'A', 'OP20230897'),
(99, 215, 1, 1, 1, 1, 0, 'PLPVL00000001', '84', 1.000, 100.0, '', '2023-08-21 15:04:57', '2023-08-21 14:48:42', NULL, '2023-08-22 14:48:42', NULL, NULL, NULL, '2023-09-10 00:00:00', '2023-08-21 15:04:57', '2023-08-21 15:04:57', 'A', 'OP20230898'),
(100, 215, 1, 1, 1, 1, 0, 'PLPVL00000001', '84', 1.000, 100.0, '', '2023-08-21 15:05:30', '2023-08-21 14:48:42', NULL, '2023-08-22 14:48:42', NULL, NULL, NULL, '2023-09-10 00:00:00', '2023-08-21 15:05:30', '2023-08-21 15:05:30', 'A', 'OP20230899'),
(101, 215, 1, 1, 1, 1, 0, 'PLPVL00000001', '84', 1.000, 100.0, '', '2023-08-21 15:05:46', '2023-08-21 14:48:42', NULL, '2023-08-22 14:48:42', NULL, NULL, NULL, '2023-09-10 00:00:00', '2023-08-21 15:05:46', '2023-08-21 15:05:46', 'A', 'OP202308100'),
(102, 215, 1, 1, 1, 1, 0, 'PLPVL00000001', '84', 1.000, 100.0, '', '2023-08-21 15:06:11', '2023-08-21 14:48:42', NULL, '2023-08-22 14:48:42', NULL, NULL, NULL, '2023-09-10 00:00:00', '2023-08-21 15:06:11', '2023-08-21 15:06:11', 'A', 'OP202308101'),
(103, 215, 1, 1, 1, 1, 0, 'PLPVL00000001', '84', 1.000, 100.0, '', '2023-08-21 15:06:28', '2023-08-21 14:48:42', NULL, '2023-08-22 14:48:42', NULL, NULL, NULL, '2023-09-10 00:00:00', '2023-08-21 15:06:28', '2023-08-21 15:06:28', 'A', 'OP202308102'),
(104, 215, 1, 1, 1, 1, 0, 'PLPVL00000001', '84', 1.000, 100.0, '', '2023-08-21 15:06:42', '2023-08-21 14:48:42', NULL, '2023-08-22 14:48:42', NULL, NULL, NULL, '2023-09-10 00:00:00', '2023-08-21 15:06:42', '2023-08-21 15:06:42', 'A', 'OP202308103'),
(105, 215, 1, 1, 1, 1, 0, 'PLPVL00000001', '84', 1.000, 100.0, '', '2023-08-21 15:07:08', '2023-08-21 14:48:42', NULL, '2023-08-22 14:48:42', NULL, NULL, NULL, '2023-09-10 00:00:00', '2023-08-21 15:07:08', '2023-08-21 15:07:08', 'A', 'OP202308104'),
(106, 215, 1, 1, 1, 1, 0, 'PLPVL00000001', '84', 1.000, 100.0, '', '2023-08-21 15:08:14', '2023-08-21 14:48:42', NULL, '2023-08-22 14:48:42', NULL, NULL, NULL, '2023-09-10 00:00:00', '2023-08-21 15:08:14', '2023-08-21 15:08:14', 'A', 'OP202308105'),
(107, 215, 1, 1, 1, 1, 0, 'PLPVL00000001', '84', 1.000, 100.0, '', '2023-08-21 15:08:36', '2023-08-21 14:48:42', NULL, '2023-08-22 14:48:42', NULL, NULL, NULL, '2023-09-10 00:00:00', '2023-08-21 15:08:36', '2023-08-21 15:08:36', 'A', 'OP202308106'),
(108, 215, 1, 1, 1, 1, 0, 'PLPVL00000001', '84', 1.000, 100.0, '', '2023-08-21 15:09:06', '2023-08-21 14:48:42', NULL, '2023-08-22 14:48:42', NULL, NULL, NULL, '2023-09-10 00:00:00', '2023-08-21 15:09:06', '2023-08-21 15:09:06', 'A', 'OP202308107'),
(109, 215, 1, 1, 1, 1, 0, 'PLPVL00000001', '84', 1.000, 100.0, '', '2023-08-21 15:11:18', '2023-08-21 14:48:42', NULL, '2023-08-22 14:48:42', NULL, NULL, NULL, '2023-09-10 00:00:00', '2023-08-21 15:11:18', '2023-08-21 15:11:18', 'A', 'OP202308108'),
(110, 215, 1, 1, 1, 1, 0, 'PLPVL00000001', '84', 1.000, 100.0, '', '2023-08-21 15:14:44', '2023-08-21 14:48:42', NULL, '2023-08-22 14:48:42', NULL, NULL, NULL, '2023-09-10 00:00:00', '2023-08-21 15:14:44', '2023-08-21 15:14:44', 'A', 'OP202308109'),
(111, 215, 1, 1, 1, 1, 0, 'PLPVL00000001', '84', 1.000, 100.0, '', '2023-08-21 15:16:13', '2023-08-21 14:48:42', NULL, '2023-08-22 14:48:42', NULL, NULL, NULL, '2023-09-10 00:00:00', '2023-08-21 15:16:13', '2023-08-21 15:16:13', 'A', 'OP202308110'),
(112, 215, 1, 1, 1, 1, 0, 'PLPVL00000001', '84', 1.000, 100.0, '', '2023-08-21 15:16:27', '2023-08-21 14:48:42', NULL, '2023-08-22 14:48:42', NULL, NULL, NULL, '2023-09-10 00:00:00', '2023-08-21 15:16:27', '2023-08-21 15:16:27', 'A', 'OP202308111'),
(113, 215, 1, 1, 1, 1, 0, 'PLPVL00000001', '84', 1.000, 100.0, '', '2023-08-21 15:19:24', '2023-08-21 14:48:42', NULL, '2023-08-22 14:48:42', NULL, NULL, NULL, '2023-09-10 00:00:00', '2023-08-21 15:19:24', '2023-08-21 15:19:24', 'A', 'OP202308112'),
(114, 215, 1, 1, 1, 1, 0, 'PLPVL00000001', '84', 1.000, 100.0, '', '2023-08-21 15:21:02', '2023-08-21 14:48:42', NULL, '2023-08-22 14:48:42', NULL, NULL, NULL, '2023-09-10 00:00:00', '2023-08-21 15:21:02', '2023-08-21 15:21:02', 'A', 'OP202308113'),
(115, 215, 1, 1, 1, 1, 0, 'PLPVL00000001', '84', 1.000, 100.0, '', '2023-08-21 15:21:44', '2023-08-21 14:48:42', NULL, '2023-08-22 14:48:42', NULL, NULL, NULL, '2023-09-10 00:00:00', '2023-08-21 15:21:44', '2023-08-21 15:21:44', 'A', 'OP202308114'),
(116, 215, 1, 1, 1, 1, 0, 'PLPVL00000001', '84', 1.000, 100.0, '', '2023-08-21 15:22:31', '2023-08-21 14:48:42', NULL, '2023-08-22 14:48:42', NULL, NULL, NULL, '2023-09-10 00:00:00', '2023-08-21 15:22:31', '2023-08-21 15:22:31', 'A', 'OP202308115'),
(117, 215, 1, 1, 1, 1, 0, 'PLPVL00000001', '84', 1.000, 100.0, '', '2023-08-21 15:24:47', '2023-08-21 14:48:42', NULL, '2023-08-22 14:48:42', NULL, NULL, NULL, '2023-09-10 00:00:00', '2023-08-21 15:24:47', '2023-08-21 15:24:47', 'A', 'OP202308116'),
(118, 215, 1, 1, 1, 1, 0, 'PLPVL00000001', '84', 1.000, 100.0, '', '2023-08-21 15:25:34', '2023-08-21 14:48:42', NULL, '2023-08-22 14:48:42', NULL, NULL, NULL, '2023-09-10 00:00:00', '2023-08-21 15:25:34', '2023-08-21 15:25:34', 'A', 'OP202308117'),
(119, 215, 1, 1, 1, 1, 0, 'PLPVL00000001', '84', 1.000, 100.0, '', '2023-08-21 15:25:47', '2023-08-21 14:48:42', NULL, '2023-08-22 14:48:42', NULL, NULL, NULL, '2023-09-10 00:00:00', '2023-08-21 15:25:47', '2023-08-21 15:25:47', 'A', 'OP202308118'),
(120, 215, 1, 1, 1, 1, 0, 'PLPVL00000001', '84', 1.000, 100.0, '', '2023-08-21 15:27:59', '2023-08-21 14:48:42', NULL, '2023-08-22 14:48:42', NULL, NULL, NULL, '2023-09-10 00:00:00', '2023-08-21 15:27:59', '2023-08-21 15:27:59', 'A', 'OP202308119'),
(121, 215, 1, 1, 1, 1, 0, 'PLPVL00000001', '84', 1.000, 100.0, '', '2023-08-21 15:29:39', '2023-08-21 14:48:42', NULL, '2023-08-22 14:48:42', NULL, NULL, NULL, '2023-09-10 00:00:00', '2023-08-21 15:29:39', '2023-08-21 15:29:39', 'A', 'OP202308120'),
(122, 215, 1, 1, 1, 1, 0, 'PLPVL00000001', '84', 1.000, 100.0, '', '2023-08-21 15:30:15', '2023-08-21 14:48:42', NULL, '2023-08-22 14:48:42', NULL, NULL, NULL, '2023-09-10 00:00:00', '2023-08-21 15:30:15', '2023-08-21 15:30:15', 'A', 'OP202308121'),
(123, 215, 1, 1, 1, 1, 0, 'PLPVL00000001', '84', 1.000, 100.0, '', '2023-08-21 15:31:01', '2023-08-21 14:48:42', NULL, '2023-08-22 14:48:42', NULL, NULL, NULL, '2023-09-10 00:00:00', '2023-08-21 15:31:01', '2023-08-21 15:31:01', 'A', 'OP202308122'),
(124, 215, 1, 1, 1, 1, 0, 'PLPVL00000001', '84', 1.000, 100.0, '', '2023-08-21 15:31:22', '2023-08-21 14:48:42', NULL, '2023-08-22 14:48:42', NULL, NULL, NULL, '2023-09-10 00:00:00', '2023-08-21 15:31:22', '2023-08-21 15:31:22', 'A', 'OP202308123'),
(125, 215, 1, 1, 1, 1, 0, 'PLPVL00000001', '84', 1.000, 100.0, '', '2023-08-21 15:31:39', '2023-08-21 14:48:42', NULL, '2023-08-22 14:48:42', NULL, NULL, NULL, '2023-09-10 00:00:00', '2023-08-21 15:31:39', '2023-08-21 15:31:39', 'A', 'OP202308124'),
(126, 215, 1, 1, 1, 1, 0, 'PLPVL00000001', '84', 1.000, 100.0, '', '2023-08-21 15:31:47', '2023-08-21 14:48:42', NULL, '2023-08-22 14:48:42', NULL, NULL, NULL, '2023-09-10 00:00:00', '2023-08-21 15:31:47', '2023-08-21 15:31:47', 'A', 'OP202308125'),
(127, 215, 1, 1, 1, 1, 0, 'PLPVL00000001', '84', 1.000, 100.0, '', '2023-08-21 15:31:59', '2023-08-21 14:48:42', NULL, '2023-08-22 14:48:42', NULL, NULL, NULL, '2023-09-10 00:00:00', '2023-08-21 15:31:59', '2023-08-21 15:31:59', 'A', 'OP202308126'),
(128, 215, 1, 1, 1, 1, 0, 'PLPVL00000001', '84', 1.000, 100.0, '', '2023-08-21 15:32:15', '2023-08-21 14:48:42', NULL, '2023-08-22 14:48:42', NULL, NULL, NULL, '2023-09-10 00:00:00', '2023-08-21 15:32:15', '2023-08-21 15:32:15', 'A', 'OP202308127'),
(129, 215, 1, 1, 1, 1, 0, 'PLPVL00000001', '84', 1.000, 100.0, '', '2023-08-21 15:32:22', '2023-08-21 14:48:42', NULL, '2023-08-22 14:48:42', NULL, NULL, NULL, '2023-09-10 00:00:00', '2023-08-21 15:32:22', '2023-08-21 15:32:22', 'A', 'OP202308128'),
(130, 215, 1, 1, 1, 1, 0, 'PLPVL00000001', '84', 1.000, 100.0, '', '2023-08-21 15:32:42', '2023-08-21 14:48:42', NULL, '2023-08-22 14:48:42', NULL, NULL, NULL, '2023-09-10 00:00:00', '2023-08-21 15:32:42', '2023-08-21 15:32:42', 'A', 'OP202308129'),
(131, 215, 1, 1, 1, 1, 0, 'PLPVL00000001', '84', 1.000, 100.0, '', '2023-08-21 15:33:58', '2023-08-21 14:48:42', NULL, '2023-08-22 14:48:42', NULL, NULL, NULL, '2023-09-10 00:00:00', '2023-08-21 15:33:58', '2023-08-21 15:33:58', 'A', 'OP202308130'),
(132, 215, 1, 1, 1, 1, 0, 'PLPVL00000001', '84', 1.000, 100.0, '', '2023-08-21 15:34:03', '2023-08-21 14:48:42', NULL, '2023-08-22 14:48:42', NULL, NULL, NULL, '2023-09-10 00:00:00', '2023-08-21 15:34:03', '2023-08-21 15:34:03', 'A', 'OP202308131'),
(133, 215, 1, 1, 1, 1, 0, 'PLPVL00000001', '84', 1.000, 100.0, '', '2023-08-21 15:34:23', '2023-08-21 14:48:42', NULL, '2023-08-22 14:48:42', NULL, NULL, NULL, '2023-09-10 00:00:00', '2023-08-21 15:34:23', '2023-08-21 15:34:23', 'A', 'OP202308132'),
(134, 215, 1, 1, 1, 1, 0, 'PLPVL00000001', '84', 1.000, 100.0, '', '2023-08-21 15:34:34', '2023-08-21 14:48:42', NULL, '2023-08-22 14:48:42', NULL, NULL, NULL, '2023-09-10 00:00:00', '2023-08-21 15:34:34', '2023-08-21 15:34:34', 'A', 'OP202308133'),
(135, 215, 1, 1, 1, 1, 0, 'PLPVL00000001', '84', 1.000, 100.0, '', '2023-08-21 15:35:25', '2023-08-21 14:48:42', NULL, '2023-08-22 14:48:42', NULL, NULL, NULL, '2023-09-10 00:00:00', '2023-08-21 15:35:25', '2023-08-21 15:35:25', 'A', 'OP202308134'),
(136, 215, 1, 1, 1, 1, 0, 'PLPVL00000001', '84', 1.000, 100.0, '', '2023-08-21 15:35:30', '2023-08-21 14:48:42', NULL, '2023-08-22 14:48:42', NULL, NULL, NULL, '2023-09-10 00:00:00', '2023-08-21 15:35:30', '2023-08-21 15:35:30', 'A', 'OP202308135'),
(137, 215, 1, 1, 1, 1, 0, 'PLPVL00000001', '84', 1.000, 100.0, '', '2023-08-21 15:36:09', '2023-08-21 14:48:42', NULL, '2023-08-22 14:48:42', NULL, NULL, NULL, '2023-09-10 00:00:00', '2023-08-21 15:36:09', '2023-08-21 15:36:09', 'A', 'OP202308136'),
(138, 215, 1, 1, 1, 1, 0, 'PLPVL00000001', '84', 1.000, 100.0, '', '2023-08-21 15:37:04', '2023-08-21 14:48:42', NULL, '2023-08-22 14:48:42', NULL, NULL, NULL, '2023-09-10 00:00:00', '2023-08-21 15:37:04', '2023-08-21 15:37:04', 'A', 'OP202308137'),
(139, 215, 1, 1, 1, 1, 0, 'PLPVL00000001', '84', 1.000, 100.0, '', '2023-08-21 15:37:27', '2023-08-21 14:48:42', NULL, '2023-08-22 14:48:42', NULL, NULL, NULL, '2023-09-10 00:00:00', '2023-08-21 15:37:27', '2023-08-21 15:37:27', 'A', 'OP202308138'),
(140, 215, 1, 1, 1, 1, 0, 'PLPVL00000001', '84', 1.000, 100.0, '', '2023-08-21 15:37:53', '2023-08-21 14:48:42', NULL, '2023-08-22 14:48:42', NULL, NULL, NULL, '2023-09-10 00:00:00', '2023-08-21 15:37:53', '2023-08-21 15:37:53', 'A', 'OP202308139'),
(141, 215, 1, 1, 1, 1, 0, 'PLPVL00000001', '84', 1.000, 100.0, '', '2023-08-21 15:40:19', '2023-08-21 14:48:42', NULL, '2023-08-22 14:48:42', NULL, NULL, NULL, '2023-09-10 00:00:00', '2023-08-21 15:40:19', '2023-08-21 15:40:19', 'A', 'OP202308140'),
(142, 197, 1, 1, 1, 1, 0, 'PLPVL00000001', '66', 1.000, 100.0, '', '2023-08-21 16:55:37', '2023-08-21 16:54:50', NULL, '2023-08-22 16:54:50', NULL, NULL, NULL, '2023-01-03 00:00:00', '2023-08-21 16:55:37', '2023-08-21 16:55:37', 'A', 'OP202308141'),
(143, 197, 1, 1, 1, 1, 0, 'PLPVL00000001', '66', 1.000, 100.0, '', '2023-08-21 16:55:39', '2023-08-21 16:54:50', NULL, '2023-08-22 16:54:50', NULL, NULL, NULL, '2023-01-03 00:00:00', '2023-08-21 16:55:39', '2023-08-21 16:55:39', 'A', 'OP202308142'),
(144, 197, 1, 1, 1, 1, 0, 'PLPVL00000001', '66', 1.000, 100.0, '', '2023-08-21 16:56:12', '2023-08-21 16:54:50', NULL, '2023-08-22 16:54:50', NULL, NULL, NULL, '2023-01-03 00:00:00', '2023-08-21 16:56:12', '2023-08-21 16:56:12', 'A', 'OP202308143'),
(145, 197, 1, 1, 1, 1, 0, 'PLPVL00000001', '66', 1.000, 100.0, '', '2023-08-21 16:56:22', '2023-08-21 16:54:50', NULL, '2023-08-22 16:54:50', NULL, NULL, NULL, '2023-01-03 00:00:00', '2023-08-21 16:56:22', '2023-08-21 16:56:22', 'A', 'OP202308144'),
(146, 207, 1, 1, 1, 1, 0, 'PLPVL00000001', '61', 1.000, 100.0, '', '2023-08-22 06:38:04', '2023-08-22 06:28:31', NULL, '2023-08-23 06:28:31', NULL, NULL, NULL, '2023-07-12 00:00:00', '2023-08-22 06:38:04', '2023-08-22 06:38:04', 'A', 'OP202308145'),
(147, 207, 1, 1, 1, 1, 0, 'PLPVL00000001', '61', 1.000, 100.0, '', '2023-08-22 06:39:16', '2023-08-22 06:28:31', NULL, '2023-08-23 06:28:31', NULL, NULL, NULL, '2023-07-12 00:00:00', '2023-08-22 06:39:16', '2023-08-22 06:39:16', 'A', 'OP202308146'),
(148, 207, 1, 1, 1, 1, 0, 'PLPVL00000001', '61', 1.000, 100.0, '', '2023-08-22 06:43:20', '2023-08-22 06:28:31', NULL, '2023-08-23 06:28:31', NULL, NULL, NULL, '2023-07-12 00:00:00', '2023-08-22 06:43:20', '2023-08-22 06:43:20', 'A', 'OP202308147'),
(149, 207, 1, 1, 1, 1, 0, 'PLPVL00000001', '61', 1.000, 100.0, '', '2023-08-22 06:43:32', '2023-08-22 06:28:31', NULL, '2023-08-23 06:28:31', NULL, NULL, NULL, '2023-07-12 00:00:00', '2023-08-22 06:43:32', '2023-08-22 06:43:32', 'A', 'OP202308148'),
(150, 207, 1, 1, 1, 1, 0, 'PLPVL00000001', '61', 1.000, 100.0, '', '2023-08-22 06:43:57', '2023-08-22 06:28:31', NULL, '2023-08-23 06:28:31', NULL, NULL, NULL, '2023-07-12 00:00:00', '2023-08-22 06:43:57', '2023-08-22 06:43:57', 'A', 'OP202308149'),
(151, 207, 1, 1, 1, 1, 0, 'PLPVL00000001', '61', 1.000, 100.0, '', '2023-08-22 06:44:04', '2023-08-22 06:28:31', NULL, '2023-08-23 06:28:31', NULL, NULL, NULL, '2023-07-12 00:00:00', '2023-08-22 06:44:04', '2023-08-22 06:44:04', 'A', 'OP202308150'),
(152, 207, 1, 1, 1, 1, 0, 'PLPVL00000001', '61', 1.000, 100.0, '', '2023-08-22 06:44:17', '2023-08-22 06:28:31', NULL, '2023-08-23 06:28:31', NULL, NULL, NULL, '2023-07-12 00:00:00', '2023-08-22 06:44:17', '2023-08-22 06:44:17', 'A', 'OP202308151'),
(153, 207, 1, 1, 1, 1, 0, 'PLPVL00000001', '61', 1.000, 100.0, '', '2023-08-22 06:46:22', '2023-08-22 06:28:31', NULL, '2023-08-23 06:28:31', NULL, NULL, NULL, '2023-07-12 00:00:00', '2023-08-22 06:46:22', '2023-08-22 06:46:22', 'A', 'OP202308152'),
(154, 207, 1, 1, 1, 1, 0, 'PLPVL00000001', '61', 1.000, 100.0, '', '2023-08-22 06:46:27', '2023-08-22 06:28:31', NULL, '2023-08-23 06:28:31', NULL, NULL, NULL, '2023-07-12 00:00:00', '2023-08-22 06:46:27', '2023-08-22 06:46:27', 'A', 'OP202308153'),
(155, 207, 1, 1, 1, 1, 0, 'PLPVL00000001', '61', 1.000, 100.0, '', '2023-08-22 06:47:48', '2023-08-22 06:28:31', NULL, '2023-08-23 06:28:31', NULL, NULL, NULL, '2023-07-12 00:00:00', '2023-08-22 06:47:48', '2023-08-22 06:47:48', 'A', 'OP202308154'),
(156, 207, 1, 1, 1, 1, 0, 'PLPVL00000001', '61', 1.000, 100.0, '', '2023-08-22 06:51:12', '2023-08-22 06:28:31', NULL, '2023-08-23 06:28:31', NULL, NULL, NULL, '2023-07-12 00:00:00', '2023-08-22 06:51:12', '2023-08-22 06:51:12', 'A', 'OP202308155'),
(157, 207, 1, 1, 1, 1, 0, 'PLPVL00000001', '61', 1.000, 100.0, '', '2023-08-22 06:51:18', '2023-08-22 06:28:31', NULL, '2023-08-23 06:28:31', NULL, NULL, NULL, '2023-07-12 00:00:00', '2023-08-22 06:51:18', '2023-08-22 06:51:18', 'A', 'OP202308156'),
(158, 207, 1, 1, 1, 1, 0, 'PLPVL00000001', '61', 1.000, 100.0, '', '2023-08-22 06:51:38', '2023-08-22 06:28:31', NULL, '2023-08-23 06:28:31', NULL, NULL, NULL, '2023-07-12 00:00:00', '2023-08-22 06:51:38', '2023-08-22 06:51:38', 'A', 'OP202308157'),
(159, 207, 1, 1, 1, 1, 0, 'PLPVL00000001', '61', 1.000, 100.0, '', '2023-08-22 06:52:00', '2023-08-22 06:28:31', NULL, '2023-08-23 06:28:31', NULL, NULL, NULL, '2023-07-12 00:00:00', '2023-08-22 06:52:00', '2023-08-22 06:52:00', 'A', 'OP202308158'),
(160, 207, 1, 1, 1, 1, 0, 'PLPVL00000001', '61', 1.000, 100.0, '', '2023-08-22 06:52:13', '2023-08-22 06:28:31', NULL, '2023-08-23 06:28:31', NULL, NULL, NULL, '2023-07-12 00:00:00', '2023-08-22 06:52:13', '2023-08-22 06:52:13', 'A', 'OP202308159'),
(161, 207, 1, 1, 1, 1, 0, 'PLPVL00000001', '61', 1.000, 100.0, '', '2023-08-22 06:52:51', '2023-08-22 06:28:31', NULL, '2023-08-23 06:28:31', NULL, NULL, NULL, '2023-07-12 00:00:00', '2023-08-22 06:52:51', '2023-08-22 06:52:51', 'A', 'OP202308160'),
(162, 207, 1, 1, 1, 1, 0, 'PLPVL00000001', '61', 1.000, 100.0, '', '2023-08-22 06:53:04', '2023-08-22 06:28:31', NULL, '2023-08-23 06:28:31', NULL, NULL, NULL, '2023-07-12 00:00:00', '2023-08-22 06:53:04', '2023-08-22 06:53:04', 'A', 'OP202308161'),
(163, 207, 1, 1, 1, 1, 0, 'PLPVL00000001', '61', 1.000, 100.0, '', '2023-08-22 06:53:22', '2023-08-22 06:28:31', NULL, '2023-08-23 06:28:31', NULL, NULL, NULL, '2023-07-12 00:00:00', '2023-08-22 06:53:22', '2023-08-22 06:53:22', 'A', 'OP202308162'),
(164, 207, 1, 1, 1, 1, 0, 'PLPVL00000001', '61', 1.000, 100.0, '', '2023-08-22 07:02:00', '2023-08-22 06:28:31', NULL, '2023-08-23 06:28:31', NULL, NULL, NULL, '2023-07-12 00:00:00', '2023-08-22 07:02:00', '2023-08-22 07:02:00', 'A', 'OP202308163'),
(165, 207, 1, 1, 1, 1, 0, 'PLPVL00000001', '61', 1.000, 100.0, '', '2023-08-22 07:02:22', '2023-08-22 06:28:31', NULL, '2023-08-23 06:28:31', NULL, NULL, NULL, '2023-07-12 00:00:00', '2023-08-22 07:02:22', '2023-08-22 07:02:22', 'A', 'OP202308164'),
(166, 207, 1, 1, 1, 1, 0, 'PLPVL00000001', '61', 1.000, 100.0, '', '2023-08-22 07:03:16', '2023-08-22 06:28:31', NULL, '2023-08-23 06:28:31', NULL, NULL, NULL, '2023-07-12 00:00:00', '2023-08-22 07:03:16', '2023-08-22 07:03:16', 'A', 'OP202308165'),
(167, 207, 1, 1, 1, 1, 0, 'PLPVL00000001', '61', 1.000, 100.0, '', '2023-08-22 07:04:25', '2023-08-22 06:28:31', NULL, '2023-08-23 06:28:31', NULL, NULL, NULL, '2023-07-12 00:00:00', '2023-08-22 07:04:25', '2023-08-22 07:04:25', 'A', 'OP202308166'),
(168, 207, 1, 1, 1, 1, 0, 'PLPVL00000001', '61', 1.000, 100.0, '', '2023-08-22 07:06:22', '2023-08-22 06:28:31', NULL, '2023-08-23 06:28:31', NULL, NULL, NULL, '2023-07-12 00:00:00', '2023-08-22 07:06:22', '2023-08-22 07:06:22', 'A', 'OP202308167'),
(169, 207, 1, 1, 1, 1, 0, 'PLPVL00000001', '61', 1.000, 100.0, '', '2023-08-22 07:06:54', '2023-08-22 06:28:31', NULL, '2023-08-23 06:28:31', NULL, NULL, NULL, '2023-07-12 00:00:00', '2023-08-22 07:06:54', '2023-08-22 07:06:54', 'A', 'OP202308168'),
(170, 207, 1, 1, 1, 1, 0, 'PLPVL00000001', '61', 1.000, 100.0, '', '2023-08-22 07:07:24', '2023-08-22 06:28:31', NULL, '2023-08-23 06:28:31', NULL, NULL, NULL, '2023-07-12 00:00:00', '2023-08-22 07:07:24', '2023-08-22 07:07:24', 'A', 'OP202308169'),
(171, 207, 1, 1, 1, 1, 0, 'PLPVL00000001', '61', 1.000, 100.0, '', '2023-08-22 07:07:56', '2023-08-22 06:28:31', NULL, '2023-08-23 06:28:31', NULL, NULL, NULL, '2023-07-12 00:00:00', '2023-08-22 07:07:56', '2023-08-22 07:07:56', 'A', 'OP202308170'),
(172, 207, 1, 1, 1, 1, 0, 'PLPVL00000001', '61', 1.000, 100.0, '', '2023-08-22 07:08:46', '2023-08-22 06:28:31', NULL, '2023-08-23 06:28:31', NULL, NULL, NULL, '2023-07-12 00:00:00', '2023-08-22 07:08:46', '2023-08-22 07:08:46', 'A', 'OP202308171'),
(173, 207, 1, 1, 1, 1, 0, 'PLPVL00000001', '61', 1.000, 100.0, '', '2023-08-22 07:09:24', '2023-08-22 06:28:31', NULL, '2023-08-23 06:28:31', NULL, NULL, NULL, '2023-07-12 00:00:00', '2023-08-22 07:09:24', '2023-08-22 07:09:24', 'A', 'OP202308172'),
(174, 207, 1, 1, 1, 1, 0, 'PLPVL00000001', '61', 1.000, 100.0, '', '2023-08-22 07:09:41', '2023-08-22 06:28:31', NULL, '2023-08-23 06:28:31', NULL, NULL, NULL, '2023-07-12 00:00:00', '2023-08-22 07:09:41', '2023-08-22 07:09:41', 'A', 'OP202308173'),
(175, 207, 1, 1, 1, 1, 0, 'PLPVL00000001', '61', 1.000, 100.0, '', '2023-08-22 07:10:53', '2023-08-22 06:28:31', NULL, '2023-08-23 06:28:31', NULL, NULL, NULL, '2023-07-12 00:00:00', '2023-08-22 07:10:53', '2023-08-22 07:10:53', 'A', 'OP202308174'),
(176, 207, 1, 1, 1, 1, 0, 'PLPVL00000001', '61', 1.000, 100.0, '', '2023-08-22 07:13:45', '2023-08-22 06:28:31', NULL, '2023-08-23 06:28:31', NULL, NULL, NULL, '2023-07-12 00:00:00', '2023-08-22 07:13:45', '2023-08-22 07:13:45', 'A', 'OP202308175'),
(177, 207, 1, 1, 1, 1, 0, 'PLPVL00000001', '61', 1.000, 100.0, '', '2023-08-22 07:15:29', '2023-08-22 06:28:31', NULL, '2023-08-23 06:28:31', NULL, NULL, NULL, '2023-07-12 00:00:00', '2023-08-22 07:15:29', '2023-08-22 07:15:29', 'A', 'OP202308176'),
(178, 207, 1, 1, 1, 1, 0, 'PLPVL00000001', '66', 1.000, 100.0, '', '2023-08-22 07:23:07', '2023-08-22 07:21:43', NULL, '2023-08-24 07:21:43', NULL, NULL, NULL, '2023-09-06 00:00:00', '2023-08-22 07:23:07', '2023-08-22 07:23:07', 'A', 'OP202308177'),
(179, 207, 1, 1, 1, 1, 0, 'PLPVL00000001', '66', 1.000, 100.0, '', '2023-08-22 07:27:49', '2023-08-22 07:21:43', NULL, '2023-08-24 07:21:43', NULL, NULL, NULL, '2023-09-06 00:00:00', '2023-08-22 07:27:49', '2023-08-22 07:27:49', 'A', 'OP202308178'),
(180, 207, 1, 1, 1, 1, 0, 'PLPVL00000001', '66', 1.000, 100.0, '', '2023-08-22 07:29:09', '2023-08-22 07:21:43', NULL, '2023-08-24 07:21:43', NULL, NULL, NULL, '2023-09-06 00:00:00', '2023-08-22 07:29:09', '2023-08-22 07:29:09', 'A', 'OP202308179'),
(181, 207, 1, 1, 1, 1, 0, 'PLPVL00000001', '66', 1.000, 100.0, '', '2023-08-22 07:29:14', '2023-08-22 07:21:43', NULL, '2023-08-24 07:21:43', NULL, NULL, NULL, '2023-09-06 00:00:00', '2023-08-22 07:29:14', '2023-08-22 07:29:14', 'A', 'OP202308180'),
(182, 207, 1, 1, 1, 1, 0, 'PLPVL00000001', '66', 1.000, 100.0, '', '2023-08-22 07:29:27', '2023-08-22 07:21:43', NULL, '2023-08-24 07:21:43', NULL, NULL, NULL, '2023-09-06 00:00:00', '2023-08-22 07:29:27', '2023-08-22 07:29:27', 'A', 'OP202308181'),
(183, 207, 1, 1, 1, 1, 0, 'PLPVL00000001', '66', 1.000, 100.0, '', '2023-08-22 07:29:31', '2023-08-22 07:21:43', NULL, '2023-08-24 07:21:43', NULL, NULL, NULL, '2023-09-06 00:00:00', '2023-08-22 07:29:31', '2023-08-22 07:29:31', 'A', 'OP202308182'),
(184, 207, 1, 1, 1, 1, 0, 'PLPVL00000001', '66', 1.000, 100.0, '', '2023-08-22 07:29:46', '2023-08-22 07:21:43', NULL, '2023-08-24 07:21:43', NULL, NULL, NULL, '2023-09-06 00:00:00', '2023-08-22 07:29:46', '2023-08-22 07:29:46', 'A', 'OP202308183'),
(185, 207, 1, 1, 1, 1, 0, 'PLPVL00000001', '66', 1.000, 100.0, '', '2023-08-22 07:29:47', '2023-08-22 07:21:43', NULL, '2023-08-24 07:21:43', NULL, NULL, NULL, '2023-09-06 00:00:00', '2023-08-22 07:29:47', '2023-08-22 07:29:47', 'A', 'OP202308184'),
(186, 207, 1, 1, 1, 1, 0, 'PLPVL00000001', '66', 1.000, 100.0, '', '2023-08-22 07:29:48', '2023-08-22 07:21:43', NULL, '2023-08-24 07:21:43', NULL, NULL, NULL, '2023-09-06 00:00:00', '2023-08-22 07:29:48', '2023-08-22 07:29:48', 'A', 'OP202308185'),
(187, 207, 1, 1, 1, 1, 0, 'PLPVL00000001', '66', 1.000, 100.0, '', '2023-08-22 07:29:49', '2023-08-22 07:21:43', NULL, '2023-08-24 07:21:43', NULL, NULL, NULL, '2023-09-06 00:00:00', '2023-08-22 07:29:49', '2023-08-22 07:29:49', 'A', 'OP202308186'),
(188, 207, 1, 1, 1, 1, 0, 'PLPVL00000001', '66', 1.000, 100.0, '', '2023-08-22 07:29:51', '2023-08-22 07:21:43', NULL, '2023-08-24 07:21:43', NULL, NULL, NULL, '2023-09-06 00:00:00', '2023-08-22 07:29:51', '2023-08-22 07:29:51', 'A', 'OP202308187'),
(189, 207, 1, 1, 1, 1, 0, 'PLPVL00000001', '66', 1.000, 100.0, '', '2023-08-22 07:29:53', '2023-08-22 07:21:43', NULL, '2023-08-24 07:21:43', NULL, NULL, NULL, '2023-09-06 00:00:00', '2023-08-22 07:29:53', '2023-08-22 07:29:53', 'A', 'OP202308188');

-- --------------------------------------------------------

--
-- Estructura de tabla para la tabla `produccion_agregacion`
--

CREATE TABLE `produccion_agregacion` (
  `id` int(11) NOT NULL,
  `idProdc` int(11) NOT NULL,
  `idProdt` int(11) NOT NULL,
  `idAlm` int(11) NOT NULL,
  `idProdAgrMot` int(11) NOT NULL,
  `canProdAgr` decimal(10,3) DEFAULT 0.000,
  `fecCreProdAgr` datetime DEFAULT current_timestamp(),
  `fecActProdAgr` datetime DEFAULT current_timestamp(),
  `estReg` char(1) DEFAULT 'A'
) ENGINE=InnoDB DEFAULT CHARSET=utf8 COLLATE=utf8_general_ci;

--
-- Volcado de datos para la tabla `produccion_agregacion`
--

INSERT INTO `produccion_agregacion` (`id`, `idProdc`, `idProdt`, `idAlm`, `idProdAgrMot`, `canProdAgr`, `fecCreProdAgr`, `fecActProdAgr`, `estReg`) VALUES
(4, 189, 273, 4, 2, 1.000, '2023-08-24 08:55:33', '2023-08-24 08:55:33', 'A'),
(5, 189, 273, 4, 2, 5.000, '2023-08-24 08:56:36', '2023-08-24 08:56:36', 'A'),
(6, 166, 273, 4, 1, 0.050, '2023-08-28 07:40:49', '2023-08-28 07:40:49', 'A'),
(7, 166, 273, 4, 1, 0.050, '2023-08-28 07:41:25', '2023-08-28 07:41:25', 'A'),
(8, 166, 273, 4, 1, 0.050, '2023-08-28 07:41:32', '2023-08-28 07:41:32', 'A'),
(9, 166, 273, 4, 1, 0.050, '2023-08-28 07:41:47', '2023-08-28 07:41:47', 'A'),
(10, 166, 273, 4, 1, 0.050, '2023-08-28 07:41:55', '2023-08-28 07:41:55', 'A'),
(11, 166, 273, 4, 1, 0.050, '2023-08-28 07:43:06', '2023-08-28 07:43:06', 'A'),
(12, 166, 273, 4, 1, 0.050, '2023-08-28 07:44:09', '2023-08-28 07:44:09', 'A'),
(13, 189, 273, 4, 1, 0.050, '2023-08-28 07:48:54', '2023-08-28 07:48:54', 'A'),
(14, 189, 273, 4, 2, 0.050, '2023-08-28 08:23:39', '2023-08-28 08:23:39', 'A');

-- --------------------------------------------------------

--
-- Estructura de tabla para la tabla `produccion_agregacion_motivo`
--

CREATE TABLE `produccion_agregacion_motivo` (
  `id` int(11) NOT NULL,
  `desProdAgrMot` char(40) DEFAULT NULL,
  `estReg` char(1) DEFAULT 'A'
) ENGINE=InnoDB DEFAULT CHARSET=utf8 COLLATE=utf8_general_ci;

--
-- Volcado de datos para la tabla `produccion_agregacion_motivo`
--

INSERT INTO `produccion_agregacion_motivo` (`id`, `desProdAgrMot`, `estReg`) VALUES
(1, 'Faltante de materiales', 'A'),
(2, 'Otros motivos', 'A');

-- --------------------------------------------------------

--
-- Estructura de tabla para la tabla `produccion_devolucion`
--

CREATE TABLE `produccion_devolucion` (
  `id` int(11) NOT NULL,
  `idProdc` int(11) NOT NULL,
  `idProdt` int(11) NOT NULL,
  `idAlm` int(11) NOT NULL,
  `idProdDevMot` int(11) NOT NULL,
  `canProdDev` decimal(10,3) DEFAULT 0.000,
  `fecCreProdDev` datetime DEFAULT current_timestamp(),
  `fecActProdDev` datetime DEFAULT current_timestamp(),
  `estReg` char(1) DEFAULT 'A'
) ENGINE=InnoDB DEFAULT CHARSET=utf8 COLLATE=utf8_general_ci;

-- --------------------------------------------------------

--
-- Estructura de tabla para la tabla `produccion_devolucion_motivo`
--

CREATE TABLE `produccion_devolucion_motivo` (
  `id` int(11) NOT NULL,
  `desProdDevMot` char(40) DEFAULT NULL,
  `estReg` char(1) DEFAULT 'A'
) ENGINE=InnoDB DEFAULT CHARSET=utf8 COLLATE=utf8_general_ci;

--
-- Volcado de datos para la tabla `produccion_devolucion_motivo`
--

INSERT INTO `produccion_devolucion_motivo` (`id`, `desProdDevMot`, `estReg`) VALUES
(1, 'Sobrantes de requisicion', 'A'),
(2, 'Desmedros de produccion', 'A');

-- --------------------------------------------------------

--
-- Estructura de tabla para la tabla `produccion_estado`
--

CREATE TABLE `produccion_estado` (
  `id` int(11) NOT NULL,
  `desEstPro` char(40) DEFAULT NULL,
  `estReg` char(1) DEFAULT 'A'
) ENGINE=InnoDB DEFAULT CHARSET=utf8 COLLATE=utf8_general_ci;

--
-- Volcado de datos para la tabla `produccion_estado`
--

INSERT INTO `produccion_estado` (`id`, `desEstPro`, `estReg`) VALUES
(1, 'Produccion iniciada', 'A'),
(2, 'Proceso de molienda terminado', 'A'),
(3, 'Proceso de frescos terminado', 'A'),
(4, 'Proceso de envasado terminado', 'A'),
(5, 'Proceso encajado terminado', 'A'),
(6, 'Produccion terminada', 'A');

-- --------------------------------------------------------

--
-- Estructura de tabla para la tabla `produccion_fin_programado_estado`
--

CREATE TABLE `produccion_fin_programado_estado` (
  `id` int(11) NOT NULL,
  `desProdFinProgEst` char(40) DEFAULT NULL,
  `estReg` char(1) DEFAULT 'A'
) ENGINE=InnoDB DEFAULT CHARSET=utf8 COLLATE=utf8_general_ci;

--
-- Volcado de datos para la tabla `produccion_fin_programado_estado`
--

INSERT INTO `produccion_fin_programado_estado` (`id`, `desProdFinProgEst`, `estReg`) VALUES
(1, 'Finalizado a tiempo', 'A'),
(2, 'Atrasado en la finalizacion', 'A'),
(3, 'Adelantado en la finalizacion', 'A');

-- --------------------------------------------------------

--
-- Estructura de tabla para la tabla `produccion_inicio_programado_estado`
--

CREATE TABLE `produccion_inicio_programado_estado` (
  `id` int(11) NOT NULL,
  `desProdIniProgEst` char(40) DEFAULT NULL,
  `estReg` char(1) DEFAULT 'A'
) ENGINE=InnoDB DEFAULT CHARSET=utf8 COLLATE=utf8_general_ci;

--
-- Volcado de datos para la tabla `produccion_inicio_programado_estado`
--

INSERT INTO `produccion_inicio_programado_estado` (`id`, `desProdIniProgEst`, `estReg`) VALUES
(1, 'Iniciado a tiempo', 'A'),
(2, 'Atrasado en el inicio', 'A'),
(3, 'Adelantado en el inicio', 'A');

-- --------------------------------------------------------

--
-- Estructura de tabla para la tabla `produccion_producto_final`
--

CREATE TABLE `produccion_producto_final` (
  `id` int(11) NOT NULL,
  `idProdc` int(11) NOT NULL,
  `idProdcProdtFinEst` int(11) NOT NULL,
  `idProdt` int(11) NOT NULL,
  `canTotProgProdFin` decimal(10,3) DEFAULT 0.000,
  `canTotIngProdFin` decimal(10,3) DEFAULT 0.000,
  `fecCreProdcProdtFin` datetime DEFAULT current_timestamp(),
  `fecActProdcProdtFin` datetime DEFAULT current_timestamp(),
  `estReg` char(1) DEFAULT 'A',
  `idProdFin` int(11) DEFAULT NULL
) ENGINE=InnoDB DEFAULT CHARSET=utf8 COLLATE=utf8_general_ci;

--
-- Volcado de datos para la tabla `produccion_producto_final`
--

INSERT INTO `produccion_producto_final` (`id`, `idProdc`, `idProdcProdtFinEst`, `idProdt`, `canTotProgProdFin`, `canTotIngProdFin`, `fecCreProdcProdtFin`, `fecActProdcProdtFin`, `estReg`, `idProdFin`) VALUES
(3, 20, 1, 121, 500.000, 0.000, '2023-08-07 11:56:47', '2023-08-07 11:56:47', 'A', NULL),
(4, 21, 1, 123, 500.000, 0.000, '2023-08-07 11:59:49', '2023-08-07 11:59:49', 'A', NULL),
(5, 22, 1, 52, 108.000, 0.000, '2023-08-07 12:55:44', '2023-08-07 12:55:44', 'A', NULL),
(6, 22, 1, 69, 56.000, 0.000, '2023-08-07 12:55:44', '2023-08-07 12:55:44', 'A', NULL),
(7, 22, 1, 27, 150.000, 0.000, '2023-08-07 12:55:44', '2023-08-07 12:55:44', 'A', NULL),
(8, 22, 1, 38, 240.000, 0.000, '2023-08-07 12:55:44', '2023-08-07 12:55:44', 'A', NULL),
(9, 22, 1, 60, 100.000, 0.000, '2023-08-07 12:55:44', '2023-08-07 12:55:44', 'A', NULL),
(10, 22, 1, 91, 30.000, 0.000, '2023-08-07 12:55:44', '2023-08-07 12:55:44', 'A', NULL),
(11, 22, 1, 389, 100.000, 0.000, '2023-08-07 12:55:44', '2023-08-07 12:55:44', 'A', NULL),
(12, 22, 1, 7, 6049.738, 0.000, '2023-08-07 12:55:44', '2023-08-07 12:55:44', 'A', NULL),
(13, 23, 1, 4, 5000.000, 0.000, '2023-08-09 08:56:27', '2023-08-09 08:56:27', 'A', NULL),
(14, 23, 1, 50, 42.000, 0.000, '2023-08-09 08:56:27', '2023-08-09 08:56:27', 'A', NULL),
(15, 23, 1, 59, 100.000, 0.000, '2023-08-09 08:56:27', '2023-08-09 08:56:27', 'A', NULL),
(16, 23, 1, 35, 240.000, 0.000, '2023-08-09 08:56:27', '2023-08-09 08:56:27', 'A', NULL),
(17, 23, 1, 25, 150.000, 0.000, '2023-08-09 08:56:27', '2023-08-09 08:56:27', 'A', NULL),
(18, 23, 1, 68, 50.000, 0.000, '2023-08-09 08:56:27', '2023-08-09 08:56:27', 'A', NULL),
(19, 23, 1, 398, 45.990, 0.000, '2023-08-09 08:56:27', '2023-08-09 08:56:27', 'A', NULL),
(20, 24, 1, 78, 180.000, 0.000, '2023-08-09 12:39:19', '2023-08-09 12:39:19', 'A', NULL),
(21, 24, 1, 82, 10100.000, 0.000, '2023-08-09 12:39:19', '2023-08-09 12:39:19', 'A', NULL),
(22, 24, 1, 74, 2380.000, 0.000, '2023-08-09 12:39:19', '2023-08-09 12:39:19', 'A', NULL),
(23, 25, 1, 79, 180.000, 0.000, '2023-08-09 13:11:09', '2023-08-09 13:11:09', 'A', NULL),
(24, 25, 1, 83, 8400.000, 0.000, '2023-08-09 13:11:09', '2023-08-09 13:11:09', 'A', NULL),
(25, 25, 1, 75, 2250.000, 0.000, '2023-08-09 13:11:09', '2023-08-09 13:11:09', 'A', NULL),
(26, 26, 1, 76, 1699.823, 0.000, '2023-08-09 15:31:03', '2023-08-09 15:31:03', 'A', NULL),
(27, 26, 1, 80, 180.000, 0.000, '2023-08-09 15:31:03', '2023-08-09 15:31:03', 'A', NULL),
(28, 26, 1, 84, 6120.000, 0.000, '2023-08-09 15:31:03', '2023-08-09 15:31:03', 'A', NULL),
(29, 27, 1, 10, 1276.000, 0.000, '2023-08-11 12:07:54', '2023-08-11 12:07:54', 'A', NULL),
(30, 27, 1, 31, 300.000, 0.000, '2023-08-11 12:07:54', '2023-08-11 12:07:54', 'A', NULL),
(31, 27, 1, 62, 201.000, 0.000, '2023-08-11 12:07:54', '2023-08-11 12:07:54', 'A', NULL),
(32, 27, 1, 71, 100.000, 0.000, '2023-08-11 12:07:54', '2023-08-11 12:07:54', 'A', NULL),
(33, 27, 1, 93, 50.000, 0.000, '2023-08-11 12:07:54', '2023-08-11 12:07:54', 'A', NULL),
(34, 27, 1, 400, 50.000, 0.000, '2023-08-11 12:07:54', '2023-08-11 12:07:54', 'A', NULL),
(35, 27, 1, 41, 480.000, 0.000, '2023-08-11 12:07:54', '2023-08-11 12:07:54', 'A', NULL),
(36, 28, 1, 5, 5820.000, 0.000, '2023-08-12 14:15:22', '2023-08-12 14:15:22', 'A', NULL),
(37, 28, 1, 26, 150.000, 0.000, '2023-08-12 14:15:22', '2023-08-12 14:15:22', 'A', NULL),
(38, 28, 1, 51, 45.000, 0.000, '2023-08-12 14:15:22', '2023-08-12 14:15:22', 'A', NULL),
(39, 29, 1, 9, 1519.841, 0.000, '2023-08-12 14:28:12', '2023-08-12 14:28:12', 'A', NULL),
(40, 29, 1, 29, 300.000, 0.000, '2023-08-12 14:28:12', '2023-08-12 14:28:12', 'A', NULL),
(41, 30, 1, 1, 7700.000, 0.000, '2023-08-17 16:49:42', '2023-08-17 16:49:42', 'A', NULL),
(42, 30, 1, 47, 59.524, 0.000, '2023-08-17 16:49:42', '2023-08-17 16:49:42', 'A', NULL),
(43, 30, 1, 32, 240.000, 0.000, '2023-08-17 16:49:42', '2023-08-17 16:49:42', 'A', NULL),
(44, 31, 1, 30, 300.000, 0.000, '2023-08-18 07:30:59', '2023-08-18 07:30:59', 'A', NULL),
(45, 31, 1, 42, 240.000, 0.000, '2023-08-18 07:30:59', '2023-08-18 07:30:59', 'A', NULL),
(46, 31, 1, 11, 1889.755, 0.000, '2023-08-18 07:30:59', '2023-08-18 07:30:59', 'A', NULL),
(51, 36, 1, 73, 15.000, 0.000, '2023-08-18 10:47:04', '2023-08-18 10:47:04', 'A', NULL),
(52, 37, 1, 45, 286.000, 0.000, '2023-08-18 10:52:53', '2023-08-18 10:52:53', 'A', NULL),
(53, 38, 1, 2, 14880.952, 0.000, '2023-08-18 11:17:25', '2023-08-18 11:17:25', 'A', NULL),
(54, 38, 1, 33, 240.000, 0.000, '2023-08-18 11:17:25', '2023-08-18 11:17:25', 'A', NULL),
(55, 38, 1, 89, 50.000, 0.000, '2023-08-18 11:17:25', '2023-08-18 11:17:25', 'A', NULL),
(56, 39, 1, 73, 15.000, 0.000, '2023-08-21 09:09:31', '2023-08-21 09:09:31', 'A', NULL),
(57, 40, 1, 73, 15.000, 0.000, '2023-08-21 09:09:44', '2023-08-21 09:09:44', 'A', NULL),
(58, 41, 1, 9, 1.984, 0.000, '2023-08-21 10:33:52', '2023-08-21 10:33:52', 'A', NULL),
(59, 42, 1, 29, 41.667, 0.000, '2023-08-21 12:07:01', '2023-08-21 12:07:01', 'A', NULL),
(60, 43, 1, 29, 41.667, 0.000, '2023-08-21 12:36:10', '2023-08-21 12:36:10', 'A', NULL),
(61, 44, 1, 29, 41.667, 0.000, '2023-08-21 12:36:46', '2023-08-21 12:36:46', 'A', NULL),
(62, 45, 1, 29, 41.667, 0.000, '2023-08-21 12:37:25', '2023-08-21 12:37:25', 'A', NULL),
(63, 46, 1, 29, 41.667, 0.000, '2023-08-21 12:38:38', '2023-08-21 12:38:38', 'A', NULL),
(64, 47, 1, 29, 41.667, 0.000, '2023-08-21 12:42:07', '2023-08-21 12:42:07', 'A', NULL),
(65, 48, 1, 29, 41.667, 0.000, '2023-08-21 12:42:21', '2023-08-21 12:42:21', 'A', NULL),
(66, 49, 1, 29, 41.667, 0.000, '2023-08-21 12:44:16', '2023-08-21 12:44:16', 'A', NULL),
(67, 50, 1, 29, 41.667, 0.000, '2023-08-21 12:44:37', '2023-08-21 12:44:37', 'A', NULL),
(68, 51, 1, 29, 41.667, 0.000, '2023-08-21 12:44:59', '2023-08-21 12:44:59', 'A', NULL),
(69, 52, 1, 29, 41.667, 0.000, '2023-08-21 12:45:18', '2023-08-21 12:45:18', 'A', NULL),
(70, 53, 1, 29, 41.667, 0.000, '2023-08-21 12:45:49', '2023-08-21 12:45:49', 'A', NULL),
(71, 54, 1, 29, 41.667, 0.000, '2023-08-21 12:46:51', '2023-08-21 12:46:51', 'A', NULL),
(72, 55, 1, 29, 41.667, 0.000, '2023-08-21 12:47:04', '2023-08-21 12:47:04', 'A', NULL),
(73, 56, 1, 29, 41.667, 0.000, '2023-08-21 12:48:07', '2023-08-21 12:48:07', 'A', NULL),
(74, 57, 1, 29, 41.667, 0.000, '2023-08-21 12:48:51', '2023-08-21 12:48:51', 'A', NULL),
(75, 58, 1, 29, 41.667, 0.000, '2023-08-21 12:49:09', '2023-08-21 12:49:09', 'A', NULL),
(76, 59, 1, 29, 41.667, 0.000, '2023-08-21 12:49:24', '2023-08-21 12:49:24', 'A', NULL),
(77, 60, 1, 29, 41.667, 0.000, '2023-08-21 12:50:12', '2023-08-21 12:50:12', 'A', NULL),
(78, 61, 1, 29, 41.667, 0.000, '2023-08-21 12:52:48', '2023-08-21 12:52:48', 'A', NULL),
(79, 62, 1, 29, 41.667, 0.000, '2023-08-21 12:55:49', '2023-08-21 12:55:49', 'A', NULL),
(80, 63, 1, 29, 41.667, 0.000, '2023-08-21 12:56:13', '2023-08-21 12:56:13', 'A', NULL),
(81, 64, 1, 29, 41.667, 0.000, '2023-08-21 12:59:16', '2023-08-21 12:59:16', 'A', NULL),
(82, 65, 1, 29, 41.667, 0.000, '2023-08-21 13:00:22', '2023-08-21 13:00:22', 'A', NULL),
(83, 66, 1, 29, 41.667, 0.000, '2023-08-21 13:00:45', '2023-08-21 13:00:45', 'A', NULL),
(84, 67, 1, 29, 41.667, 0.000, '2023-08-21 13:01:27', '2023-08-21 13:01:27', 'A', NULL),
(85, 68, 1, 29, 41.667, 0.000, '2023-08-21 13:02:35', '2023-08-21 13:02:35', 'A', NULL),
(86, 69, 1, 29, 41.667, 0.000, '2023-08-21 13:05:57', '2023-08-21 13:05:57', 'A', NULL),
(87, 70, 1, 29, 41.667, 0.000, '2023-08-21 13:07:00', '2023-08-21 13:07:00', 'A', NULL),
(88, 71, 1, 29, 41.667, 0.000, '2023-08-21 13:07:42', '2023-08-21 13:07:42', 'A', NULL),
(89, 72, 1, 29, 41.667, 0.000, '2023-08-21 13:08:45', '2023-08-21 13:08:45', 'A', NULL),
(90, 73, 1, 29, 41.667, 0.000, '2023-08-21 14:20:44', '2023-08-21 14:20:44', 'A', NULL),
(91, 74, 1, 29, 41.667, 0.000, '2023-08-21 14:20:52', '2023-08-21 14:20:52', 'A', NULL),
(92, 75, 1, 29, 41.667, 0.000, '2023-08-21 14:21:27', '2023-08-21 14:21:27', 'A', NULL),
(93, 76, 1, 29, 41.667, 0.000, '2023-08-21 14:22:42', '2023-08-21 14:22:42', 'A', NULL),
(94, 77, 1, 29, 41.667, 0.000, '2023-08-21 14:22:58', '2023-08-21 14:22:58', 'A', NULL),
(95, 78, 1, 9, 1.984, 0.000, '2023-08-21 14:44:10', '2023-08-21 14:44:10', 'A', NULL),
(96, 79, 1, 9, 1.984, 0.000, '2023-08-21 14:45:53', '2023-08-21 14:45:53', 'A', NULL),
(97, 80, 1, 9, 1.984, 0.000, '2023-08-21 14:46:36', '2023-08-21 14:46:36', 'A', NULL),
(98, 81, 1, 9, 1.984, 0.000, '2023-08-21 14:47:21', '2023-08-21 14:47:21', 'A', NULL),
(99, 82, 1, 9, 1.984, 0.000, '2023-08-21 14:48:07', '2023-08-21 14:48:07', 'A', NULL),
(100, 83, 1, 9, 1.984, 0.000, '2023-08-21 14:48:21', '2023-08-21 14:48:21', 'A', NULL),
(101, 84, 1, 9, 1.984, 0.000, '2023-08-21 14:48:33', '2023-08-21 14:48:33', 'A', NULL),
(102, 85, 1, 45, 20.000, 0.000, '2023-08-21 14:51:06', '2023-08-21 14:51:06', 'A', NULL),
(103, 86, 1, 45, 20.000, 0.000, '2023-08-21 14:53:01', '2023-08-21 14:53:01', 'A', NULL),
(104, 87, 1, 45, 20.000, 0.000, '2023-08-21 14:53:50', '2023-08-21 14:53:50', 'A', NULL),
(105, 88, 1, 45, 20.000, 0.000, '2023-08-21 14:57:59', '2023-08-21 14:57:59', 'A', NULL),
(106, 89, 1, 45, 20.000, 0.000, '2023-08-21 14:58:40', '2023-08-21 14:58:40', 'A', NULL),
(107, 90, 1, 45, 20.000, 0.000, '2023-08-21 15:00:02', '2023-08-21 15:00:02', 'A', NULL),
(108, 91, 1, 45, 20.000, 0.000, '2023-08-21 15:00:25', '2023-08-21 15:00:25', 'A', NULL),
(109, 92, 1, 45, 20.000, 0.000, '2023-08-21 15:01:20', '2023-08-21 15:01:20', 'A', NULL),
(110, 93, 1, 45, 20.000, 0.000, '2023-08-21 15:02:03', '2023-08-21 15:02:03', 'A', NULL),
(111, 94, 1, 45, 20.000, 0.000, '2023-08-21 15:02:11', '2023-08-21 15:02:11', 'A', NULL),
(112, 95, 1, 45, 20.000, 0.000, '2023-08-21 15:03:31', '2023-08-21 15:03:31', 'A', NULL),
(113, 96, 1, 45, 20.000, 0.000, '2023-08-21 15:03:39', '2023-08-21 15:03:39', 'A', NULL),
(114, 97, 1, 45, 20.000, 0.000, '2023-08-21 15:03:50', '2023-08-21 15:03:50', 'A', NULL),
(115, 98, 1, 45, 20.000, 0.000, '2023-08-21 15:04:25', '2023-08-21 15:04:25', 'A', NULL),
(116, 99, 1, 45, 20.000, 0.000, '2023-08-21 15:04:57', '2023-08-21 15:04:57', 'A', NULL),
(117, 100, 1, 45, 20.000, 0.000, '2023-08-21 15:05:30', '2023-08-21 15:05:30', 'A', NULL),
(118, 101, 1, 45, 20.000, 0.000, '2023-08-21 15:05:46', '2023-08-21 15:05:46', 'A', NULL),
(119, 102, 1, 45, 20.000, 0.000, '2023-08-21 15:06:11', '2023-08-21 15:06:11', 'A', NULL),
(120, 103, 1, 45, 20.000, 0.000, '2023-08-21 15:06:28', '2023-08-21 15:06:28', 'A', NULL),
(121, 104, 1, 45, 20.000, 0.000, '2023-08-21 15:06:42', '2023-08-21 15:06:42', 'A', NULL),
(122, 105, 1, 45, 20.000, 0.000, '2023-08-21 15:07:08', '2023-08-21 15:07:08', 'A', NULL),
(123, 106, 1, 45, 20.000, 0.000, '2023-08-21 15:08:14', '2023-08-21 15:08:14', 'A', NULL),
(124, 107, 1, 45, 20.000, 0.000, '2023-08-21 15:08:36', '2023-08-21 15:08:36', 'A', NULL),
(125, 108, 1, 45, 20.000, 0.000, '2023-08-21 15:09:06', '2023-08-21 15:09:06', 'A', NULL),
(126, 109, 1, 45, 20.000, 0.000, '2023-08-21 15:11:18', '2023-08-21 15:11:18', 'A', NULL),
(127, 110, 1, 45, 20.000, 0.000, '2023-08-21 15:14:44', '2023-08-21 15:14:44', 'A', NULL),
(128, 111, 1, 45, 20.000, 0.000, '2023-08-21 15:16:13', '2023-08-21 15:16:13', 'A', NULL),
(129, 112, 1, 45, 20.000, 0.000, '2023-08-21 15:16:27', '2023-08-21 15:16:27', 'A', NULL),
(130, 113, 1, 45, 20.000, 0.000, '2023-08-21 15:19:24', '2023-08-21 15:19:24', 'A', NULL),
(131, 114, 1, 45, 20.000, 0.000, '2023-08-21 15:21:02', '2023-08-21 15:21:02', 'A', NULL),
(132, 115, 1, 45, 20.000, 0.000, '2023-08-21 15:21:44', '2023-08-21 15:21:44', 'A', NULL),
(133, 116, 1, 45, 20.000, 0.000, '2023-08-21 15:22:31', '2023-08-21 15:22:31', 'A', NULL),
(134, 117, 1, 45, 20.000, 0.000, '2023-08-21 15:24:47', '2023-08-21 15:24:47', 'A', NULL),
(135, 118, 1, 45, 20.000, 0.000, '2023-08-21 15:25:34', '2023-08-21 15:25:34', 'A', NULL),
(136, 119, 1, 45, 20.000, 0.000, '2023-08-21 15:25:47', '2023-08-21 15:25:47', 'A', NULL),
(137, 120, 1, 45, 20.000, 0.000, '2023-08-21 15:27:59', '2023-08-21 15:27:59', 'A', NULL),
(138, 121, 1, 45, 20.000, 0.000, '2023-08-21 15:29:39', '2023-08-21 15:29:39', 'A', NULL),
(139, 122, 1, 45, 20.000, 0.000, '2023-08-21 15:30:15', '2023-08-21 15:30:15', 'A', NULL),
(140, 123, 1, 45, 20.000, 0.000, '2023-08-21 15:31:01', '2023-08-21 15:31:01', 'A', NULL),
(141, 124, 1, 45, 20.000, 0.000, '2023-08-21 15:31:22', '2023-08-21 15:31:22', 'A', NULL),
(142, 125, 1, 45, 20.000, 0.000, '2023-08-21 15:31:39', '2023-08-21 15:31:39', 'A', NULL),
(143, 126, 1, 45, 20.000, 0.000, '2023-08-21 15:31:47', '2023-08-21 15:31:47', 'A', NULL),
(144, 127, 1, 45, 20.000, 0.000, '2023-08-21 15:31:59', '2023-08-21 15:31:59', 'A', NULL),
(145, 128, 1, 45, 20.000, 0.000, '2023-08-21 15:32:15', '2023-08-21 15:32:15', 'A', NULL),
(146, 129, 1, 45, 20.000, 0.000, '2023-08-21 15:32:22', '2023-08-21 15:32:22', 'A', NULL),
(147, 130, 1, 45, 20.000, 0.000, '2023-08-21 15:32:42', '2023-08-21 15:32:42', 'A', NULL),
(148, 131, 1, 45, 20.000, 0.000, '2023-08-21 15:33:58', '2023-08-21 15:33:58', 'A', NULL),
(149, 132, 1, 45, 20.000, 0.000, '2023-08-21 15:34:03', '2023-08-21 15:34:03', 'A', NULL),
(150, 133, 1, 45, 20.000, 0.000, '2023-08-21 15:34:23', '2023-08-21 15:34:23', 'A', NULL),
(151, 134, 1, 45, 20.000, 0.000, '2023-08-21 15:34:34', '2023-08-21 15:34:34', 'A', NULL),
(152, 135, 1, 45, 20.000, 0.000, '2023-08-21 15:35:25', '2023-08-21 15:35:25', 'A', NULL),
(153, 136, 1, 45, 20.000, 0.000, '2023-08-21 15:35:30', '2023-08-21 15:35:30', 'A', NULL),
(154, 137, 1, 45, 20.000, 0.000, '2023-08-21 15:36:09', '2023-08-21 15:36:09', 'A', NULL),
(155, 138, 1, 45, 20.000, 0.000, '2023-08-21 15:37:04', '2023-08-21 15:37:04', 'A', NULL),
(156, 139, 1, 45, 20.000, 0.000, '2023-08-21 15:37:27', '2023-08-21 15:37:27', 'A', NULL),
(157, 140, 1, 45, 20.000, 0.000, '2023-08-21 15:37:53', '2023-08-21 15:37:53', 'A', NULL),
(158, 141, 1, 45, 20.000, 0.000, '2023-08-21 15:40:19', '2023-08-21 15:40:19', 'A', NULL),
(159, 142, 1, 8, 2.976, 0.000, '2023-08-21 16:55:37', '2023-08-21 16:55:37', 'A', NULL),
(160, 142, 1, 2, 1.984, 0.000, '2023-08-21 16:55:37', '2023-08-21 16:55:37', 'A', NULL),
(161, 143, 1, 8, 2.976, 0.000, '2023-08-21 16:55:39', '2023-08-21 16:55:39', 'A', NULL),
(162, 143, 1, 2, 1.984, 0.000, '2023-08-21 16:55:39', '2023-08-21 16:55:39', 'A', NULL),
(163, 144, 1, 8, 2.976, 0.000, '2023-08-21 16:56:12', '2023-08-21 16:56:12', 'A', NULL),
(164, 144, 1, 2, 1.984, 0.000, '2023-08-21 16:56:12', '2023-08-21 16:56:12', 'A', NULL),
(165, 145, 1, 8, 2.976, 0.000, '2023-08-21 16:56:22', '2023-08-21 16:56:22', 'A', NULL),
(166, 145, 1, 2, 1.984, 0.000, '2023-08-21 16:56:22', '2023-08-21 16:56:22', 'A', NULL),
(167, 146, 1, 52, 7.440, 0.000, '2023-08-22 06:38:04', '2023-08-22 06:38:04', 'A', NULL),
(168, 146, 1, 69, 10.000, 0.000, '2023-08-22 06:38:04', '2023-08-22 06:38:04', 'A', NULL),
(169, 147, 1, 52, 7.440, 0.000, '2023-08-22 06:39:16', '2023-08-22 06:39:16', 'A', NULL),
(170, 147, 1, 69, 10.000, 0.000, '2023-08-22 06:39:16', '2023-08-22 06:39:16', 'A', NULL),
(171, 148, 1, 52, 7.440, 0.000, '2023-08-22 06:43:20', '2023-08-22 06:43:20', 'A', NULL),
(172, 148, 1, 69, 10.000, 0.000, '2023-08-22 06:43:20', '2023-08-22 06:43:20', 'A', NULL),
(173, 149, 1, 52, 7.440, 0.000, '2023-08-22 06:43:32', '2023-08-22 06:43:32', 'A', NULL),
(174, 149, 1, 69, 10.000, 0.000, '2023-08-22 06:43:32', '2023-08-22 06:43:32', 'A', NULL),
(175, 150, 1, 52, 7.440, 0.000, '2023-08-22 06:43:57', '2023-08-22 06:43:57', 'A', NULL),
(176, 150, 1, 69, 10.000, 0.000, '2023-08-22 06:43:57', '2023-08-22 06:43:57', 'A', NULL),
(177, 151, 1, 52, 7.440, 0.000, '2023-08-22 06:44:04', '2023-08-22 06:44:04', 'A', NULL),
(178, 151, 1, 69, 10.000, 0.000, '2023-08-22 06:44:04', '2023-08-22 06:44:04', 'A', NULL),
(179, 152, 1, 52, 7.440, 0.000, '2023-08-22 06:44:17', '2023-08-22 06:44:17', 'A', NULL),
(180, 152, 1, 69, 10.000, 0.000, '2023-08-22 06:44:17', '2023-08-22 06:44:17', 'A', NULL),
(181, 153, 1, 52, 7.440, 0.000, '2023-08-22 06:46:22', '2023-08-22 06:46:22', 'A', NULL),
(182, 153, 1, 69, 10.000, 0.000, '2023-08-22 06:46:22', '2023-08-22 06:46:22', 'A', NULL),
(183, 154, 1, 52, 7.440, 0.000, '2023-08-22 06:46:27', '2023-08-22 06:46:27', 'A', NULL),
(184, 154, 1, 69, 10.000, 0.000, '2023-08-22 06:46:27', '2023-08-22 06:46:27', 'A', NULL),
(185, 155, 1, 52, 7.440, 0.000, '2023-08-22 06:47:48', '2023-08-22 06:47:48', 'A', NULL),
(186, 155, 1, 69, 10.000, 0.000, '2023-08-22 06:47:48', '2023-08-22 06:47:48', 'A', NULL),
(187, 156, 1, 52, 7.440, 0.000, '2023-08-22 06:51:12', '2023-08-22 06:51:12', 'A', NULL),
(188, 156, 1, 69, 10.000, 0.000, '2023-08-22 06:51:12', '2023-08-22 06:51:12', 'A', NULL),
(189, 157, 1, 52, 7.440, 0.000, '2023-08-22 06:51:18', '2023-08-22 06:51:18', 'A', NULL),
(190, 157, 1, 69, 10.000, 0.000, '2023-08-22 06:51:18', '2023-08-22 06:51:18', 'A', NULL),
(191, 158, 1, 52, 7.440, 0.000, '2023-08-22 06:51:38', '2023-08-22 06:51:38', 'A', NULL),
(192, 158, 1, 69, 10.000, 0.000, '2023-08-22 06:51:38', '2023-08-22 06:51:38', 'A', NULL),
(193, 159, 1, 52, 7.440, 0.000, '2023-08-22 06:52:00', '2023-08-22 06:52:00', 'A', NULL),
(194, 159, 1, 69, 10.000, 0.000, '2023-08-22 06:52:00', '2023-08-22 06:52:00', 'A', NULL),
(195, 160, 1, 52, 7.440, 0.000, '2023-08-22 06:52:13', '2023-08-22 06:52:13', 'A', NULL),
(196, 160, 1, 69, 10.000, 0.000, '2023-08-22 06:52:13', '2023-08-22 06:52:13', 'A', NULL),
(197, 161, 1, 52, 7.440, 0.000, '2023-08-22 06:52:51', '2023-08-22 06:52:51', 'A', NULL),
(198, 161, 1, 69, 10.000, 0.000, '2023-08-22 06:52:51', '2023-08-22 06:52:51', 'A', NULL),
(199, 162, 1, 52, 7.440, 0.000, '2023-08-22 06:53:04', '2023-08-22 06:53:04', 'A', NULL),
(200, 162, 1, 69, 10.000, 0.000, '2023-08-22 06:53:04', '2023-08-22 06:53:04', 'A', NULL),
(201, 163, 1, 52, 7.440, 0.000, '2023-08-22 06:53:22', '2023-08-22 06:53:22', 'A', NULL),
(202, 163, 1, 69, 10.000, 0.000, '2023-08-22 06:53:22', '2023-08-22 06:53:22', 'A', NULL),
(203, 164, 1, 52, 7.440, 0.000, '2023-08-22 07:02:00', '2023-08-22 07:02:00', 'A', NULL),
(204, 164, 1, 69, 10.000, 0.000, '2023-08-22 07:02:00', '2023-08-22 07:02:00', 'A', NULL),
(205, 165, 1, 52, 7.440, 0.000, '2023-08-22 07:02:22', '2023-08-22 07:02:22', 'A', NULL),
(206, 165, 1, 69, 10.000, 0.000, '2023-08-22 07:02:22', '2023-08-22 07:02:22', 'A', NULL),
(207, 166, 1, 52, 7.440, 0.000, '2023-08-22 07:03:16', '2023-08-22 07:03:16', 'A', NULL),
(208, 166, 1, 69, 10.000, 0.000, '2023-08-22 07:03:16', '2023-08-22 07:03:16', 'A', NULL),
(209, 167, 1, 52, 7.440, 0.000, '2023-08-22 07:04:25', '2023-08-22 07:04:25', 'A', NULL),
(210, 167, 1, 69, 10.000, 0.000, '2023-08-22 07:04:25', '2023-08-22 07:04:25', 'A', NULL),
(211, 168, 1, 52, 7.440, 0.000, '2023-08-22 07:06:22', '2023-08-22 07:06:22', 'A', NULL),
(212, 168, 1, 69, 10.000, 0.000, '2023-08-22 07:06:22', '2023-08-22 07:06:22', 'A', NULL),
(213, 169, 1, 52, 7.440, 0.000, '2023-08-22 07:06:54', '2023-08-22 07:06:54', 'A', NULL),
(214, 169, 1, 69, 10.000, 0.000, '2023-08-22 07:06:54', '2023-08-22 07:06:54', 'A', NULL),
(215, 170, 1, 52, 7.440, 0.000, '2023-08-22 07:07:24', '2023-08-22 07:07:24', 'A', NULL),
(216, 170, 1, 69, 10.000, 0.000, '2023-08-22 07:07:24', '2023-08-22 07:07:24', 'A', NULL),
(217, 171, 1, 52, 7.440, 0.000, '2023-08-22 07:07:56', '2023-08-22 07:07:56', 'A', NULL),
(218, 171, 1, 69, 10.000, 0.000, '2023-08-22 07:07:56', '2023-08-22 07:07:56', 'A', NULL),
(219, 172, 1, 52, 7.440, 0.000, '2023-08-22 07:08:46', '2023-08-22 07:08:46', 'A', NULL),
(220, 172, 1, 69, 10.000, 0.000, '2023-08-22 07:08:46', '2023-08-22 07:08:46', 'A', NULL),
(221, 173, 1, 52, 7.440, 0.000, '2023-08-22 07:09:24', '2023-08-22 07:09:24', 'A', NULL),
(222, 173, 1, 69, 10.000, 0.000, '2023-08-22 07:09:24', '2023-08-22 07:09:24', 'A', NULL),
(223, 174, 1, 52, 7.440, 0.000, '2023-08-22 07:09:42', '2023-08-22 07:09:42', 'A', NULL),
(224, 174, 1, 69, 10.000, 0.000, '2023-08-22 07:09:42', '2023-08-22 07:09:42', 'A', NULL),
(225, 175, 1, 52, 7.440, 0.000, '2023-08-22 07:10:53', '2023-08-22 07:10:53', 'A', NULL),
(226, 175, 1, 69, 10.000, 0.000, '2023-08-22 07:10:53', '2023-08-22 07:10:53', 'A', NULL),
(227, 176, 1, 52, 7.440, 0.000, '2023-08-22 07:13:45', '2023-08-22 07:13:45', 'A', NULL),
(228, 176, 1, 69, 10.000, 0.000, '2023-08-22 07:13:45', '2023-08-22 07:13:45', 'A', NULL),
(229, 177, 1, 52, 7.440, 0.000, '2023-08-22 07:15:29', '2023-08-22 07:15:29', 'A', NULL),
(230, 177, 1, 69, 10.000, 0.000, '2023-08-22 07:15:29', '2023-08-22 07:15:29', 'A', NULL),
(231, 178, 1, 52, 2.976, 0.000, '2023-08-22 07:23:07', '2023-08-22 07:23:07', 'A', NULL),
(232, 178, 1, 69, 4.000, 0.000, '2023-08-22 07:23:07', '2023-08-22 07:23:07', 'A', NULL),
(233, 179, 1, 52, 2.976, 0.000, '2023-08-22 07:27:49', '2023-08-22 07:27:49', 'A', NULL),
(234, 179, 1, 69, 4.000, 0.000, '2023-08-22 07:27:49', '2023-08-22 07:27:49', 'A', NULL),
(235, 180, 1, 52, 2.976, 0.000, '2023-08-22 07:29:09', '2023-08-22 07:29:09', 'A', NULL),
(236, 180, 1, 69, 4.000, 0.000, '2023-08-22 07:29:09', '2023-08-22 07:29:09', 'A', NULL),
(237, 181, 1, 52, 2.976, 0.000, '2023-08-22 07:29:14', '2023-08-22 07:29:14', 'A', NULL),
(238, 181, 1, 69, 4.000, 0.000, '2023-08-22 07:29:14', '2023-08-22 07:29:14', 'A', NULL),
(239, 182, 1, 52, 2.976, 0.000, '2023-08-22 07:29:27', '2023-08-22 07:29:27', 'A', NULL),
(240, 182, 1, 69, 4.000, 0.000, '2023-08-22 07:29:27', '2023-08-22 07:29:27', 'A', NULL),
(241, 183, 1, 52, 2.976, 0.000, '2023-08-22 07:29:31', '2023-08-22 07:29:31', 'A', NULL),
(242, 183, 1, 69, 4.000, 0.000, '2023-08-22 07:29:31', '2023-08-22 07:29:31', 'A', NULL),
(243, 184, 1, 52, 2.976, 0.000, '2023-08-22 07:29:46', '2023-08-22 07:29:46', 'A', NULL),
(244, 184, 1, 69, 4.000, 0.000, '2023-08-22 07:29:46', '2023-08-22 07:29:46', 'A', NULL),
(245, 185, 1, 52, 2.976, 0.000, '2023-08-22 07:29:47', '2023-08-22 07:29:47', 'A', NULL),
(246, 185, 1, 69, 4.000, 0.000, '2023-08-22 07:29:47', '2023-08-22 07:29:47', 'A', NULL),
(247, 186, 1, 52, 2.976, 0.000, '2023-08-22 07:29:48', '2023-08-22 07:29:48', 'A', NULL),
(248, 186, 1, 69, 4.000, 0.000, '2023-08-22 07:29:48', '2023-08-22 07:29:48', 'A', NULL),
(249, 187, 1, 52, 2.976, 0.000, '2023-08-22 07:29:49', '2023-08-22 07:29:49', 'A', NULL),
(250, 187, 1, 69, 4.000, 0.000, '2023-08-22 07:29:49', '2023-08-22 07:29:49', 'A', NULL),
(251, 188, 1, 52, 2.976, 0.000, '2023-08-22 07:29:51', '2023-08-22 07:29:51', 'A', NULL),
(252, 188, 1, 69, 4.000, 0.000, '2023-08-22 07:29:51', '2023-08-22 07:29:51', 'A', NULL),
(253, 189, 1, 52, 2.976, 0.000, '2023-08-22 07:29:53', '2023-08-22 07:29:53', 'A', NULL),
(254, 189, 1, 69, 4.000, 0.000, '2023-08-22 07:29:53', '2023-08-22 07:29:53', 'A', NULL);

-- --------------------------------------------------------

--
-- Estructura de tabla para la tabla `produccion_producto_final_estado`
--

CREATE TABLE `produccion_producto_final_estado` (
  `id` int(11) NOT NULL,
  `desProProFinEst` char(40) DEFAULT NULL,
  `estReg` char(1) DEFAULT 'A'
) ENGINE=InnoDB DEFAULT CHARSET=utf8 COLLATE=utf8_general_ci;

--
-- Volcado de datos para la tabla `produccion_producto_final_estado`
--

INSERT INTO `produccion_producto_final_estado` (`id`, `desProProFinEst`, `estReg`) VALUES
(1, 'Creado', 'A'),
(2, 'Mayor a programado', 'A'),
(3, 'Menor a programado', 'A'),
(4, 'Conforme a programado', 'A');

-- --------------------------------------------------------

--
-- Estructura de tabla para la tabla `produccion_tipo`
--

CREATE TABLE `produccion_tipo` (
  `id` int(11) NOT NULL,
  `codTipProd` char(3) DEFAULT NULL,
  `desProdTip` char(40) DEFAULT NULL,
  `estReg` char(1) DEFAULT 'A'
) ENGINE=InnoDB DEFAULT CHARSET=utf8 COLLATE=utf8_general_ci;

--
-- Volcado de datos para la tabla `produccion_tipo`
--

INSERT INTO `produccion_tipo` (`id`, `codTipProd`, `desProdTip`, `estReg`) VALUES
(1, 'PVL', 'Polvos', 'A'),
(2, 'FSC', 'Frescos', 'A'),
(3, 'SPA', 'Sales parrilleras', 'A'),
(4, 'SEV', 'Solo envasado', 'A'),
(5, 'SBP', 'Sub producto', 'A');

-- --------------------------------------------------------

--
-- Estructura de tabla para la tabla `producto`
--

CREATE TABLE `producto` (
  `id` int(11) NOT NULL,
  `idMed` int(11) DEFAULT NULL,
  `idCla` int(11) DEFAULT NULL,
  `idSubCla` int(11) DEFAULT NULL,
  `idSubSubCla` int(11) DEFAULT NULL,
  `codProd` char(15) DEFAULT NULL,
  `codProd2` char(15) DEFAULT NULL,
  `codProd3` char(15) DEFAULT NULL,
  `nomProd` char(255) NOT NULL,
  `desProd` char(255) DEFAULT NULL,
  `stoActProd` decimal(7,2) DEFAULT 0.00,
  `esMatPri` tinyint(1) NOT NULL DEFAULT 0,
  `esProFin` tinyint(1) NOT NULL DEFAULT 0,
  `esProProd` tinyint(1) NOT NULL DEFAULT 0,
  `esEnvEnc` tinyint(1) NOT NULL DEFAULT 0,
  `esMerProm` tinyint(1) NOT NULL DEFAULT 0,
  `ctaProd` char(255) DEFAULT NULL,
  `ctaProd2` char(255) DEFAULT NULL,
  `fecCreProd` datetime DEFAULT current_timestamp(),
  `fecActProd` datetime DEFAULT current_timestamp(),
  `estReg` char(1) DEFAULT 'A'
) ENGINE=InnoDB DEFAULT CHARSET=utf8 COLLATE=utf8_general_ci;

--
-- Volcado de datos para la tabla `producto`
--

INSERT INTO `producto` (`id`, `idMed`, `idCla`, `idSubCla`, `idSubSubCla`, `codProd`, `codProd2`, `codProd3`, `nomProd`, `desProd`, `stoActProd`, `esMatPri`, `esProFin`, `esProProd`, `esEnvEnc`, `esMerProm`, `ctaProd`, `ctaProd2`, `fecCreProd`, `fecActProd`, `estReg`) VALUES
(1, 3, 2, 7, NULL, '1', '210101', NULL, 'SAZ. COMPLETO C./AJI SIN PICANTE MOLIDO GIGANTE BATAN X 42 SBS', 'SAZ. COMPLETO C./AJI SIN PICANTE MOLIDO GIGANTE BATAN X 42 SBS', 0.00, 0, 1, 0, 0, 0, '21', NULL, '2023-04-17 12:19:00', '2023-04-17 12:19:00', 'A'),
(2, 3, 2, 7, NULL, '2', '210102', NULL, 'COMINO MOLIDO GIGANTE BATAN X 42 SBS', 'COMINO MOLIDO GIGANTE BATAN X 42 SBS', 0.00, 0, 1, 0, 0, 0, '21', NULL, '2023-04-17 12:19:00', '2023-04-17 12:19:00', 'A'),
(3, 3, 2, 7, NULL, '3', '210103', NULL, 'PIMIENTA NEGRA MOLIDA GIGANTE BATAN X 42 SBS', 'PIMIENTA NEGRA MOLIDA GIGANTE BATAN X 42 SBS', 0.00, 0, 1, 0, 0, 0, '21', NULL, '2023-04-17 12:19:00', '2023-04-17 12:19:00', 'A'),
(4, 3, 2, 7, NULL, '4', '210104', NULL, 'PALILLO MOLIDO GIGANTE BATAN X 42 SBS', 'PALILLO MOLIDO GIGANTE BATAN X 42 SBS', 0.00, 0, 1, 0, 0, 0, '21', NULL, '2023-04-17 12:19:00', '2023-04-17 12:19:00', 'A'),
(5, 3, 2, 7, NULL, '5', '210105', NULL, 'TUCO SAZON SALSA MOLIDO GIGANTE BATAN X 42 SBS', 'TUCO SAZON SALSA MOLIDO GIGANTE BATAN X 42 SBS', 0.00, 0, 1, 0, 0, 0, '21', NULL, '2023-04-17 12:19:00', '2023-04-17 12:19:00', 'A'),
(6, 3, 2, 7, NULL, '6', '210106', NULL, 'AJI COLORADO PANCA PICANTE MOLIDO GIGANTE BATAN X 42 SBS', 'AJI COLORADO PANCA PICANTE MOLIDO GIGANTE BATAN X 42 SBS', 0.00, 0, 1, 0, 0, 0, '21', NULL, '2023-04-17 12:19:00', '2023-04-17 12:19:00', 'A'),
(7, 3, 2, 7, NULL, '7', '210107', NULL, 'AJO MOLIDO GIGANTE BATAN X 42 SBS', 'AJO MOLIDO GIGANTE BATAN X 42 SBS', 0.00, 0, 1, 0, 0, 0, '21', NULL, '2023-04-17 12:19:00', '2023-04-17 12:19:00', 'A'),
(8, 3, 2, 7, NULL, '8', '210108', NULL, 'CANELA MOLIDA GIGANTE BATAN X 42 SBS', 'CANELA MOLIDA GIGANTE BATAN X 42 SBS', 0.00, 0, 1, 0, 0, 0, '21', NULL, '2023-04-17 12:19:00', '2023-04-17 12:19:00', 'A'),
(9, 3, 2, 7, NULL, '9', '210109', NULL, 'EL VERDE SAZONADOR MOLIDO GIGANTE BATAN X 42 SBS', 'EL VERDE SAZONADOR MOLIDO GIGANTE BATAN X 42 SBS', 0.00, 0, 1, 0, 0, 0, '21', NULL, '2023-04-17 12:19:00', '2023-04-17 12:19:00', 'A'),
(10, 3, 2, 7, NULL, '10', '210110', NULL, 'KION MOLIDO GIGANTE BATAN X 42 SBS', 'KION MOLIDO GIGANTE BATAN X 42 SBS', 0.00, 0, 1, 0, 0, 0, '21', NULL, '2023-04-17 12:19:00', '2023-04-17 12:19:00', 'A'),
(11, 3, 2, 7, NULL, '30', '210111', NULL, 'OREGANO SELECTO MOLIDO GIGANTE BATAN X 42 SBS', 'OREGANO SELECTO MOLIDO GIGANTE BATAN X 42 SBS', 0.00, 0, 1, 0, 0, 0, '21', NULL, '2023-04-17 12:19:00', '2023-04-17 12:19:00', 'A'),
(12, 3, 2, 8, NULL, '31', '210201', NULL, 'EL VERDE SAZONADOR MOLIDO GIGANTE BATAN X 27 SBS', 'EL VERDE SAZONADOR MOLIDO GIGANTE BATAN X 27 SBS', 0.00, 0, 1, 0, 0, 0, '21', NULL, '2023-04-17 12:19:00', '2023-04-17 12:19:00', 'A'),
(13, 3, 2, 9, NULL, '26', '210301', NULL, 'SAZ. COMPLETO C./AJI SIN PICANTE MOLIDO BATAN X 84 SBS', 'SAZ. COMPLETO C./AJI SIN PICANTE MOLIDO BATAN X 84 SBS', 0.00, 0, 1, 0, 0, 0, '21', NULL, '2023-04-17 12:19:00', '2023-04-17 12:19:00', 'A'),
(14, 3, 2, 9, NULL, '22', '210302', NULL, 'PALILLO MOLIDO BATAN X 84 SBS', 'PALILLO MOLIDO BATAN X 84 SBS', 0.00, 0, 1, 0, 0, 0, '21', NULL, '2023-04-17 12:19:00', '2023-04-17 12:19:00', 'A'),
(15, 3, 2, 9, NULL, '16', '210303', NULL, 'TUCO SAZON SALSA MOLIDA BATAN X 84 SBS', 'TUCO SAZON SALSA MOLIDA BATAN X 84 SBS', 0.00, 0, 1, 0, 0, 0, '21', NULL, '2023-04-17 12:19:00', '2023-04-17 12:19:00', 'A'),
(16, 3, 2, 9, NULL, '25', '210304', NULL, 'AJO MOLIDO BATAN X 84 SBS', 'AJO MOLIDO BATAN X 84 SBS', 0.00, 0, 1, 0, 0, 0, '21', NULL, '2023-04-17 12:19:00', '2023-04-17 12:19:00', 'A'),
(17, 3, 2, 9, NULL, '21', '210305', NULL, 'CANELA MOLIDA BATAN X 84 SBS', 'CANELA MOLIDA BATAN X 84 SBS', 0.00, 0, 1, 0, 0, 0, '21', NULL, '2023-04-17 12:19:00', '2023-04-17 12:19:00', 'A'),
(18, 3, 2, 10, NULL, '19', '210401', NULL, 'COMINO MOLIDO BATAN X 100 SBS', 'COMINO MOLIDO BATAN X 100 SBS', 0.00, 0, 1, 0, 0, 0, '21', NULL, '2023-04-17 12:19:00', '2023-04-17 12:19:00', 'A'),
(19, 3, 2, 10, NULL, '20', '210402', NULL, 'PIMIENTA NEGRA MOLIDA BATAN X 100 SBS', 'PIMIENTA NEGRA MOLIDA BATAN X 100 SBS', 0.00, 0, 1, 0, 0, 0, '21', NULL, '2023-04-17 12:19:00', '2023-04-17 12:19:00', 'A'),
(20, 3, 2, 11, NULL, '27', '210501', NULL, 'SAZ. COMPLETO C./AJI SIN PICANTE MOLIDO BATAN X 126 SBS', 'SAZ. COMPLETO C./AJI SIN PICANTE MOLIDO BATAN X 126 SBS', 0.00, 0, 1, 0, 0, 0, '21', NULL, '2023-04-17 12:19:00', '2023-04-17 12:19:00', 'A'),
(21, 3, 2, 11, NULL, '29', '210502', NULL, 'PALILLO MOLIDO BATAN X 126 SBS', 'PALILLO MOLIDO BATAN X 126 SBS', 0.00, 0, 1, 0, 0, 0, '21', NULL, '2023-04-17 12:19:00', '2023-04-17 12:19:00', 'A'),
(22, 4, 2, 12, NULL, '201', '210601', NULL, 'SAZ. COMPLETO C./AJI SIN PICANTE MOLIDO GIGANTE BATAN X 02 SBS', 'SAZ. COMPLETO C./AJI SIN PICANTE MOLIDO GIGANTE BATAN X 02 SBS', 0.00, 0, 1, 0, 0, 0, '21', NULL, '2023-04-17 12:19:00', '2023-04-17 12:19:00', 'A'),
(23, 4, 2, 12, NULL, '202', '210602', NULL, 'COMINO MOLIDO GIGANTE BATAN X 02 SBS', 'COMINO MOLIDO GIGANTE BATAN X 02 SBS', 0.00, 0, 1, 0, 0, 0, '21', NULL, '2023-04-17 12:19:00', '2023-04-17 12:19:00', 'A'),
(24, 4, 2, 12, NULL, '203', '210603', NULL, 'PIMIENTA NEGRA MOLIDA GIGANTE BATAN X 02 SBS', 'PIMIENTA NEGRA MOLIDA GIGANTE BATAN X 02 SBS', 0.00, 0, 1, 0, 0, 0, '21', NULL, '2023-04-17 12:19:00', '2023-04-17 12:19:00', 'A'),
(25, 4, 2, 12, NULL, '204', '210604', NULL, 'PALILLO MOLIDO GIGANTE BATAN X 02 SBS', 'PALILLO MOLIDO GIGANTE BATAN X 02 SBS', 0.00, 0, 1, 0, 0, 0, '21', NULL, '2023-04-17 12:19:00', '2023-04-17 12:19:00', 'A'),
(26, 4, 2, 12, NULL, '205', '210605', NULL, 'TUCO SAZON SALSA MOLIDO GIGANTE BATAN X 02 SBS', 'TUCO SAZON SALSA MOLIDO GIGANTE BATAN X 02 SBS', 0.00, 0, 1, 0, 0, 0, '21', NULL, '2023-04-17 12:19:00', '2023-04-17 12:19:00', 'A'),
(27, 4, 2, 12, NULL, '206', '210606', NULL, 'AJO MOLIDO GIGANTE BATAN X 02 SBS', 'AJO MOLIDO GIGANTE BATAN X 02 SBS', 0.00, 0, 1, 0, 0, 0, '21', NULL, '2023-04-17 12:19:00', '2023-04-17 12:19:00', 'A'),
(28, 4, 2, 12, NULL, '207', '210607', NULL, 'CANELA MOLIDA GIGANTE BATAN X 02 SBS', 'CANELA MOLIDA GIGANTE BATAN X 02 SBS', 0.00, 0, 1, 0, 0, 0, '21', NULL, '2023-04-17 12:19:00', '2023-04-17 12:19:00', 'A'),
(29, 4, 2, 12, NULL, '208', '210608', NULL, 'EL VERDE SAZONADOR MOLIDO GIGANTE BATANX 02 SBS', 'EL VERDE SAZONADOR MOLIDO GIGANTE BATANX 02 SBS', 0.00, 0, 1, 0, 0, 0, '21', NULL, '2023-04-17 12:19:00', '2023-04-17 12:19:00', 'A'),
(30, 4, 2, 12, NULL, '209', '210609', NULL, 'OREGANO SELECTO MOLIDO GIGANTE BATAN X 02 SBS', 'OREGANO SELECTO MOLIDO GIGANTE BATAN X 02 SBS', 0.00, 0, 1, 0, 0, 0, '21', NULL, '2023-04-17 12:19:00', '2023-04-17 12:19:00', 'A'),
(31, 4, 2, 12, NULL, '210', '210610', NULL, 'KION MOLIDO GIGANTE BATAN X 02 SBS', 'KION MOLIDO GIGANTE BATAN X 02 SBS', 0.00, 0, 1, 0, 0, 0, '21', NULL, '2023-04-17 12:19:00', '2023-04-17 12:19:00', 'A'),
(32, 5, 2, 13, NULL, '305', '210701', NULL, 'SAZ. COMPLETO C./AJI SIN PICANTE MOLIDO BATAN X 70 GRS', 'SAZ. COMPLETO C./AJI SIN PICANTE MOLIDO BATAN X 70 GRS', 0.00, 0, 1, 0, 0, 0, '21', NULL, '2023-04-17 12:19:00', '2023-04-17 12:19:00', 'A'),
(33, 5, 2, 13, NULL, '302', '210702', NULL, 'COMINO MOLIDO BATAN X 50 GRS', 'COMINO MOLIDO BATAN X 50 GRS', 0.00, 0, 1, 0, 0, 0, '21', NULL, '2023-04-17 12:19:00', '2023-04-17 12:19:00', 'A'),
(34, 5, 2, 13, NULL, '303', '210703', NULL, 'PIMIENTA NEGRA MOLIDA BATAN X 50 GRS', 'PIMIENTA NEGRA MOLIDA BATAN X 50 GRS', 0.00, 0, 1, 0, 0, 0, '21', NULL, '2023-04-17 12:19:00', '2023-04-17 12:19:00', 'A'),
(35, 5, 2, 13, NULL, '309', '210704', NULL, 'PALILLO MOLIDO BATAN X 70 GRS', 'PALILLO MOLIDO BATAN X 70 GRS', 0.00, 0, 1, 0, 0, 0, '21', NULL, '2023-04-17 12:19:00', '2023-04-17 12:19:00', 'A'),
(36, 5, 2, 13, NULL, '304', '210705', NULL, 'TUCO SAZON SALSA MOLIDO BATAN X 70 GRS', 'TUCO SAZON SALSA MOLIDO BATAN X 70 GRS', 0.00, 0, 1, 0, 0, 0, '21', NULL, '2023-04-17 12:19:00', '2023-04-17 12:19:00', 'A'),
(37, 5, 2, 13, NULL, '306', '210706', NULL, 'AJI COLORADO PANCA PICANTE MOLIDO BATAN X 70 GRS', 'AJI COLORADO PANCA PICANTE MOLIDO BATAN X 70 GRS', 0.00, 0, 1, 0, 0, 0, '21', NULL, '2023-04-17 12:19:00', '2023-04-17 12:19:00', 'A'),
(38, 5, 2, 13, NULL, '308', '210707', NULL, 'AJO MOLIDO BATAN X 50 GRS', 'AJO MOLIDO BATAN X 50 GRS', 0.00, 0, 1, 0, 0, 0, '21', NULL, '2023-04-17 12:19:00', '2023-04-17 12:19:00', 'A'),
(39, 5, 2, 13, NULL, '301', '210708', NULL, 'CANELA MOLIDA BATAN X 50 GRS', 'CANELA MOLIDA BATAN X 50 GRS', 0.00, 0, 1, 0, 0, 0, '21', NULL, '2023-04-17 12:19:00', '2023-04-17 12:19:00', 'A'),
(40, 5, 2, 13, NULL, '314', '210709', NULL, 'EL VERDE SAZONADOR MOLIDO BATAN X 50 GRS', 'EL VERDE SAZONADOR MOLIDO BATAN X 50 GRS', 0.00, 0, 1, 0, 0, 0, '21', NULL, '2023-04-17 12:19:00', '2023-04-17 12:19:00', 'A'),
(41, 5, 2, 13, NULL, '307', '210710', NULL, 'KION MOLIDO BATAN X 50 GRS', 'KION MOLIDO BATAN X 50 GRS', 0.00, 0, 1, 0, 0, 0, '21', NULL, '2023-04-17 12:19:00', '2023-04-17 12:19:00', 'A'),
(42, 5, 2, 13, NULL, '310', '210711', NULL, 'OREGANO SELECTO MOLIDO BATAN X 25 GRS', 'OREGANO SELECTO MOLIDO BATAN X 25 GRS', 0.00, 0, 1, 0, 0, 0, '21', NULL, '2023-04-17 12:19:00', '2023-04-17 12:19:00', 'A'),
(43, 5, 2, 13, NULL, '311', '210712', NULL, 'AJI AMARILLO MOLIDO BATAN X 70 GRS', 'AJI AMARILLO MOLIDO BATAN X 70 GRS', 0.00, 0, 1, 0, 0, 0, '21', NULL, '2023-04-17 12:19:00', '2023-04-17 12:19:00', 'A'),
(44, 5, 2, 13, NULL, '312', '210713', NULL, 'AJI PAPRIKA PIMENTON MOLIDO BATAN X 50 GRS', 'AJI PAPRIKA PIMENTON MOLIDO BATAN X 50 GRS', 0.00, 0, 1, 0, 0, 0, '21', NULL, '2023-04-17 12:19:00', '2023-04-17 12:19:00', 'A'),
(45, 5, 2, 13, NULL, '313', '210714', NULL, 'CURRY MOLIDO BATAN X 50 GRS', 'CURRY MOLIDO BATAN X 50 GRS', 0.00, 0, 1, 0, 0, 0, '21', NULL, '2023-04-17 12:19:00', '2023-04-17 12:19:00', 'A'),
(46, 5, 2, 13, NULL, '315', '210715', NULL, 'PIMIENTA BLANCA MOLIDA BATAN X 50 GRS', 'PIMIENTA BLANCA MOLIDA BATAN X 50 GRS', 0.00, 0, 1, 0, 0, 0, '21', NULL, '2023-04-17 12:19:00', '2023-04-17 12:19:00', 'A'),
(47, 8, 2, 14, NULL, '401', '210801', NULL, 'SAZ. COMPLETO C./AJI SIN PICANTE MOLIDO GIGANTE BATAN X 24 GRS', 'SAZ. COMPLETO C./AJI SIN PICANTE MOLIDO GIGANTE BATAN X 24 GRS', 0.00, 0, 1, 0, 0, 0, '21', NULL, '2023-04-17 12:19:00', '2023-04-17 12:19:00', 'A'),
(48, 8, 2, 14, NULL, '403', '210802', NULL, 'COMINO MOLIDO GIGANTE BATAN X 13 GRS', 'COMINO MOLIDO GIGANTE BATAN X 13 GRS', 0.00, 0, 1, 0, 0, 0, '21', NULL, '2023-04-17 12:19:00', '2023-04-17 12:19:00', 'A'),
(49, 8, 2, 14, NULL, '404', '210803', NULL, 'PIMIENTA NEGRA MOLIDA GIGANTE BATAN X 12 GRS', 'PIMIENTA NEGRA MOLIDA GIGANTE BATAN X 12 GRS', 0.00, 0, 1, 0, 0, 0, '21', NULL, '2023-04-17 12:19:00', '2023-04-17 12:19:00', 'A'),
(50, 8, 2, 14, NULL, '402', '210804', NULL, 'PALILLO MOLIDO GIGANTE BATAN X 22 GRS', 'PALILLO MOLIDO GIGANTE BATAN X 22 GRS', 0.00, 0, 1, 0, 0, 0, '21', NULL, '2023-04-17 12:19:00', '2023-04-17 12:19:00', 'A'),
(51, 8, 2, 14, NULL, '405', '210805', NULL, 'TUCO SAZON SALSA MOLIDO BATAN GIGANTE BATAN X 20 GRS', 'TUCO SAZON SALSA MOLIDO BATAN GIGANTE BATAN X 20 GRS', 0.00, 0, 1, 0, 0, 0, '21', NULL, '2023-04-17 12:19:00', '2023-04-17 12:19:00', 'A'),
(52, 8, 2, 14, NULL, '406', '210806', NULL, 'AJO MOLIDO GIGANTE BATAN X 16 GRS', 'AJO MOLIDO GIGANTE BATAN X 16 GRS', 0.00, 0, 1, 0, 0, 0, '21', NULL, '2023-04-17 12:19:00', '2023-04-17 12:19:00', 'A'),
(53, 8, 2, 14, NULL, '408', '210807', NULL, 'CANELA MOLIDA GIGANTE BATAN X 08 GRS', 'CANELA MOLIDA GIGANTE BATAN X 08 GRS', 0.00, 0, 1, 0, 0, 0, '21', NULL, '2023-04-17 12:19:00', '2023-04-17 12:19:00', 'A'),
(54, 8, 2, 14, NULL, '410', '210808', NULL, 'KION MOLIDO GIGANTE BATAN X 14 GRS', 'KION MOLIDO GIGANTE BATAN X 14 GRS', 0.00, 0, 1, 0, 0, 0, '21', NULL, '2023-04-17 12:19:00', '2023-04-17 12:19:00', 'A'),
(55, 8, 2, 14, NULL, '411', '210809', NULL, 'OREGANO SELECTO MOLIDO BATAN X 07 GRS', 'OREGANO SELECTO MOLIDO BATAN X 07 GRS', 0.00, 0, 1, 0, 0, 0, '21', NULL, '2023-04-17 12:19:00', '2023-04-17 12:19:00', 'A'),
(56, 6, 2, 15, NULL, '501', '210901', NULL, 'SAZ. COMPLETO C./AJI SIN PICANTE MOLIDO BATAN X 250 GRS', 'SAZ. COMPLETO C./AJI SIN PICANTE MOLIDO BATAN X 250 GRS', 0.00, 0, 1, 0, 0, 0, '21', NULL, '2023-04-17 12:19:00', '2023-04-17 12:19:00', 'A'),
(57, 6, 2, 15, NULL, '502', '210902', NULL, 'COMINO MOLIDO BATAN X 250 GRS', 'COMINO MOLIDO BATAN X 250 GRS', 0.00, 0, 1, 0, 0, 0, '21', NULL, '2023-04-17 12:19:00', '2023-04-17 12:19:00', 'A'),
(58, 6, 2, 15, NULL, '503', '210903', NULL, 'PIMIENTA NEGRA MOLIDA BATAN X 250 GR', 'PIMIENTA NEGRA MOLIDA BATAN X 250 GR', 0.00, 0, 1, 0, 0, 0, '21', NULL, '2023-04-17 12:19:00', '2023-04-17 12:19:00', 'A'),
(59, 6, 2, 15, NULL, '504', '210904', NULL, 'PALILLO MOLIDO BATAN X 250 GR', 'PALILLO MOLIDO BATAN X 250 GR', 0.00, 0, 1, 0, 0, 0, '21', NULL, '2023-04-17 12:19:00', '2023-04-17 12:19:00', 'A'),
(60, 6, 2, 15, NULL, '505', '210905', NULL, 'AJO MOLIDO BATAN X 250 GR', 'AJO MOLIDO BATAN X 250 GR', 0.00, 0, 1, 0, 0, 0, '21', NULL, '2023-04-17 12:19:00', '2023-04-17 12:19:00', 'A'),
(61, 6, 2, 15, NULL, '507', '210906', NULL, 'CANELA MOLIDA BATAN X 250 GR', 'CANELA MOLIDA BATAN X 250 GR', 0.00, 0, 1, 0, 0, 0, '21', NULL, '2023-04-17 12:19:00', '2023-04-17 12:19:00', 'A'),
(62, 6, 2, 15, NULL, '508', '210907', NULL, 'KION MOLIDO BATAN X 250 GR', 'KION MOLIDO BATAN X 250 GR', 0.00, 0, 1, 0, 0, 0, '21', NULL, '2023-04-17 12:19:00', '2023-04-17 12:19:00', 'A'),
(63, 6, 2, 15, NULL, '506', '210908', NULL, 'OREGANO SELECTO MOLIDO BATAN X 250 GR', 'OREGANO SELECTO MOLIDO BATAN X 250 GR', 0.00, 0, 1, 0, 0, 0, '21', NULL, '2023-04-17 12:19:00', '2023-04-17 12:19:00', 'A'),
(64, 6, 2, 15, NULL, '510', '210909', NULL, 'CURRY MOLIDO BATAN X 250 GR', 'CURRY MOLIDO BATAN X 250 GR', 0.00, 0, 1, 0, 0, 0, '21', NULL, '2023-04-17 12:19:00', '2023-04-17 12:19:00', 'A'),
(65, 6, 2, 16, NULL, '601', '211001', NULL, 'SAZ. COMPLETO C./AJI SIN PICANTE MOLIDO BATAN X 500 GRS', 'SAZ. COMPLETO C./AJI SIN PICANTE MOLIDO BATAN X 500 GRS', 0.00, 0, 1, 0, 0, 0, '21', NULL, '2023-04-17 12:19:00', '2023-04-17 12:19:00', 'A'),
(66, 6, 2, 16, NULL, '602', '211002', NULL, 'COMINO MOLIDO BATAN X 500 GR', 'COMINO MOLIDO BATAN X 500 GR', 0.00, 0, 1, 0, 0, 0, '21', NULL, '2023-04-17 12:19:00', '2023-04-17 12:19:00', 'A'),
(67, 6, 2, 16, NULL, '603', '211003', NULL, 'PIMIENTA NEGRA MOLIDA BATAN X 500 GR', 'PIMIENTA NEGRA MOLIDA BATAN X 500 GR', 0.00, 0, 1, 0, 0, 0, '21', NULL, '2023-04-17 12:19:00', '2023-04-17 12:19:00', 'A'),
(68, 6, 2, 16, NULL, '604', '211004', NULL, 'PALILLO MOLIDO BATAN X 500 GR', 'PALILLO MOLIDO BATAN X 500 GR', 0.00, 0, 1, 0, 0, 0, '21', NULL, '2023-04-17 12:19:00', '2023-04-17 12:19:00', 'A'),
(69, 6, 2, 16, NULL, '605', '211005', NULL, 'AJO MOLIDO BATAN X 500 GR', 'AJO MOLIDO BATAN X 500 GR', 0.00, 0, 1, 0, 0, 0, '21', NULL, '2023-04-17 12:19:00', '2023-04-17 12:19:00', 'A'),
(70, 6, 2, 16, NULL, '607', '211006', NULL, 'CANELA MOLIDA BATAN X 500 GR', 'CANELA MOLIDA BATAN X 500 GR', 0.00, 0, 1, 0, 0, 0, '21', NULL, '2023-04-17 12:19:00', '2023-04-17 12:19:00', 'A'),
(71, 6, 2, 16, NULL, '608', '211007', NULL, 'KION MOLIDO BATAN X 500 GR', 'KION MOLIDO BATAN X 500 GR', 0.00, 0, 1, 0, 0, 0, '21', NULL, '2023-04-17 12:19:00', '2023-04-17 12:19:00', 'A'),
(72, 6, 2, 16, NULL, '606', '211008', NULL, 'OREGANO SELECTO MOLIDO BATAN X 500 GR', 'OREGANO SELECTO MOLIDO BATAN X 500 GR', 0.00, 0, 1, 0, 0, 0, '21', NULL, '2023-04-17 12:19:00', '2023-04-17 12:19:00', 'A'),
(73, 6, 2, 16, NULL, '609', '211009', NULL, 'OREGANO SELECTO GRANULADO BATAN X 500 GR', 'OREGANO SELECTO GRANULADO BATAN X 500 GR', 0.00, 0, 1, 0, 0, 0, '21', NULL, '2023-04-17 12:19:00', '2023-04-17 12:19:00', 'A'),
(74, 3, 2, 19, NULL, '1101', '211301', NULL, 'AJI PANCA FRESCO BATAN X 24 SBS', 'AJI PANCA FRESCO BATAN X 24 SBS', 0.00, 0, 1, 0, 0, 0, '21', NULL, '2023-04-17 12:19:00', '2023-04-17 12:19:00', 'A'),
(75, 3, 2, 19, NULL, '1114', '211302', NULL, 'AJI AMARILLO FRESCO BATAN X 24 SBS', 'AJI AMARILLO FRESCO BATAN X 24 SBS', 0.00, 0, 1, 0, 0, 0, '21', NULL, '2023-04-17 12:19:00', '2023-04-17 12:19:00', 'A'),
(76, 3, 2, 19, NULL, '1116', '211303', NULL, 'CULANTRO FRESCO BATAN X 24 SBS', 'CULANTRO FRESCO BATAN X 24 SBS', 0.00, 0, 1, 0, 0, 0, '21', NULL, '2023-04-17 12:19:00', '2023-04-17 12:19:00', 'A'),
(77, 3, 2, 19, NULL, '1115', '211304', NULL, 'AJO FRESCO BATAN X 24 SBS', 'AJO FRESCO BATAN X 24 SBS', 0.00, 0, 1, 0, 0, 0, '21', NULL, '2023-04-17 12:19:00', '2023-04-17 12:19:00', 'A'),
(78, 4, 2, 21, NULL, '1104', '211501', NULL, 'AJI PANCA FRESCO BATAN X 03 SBS', 'AJI PANCA FRESCO BATAN X 03 SBS', 0.00, 0, 1, 0, 0, 0, '21', NULL, '2023-04-17 12:19:00', '2023-04-17 12:19:00', 'A'),
(79, 4, 2, 21, NULL, '1111', '211502', NULL, 'AJI AMARILLO FRESCO BATAN X 03 SBS', 'AJI AMARILLO FRESCO BATAN X 03 SBS', 0.00, 0, 1, 0, 0, 0, '21', NULL, '2023-04-17 12:19:00', '2023-04-17 12:19:00', 'A'),
(80, 4, 2, 21, NULL, '1119', '211503', NULL, 'CULANTRO FRESCO BATAN X 03 SBS', 'CULANTRO FRESCO BATAN X 03 SBS', 0.00, 0, 1, 0, 0, 0, '21', NULL, '2023-04-17 12:19:00', '2023-04-17 12:19:00', 'A'),
(81, 4, 2, 21, NULL, '1112', '211504', NULL, 'AJO FRESCO BATAN X 03 SBS', 'AJO FRESCO BATAN X 03 SBS', 0.00, 0, 1, 0, 0, 0, '21', NULL, '2023-04-17 12:19:00', '2023-04-17 12:19:00', 'A'),
(82, 4, 2, 22, NULL, '1123', '211601', NULL, 'BATAN AJI PANCA FRESCO X 03 SBS', 'BATAN AJI PANCA FRESCO X 03 SBS', 0.00, 0, 1, 0, 0, 0, '21', NULL, '2023-04-17 12:19:00', '2023-04-17 12:19:00', 'A'),
(83, 4, 2, 22, NULL, '1124', '211602', NULL, 'BATAN AJI AMARILLO FRESCO X 03 SBS', 'BATAN AJI AMARILLO FRESCO X 03 SBS', 0.00, 0, 1, 0, 0, 0, '21', NULL, '2023-04-17 12:19:00', '2023-04-17 12:19:00', 'A'),
(84, 4, 2, 22, NULL, '1125', '211603', NULL, 'BATAN CULANTRO FRESCO X 03 SBS', 'BATAN CULANTRO FRESCO X 03 SBS', 0.00, 0, 1, 0, 0, 0, '21', NULL, '2023-04-17 12:19:00', '2023-04-17 12:19:00', 'A'),
(85, 7, 2, 20, NULL, '1103', '211401', NULL, 'TAPER AJI PANCA FRESCO BATAN X 24 SBS', 'TAPER AJI PANCA FRESCO BATAN X 24 SBS', 0.00, 0, 1, 0, 0, 0, '21', NULL, '2023-04-17 12:19:00', '2023-04-17 12:19:00', 'A'),
(86, 7, 2, 20, NULL, '1109', '211402', NULL, 'TAPER AJI AMARILLO FRESCO BATAN X 24 SBS', 'TAPER AJI AMARILLO FRESCO BATAN X 24 SBS', 0.00, 0, 1, 0, 0, 0, '21', NULL, '2023-04-17 12:19:00', '2023-04-17 12:19:00', 'A'),
(87, 7, 2, 20, NULL, '1121', '211403', NULL, 'TAPER CULANTRO FRESCO BATAN X 24 SBS', 'TAPER CULANTRO FRESCO BATAN X 24 SBS', 0.00, 0, 1, 0, 0, 0, '21', NULL, '2023-04-17 12:19:00', '2023-04-17 12:19:00', 'A'),
(88, 7, 2, 20, NULL, '1110', '211404', NULL, 'TAPER AJO FRESCO BATAN X 24 SBS', 'TAPER AJO FRESCO BATAN X 24 SBS', 0.00, 0, 1, 0, 0, 0, '21', NULL, '2023-04-17 12:19:00', '2023-04-17 12:19:00', 'A'),
(89, 6, 2, 17, NULL, '1202', '211101', NULL, 'COMINO MOLIDO BATAN X 01 KG', 'COMINO MOLIDO BATAN X 01 KG', 0.00, 0, 1, 0, 0, 0, '21', NULL, '2023-04-17 12:19:00', '2023-04-17 12:19:00', 'A'),
(90, 6, 2, 17, NULL, '1203', '211102', NULL, 'PIMIENTA NEGRA MOLIDA BATAN X 01 KG', 'PIMIENTA NEGRA MOLIDA BATAN X 01 KG', 0.00, 0, 1, 0, 0, 0, '21', NULL, '2023-04-17 12:19:00', '2023-04-17 12:19:00', 'A'),
(91, 6, 2, 17, NULL, '1204', '211103', NULL, 'AJO MOLIDO BATAN X 01 KG', 'AJO MOLIDO BATAN X 01 KG', 0.00, 0, 1, 0, 0, 0, '21', NULL, '2023-04-17 12:19:00', '2023-04-17 12:19:00', 'A'),
(92, 6, 2, 17, NULL, '1201', '211104', NULL, 'CANELA MOLIDA BATAN X 01 KG', 'CANELA MOLIDA BATAN X 01 KG', 0.00, 0, 1, 0, 0, 0, '21', NULL, '2023-04-17 12:19:00', '2023-04-17 12:19:00', 'A'),
(93, 6, 2, 17, NULL, '1205', '211105', NULL, 'KION MOLIDO BATAN X 01 KG', 'KION MOLIDO BATAN X 01 KG', 0.00, 0, 1, 0, 0, 0, '21', NULL, '2023-04-17 12:19:00', '2023-04-17 12:19:00', 'A'),
(94, 6, 2, 17, NULL, '1206', '211106', NULL, 'PIMIENTA BLANCA MOLIDA BATAN X 01 KG', 'PIMIENTA BLANCA MOLIDA BATAN X 01 KG', 0.00, 0, 1, 0, 0, 0, '21', NULL, '2023-04-17 12:19:00', '2023-04-17 12:19:00', 'A'),
(95, 6, 2, 18, NULL, '1302', '211201', NULL, 'AJO MOLIDO BATAN X 05 KG', 'AJO MOLIDO BATAN X 05 KG', 0.00, 0, 1, 0, 0, 0, '21', NULL, '2023-04-17 12:19:00', '2023-04-17 12:19:00', 'A'),
(96, 6, 2, 18, NULL, '1301', '211202', NULL, 'PIMIENTA BLANCA MOLIDA BATAN X 05 KG', 'PIMIENTA BLANCA MOLIDA BATAN X 05 KG', 0.00, 0, 1, 0, 0, 0, '21', NULL, '2023-04-17 12:19:00', '2023-04-17 12:19:00', 'A'),
(97, 5, 2, 24, NULL, '1605', '211801', NULL, 'RD. SAZ. COMPLETO C./AJI SIN PICANTE MOLIDO BATAN X 70 GRS', 'RD. SAZ. COMPLETO C./AJI SIN PICANTE MOLIDO BATAN X 70 GRS', 0.00, 0, 1, 0, 0, 0, '21', NULL, '2023-04-17 12:19:00', '2023-04-17 12:19:00', 'A'),
(98, 5, 2, 24, NULL, '1602', '211802', NULL, 'RD. COMINO MOLIDO BATAN X 50 GRS', 'RD. COMINO MOLIDO BATAN X 50 GRS', 0.00, 0, 1, 0, 0, 0, '21', NULL, '2023-04-17 12:19:00', '2023-04-17 12:19:00', 'A'),
(99, 5, 2, 24, NULL, '1603', '211803', NULL, 'RD. PIMIENTA NEGRA MOLIDA BATAN X 50 GRS', 'RD. PIMIENTA NEGRA MOLIDA BATAN X 50 GRS', 0.00, 0, 1, 0, 0, 0, '21', NULL, '2023-04-17 12:19:00', '2023-04-17 12:19:00', 'A'),
(100, 5, 2, 24, NULL, '1609', '211804', NULL, 'RD. PALILLO MOLIDO BATAN X 70 GRS', 'RD. PALILLO MOLIDO BATAN X 70 GRS', 0.00, 0, 1, 0, 0, 0, '21', NULL, '2023-04-17 12:19:00', '2023-04-17 12:19:00', 'A'),
(101, 5, 2, 24, NULL, '1604', '211805', NULL, 'RD. TUCO SAZON SALSA MOLIDO BATAN X 70 GRS', 'RD. TUCO SAZON SALSA MOLIDO BATAN X 70 GRS', 0.00, 0, 1, 0, 0, 0, '21', NULL, '2023-04-17 12:19:00', '2023-04-17 12:19:00', 'A'),
(102, 5, 2, 24, NULL, '1606', '211806', NULL, 'RD. AJI COLORADO PANCA PICANTE MOLIDO BATAN X 70 GRS', 'RD. AJI COLORADO PANCA PICANTE MOLIDO BATAN X 70 GRS', 0.00, 0, 1, 0, 0, 0, '21', NULL, '2023-04-17 12:19:00', '2023-04-17 12:19:00', 'A'),
(103, 5, 2, 24, NULL, '1608', '211807', NULL, 'RD. AJO MOLIDO BATAN X 50 GRS', 'RD. AJO MOLIDO BATAN X 50 GRS', 0.00, 0, 1, 0, 0, 0, '21', NULL, '2023-04-17 12:19:00', '2023-04-17 12:19:00', 'A'),
(104, 5, 2, 24, NULL, '1601', '211808', NULL, 'RD. CANELA MOLIDA BATAN X 50 GRS', 'RD. CANELA MOLIDA BATAN X 50 GRS', 0.00, 0, 1, 0, 0, 0, '21', NULL, '2023-04-17 12:19:00', '2023-04-17 12:19:00', 'A'),
(105, 5, 2, 24, NULL, '1614', '211809', NULL, 'RD. EL VERDE SAZONADOR MOLIDO BATAN X 50 GRS', 'RD. EL VERDE SAZONADOR MOLIDO BATAN X 50 GRS', 0.00, 0, 1, 0, 0, 0, '21', NULL, '2023-04-17 12:19:00', '2023-04-17 12:19:00', 'A'),
(106, 5, 2, 24, NULL, '1607', '211810', NULL, 'RD. KION MOLIDO BATAN X 50 GRS', 'RD. KION MOLIDO BATAN X 50 GRS', 0.00, 0, 1, 0, 0, 0, '21', NULL, '2023-04-17 12:19:00', '2023-04-17 12:19:00', 'A'),
(107, 5, 2, 24, NULL, '1610', '211811', NULL, 'RD. OREGANO SELECTO MOLIDO BATAN X 25 GRS', 'RD. OREGANO SELECTO MOLIDO BATAN X 25 GRS', 0.00, 0, 1, 0, 0, 0, '21', NULL, '2023-04-17 12:19:00', '2023-04-17 12:19:00', 'A'),
(108, 5, 2, 24, NULL, '1611', '211812', NULL, 'RD. AJI AMARILLO MOLIDO BATAN X 70 GRS', 'RD. AJI AMARILLO MOLIDO BATAN X 70 GRS', 0.00, 0, 1, 0, 0, 0, '21', NULL, '2023-04-17 12:19:00', '2023-04-17 12:19:00', 'A'),
(109, 5, 2, 24, NULL, '1612', '211813', NULL, 'RD. AJI PAPRIKA PIMENTON MOLIDO BATAN X 50 GRS', 'RD. AJI PAPRIKA PIMENTON MOLIDO BATAN X 50 GRS', 0.00, 0, 1, 0, 0, 0, '21', NULL, '2023-04-17 12:19:00', '2023-04-17 12:19:00', 'A'),
(110, 5, 2, 24, NULL, '1613', '211814', NULL, 'RD. CURRY MOLIDO BATAN X 50 GRS', 'RD. CURRY MOLIDO BATAN X 50 GRS', 0.00, 0, 1, 0, 0, 0, '21', NULL, '2023-04-17 12:19:00', '2023-04-17 12:19:00', 'A'),
(111, 5, 2, 24, NULL, '1615', '211815', NULL, 'RD. PIMIENTA BLANCA MOLIDA BATAN X 50 GRS', 'RD. PIMIENTA BLANCA MOLIDA BATAN X 50 GRS', 0.00, 0, 1, 0, 0, 0, '21', NULL, '2023-04-17 12:19:00', '2023-04-17 12:19:00', 'A'),
(112, 8, 2, 25, NULL, '1701', '211901', NULL, 'RD. SAZ. COMPLETO C./AJI SIN PICANTE MOLIDO GIGANTE BATAN X 24 GRS', 'RD. SAZ. COMPLETO C./AJI SIN PICANTE MOLIDO GIGANTE BATAN X 24 GRS', 0.00, 0, 1, 0, 0, 0, '21', NULL, '2023-04-17 12:19:00', '2023-04-17 12:19:00', 'A'),
(113, 8, 2, 25, NULL, '1703', '211902', NULL, 'RD. COMINO MOLIDO GIGANTE BATAN X 13 GRS', 'RD. COMINO MOLIDO GIGANTE BATAN X 13 GRS', 0.00, 0, 1, 0, 0, 0, '21', NULL, '2023-04-17 12:19:00', '2023-04-17 12:19:00', 'A'),
(114, 8, 2, 25, NULL, '1704', '211903', NULL, 'RD. PIMIENTA NEGRA MOLIDA GIGANTE BATAN X 12 GRS', 'RD. PIMIENTA NEGRA MOLIDA GIGANTE BATAN X 12 GRS', 0.00, 0, 1, 0, 0, 0, '21', NULL, '2023-04-17 12:19:00', '2023-04-17 12:19:00', 'A'),
(115, 8, 2, 25, NULL, '1702', '211904', NULL, 'RD. PALILLO MOLIDO GIGANTE BATAN X 22 GRS', 'RD. PALILLO MOLIDO GIGANTE BATAN X 22 GRS', 0.00, 0, 1, 0, 0, 0, '21', NULL, '2023-04-17 12:19:00', '2023-04-17 12:19:00', 'A'),
(116, 8, 2, 25, NULL, '1705', '211905', NULL, 'RD. TUCO SAZON SALSA MOLIDO BATAN GIGANTE BATAN X 20 GRS', 'RD. TUCO SAZON SALSA MOLIDO BATAN GIGANTE BATAN X 20 GRS', 0.00, 0, 1, 0, 0, 0, '21', NULL, '2023-04-17 12:19:00', '2023-04-17 12:19:00', 'A'),
(117, 8, 2, 25, NULL, '1706', '211906', NULL, 'RD. AJO MOLIDO GIGANTE BATAN X 16 GRS', 'RD. AJO MOLIDO GIGANTE BATAN X 16 GRS', 0.00, 0, 1, 0, 0, 0, '21', NULL, '2023-04-17 12:19:00', '2023-04-17 12:19:00', 'A'),
(118, 8, 2, 25, NULL, '1708', '211907', NULL, 'RD. CANELA MOLIDA GIGANTE BATAN X 08 GRS', 'RD. CANELA MOLIDA GIGANTE BATAN X 08 GRS', 0.00, 0, 1, 0, 0, 0, '21', NULL, '2023-04-17 12:19:00', '2023-04-17 12:19:00', 'A'),
(119, 8, 2, 25, NULL, '1710', '211908', NULL, 'RD. KION MOLIDO GIGANTE BATAN X 14 GRS', 'RD. KION MOLIDO GIGANTE BATAN X 14 GRS', 0.00, 0, 1, 0, 0, 0, '21', NULL, '2023-04-17 12:19:00', '2023-04-17 12:19:00', 'A'),
(120, 8, 2, 25, NULL, '1711', '211909', NULL, 'RD. OREGANO SELECTO MOLIDO BATAN X 07 GRS', 'RD. OREGANO SELECTO MOLIDO BATAN X 07 GRS', 0.00, 0, 1, 0, 0, 0, '21', NULL, '2023-04-17 12:19:00', '2023-04-17 12:19:00', 'A'),
(121, 5, 2, 23, NULL, '1801', '211701', NULL, 'SAL PARRILLERA PARA RES BATAN X 225 GRS', 'SAL PARRILLERA PARA RES BATAN X 225 GRS', 0.00, 0, 1, 0, 0, 0, '21', NULL, '2023-04-17 12:19:00', '2023-04-17 12:19:00', 'A'),
(122, 5, 2, 23, NULL, '1802', '211702', NULL, 'SAL PARRILLERA PARA POLLO BATAN X 215 GRS', 'SAL PARRILLERA PARA POLLO BATAN X 215 GRS', 0.00, 0, 1, 0, 0, 0, '21', NULL, '2023-04-17 12:19:00', '2023-04-17 12:19:00', 'A'),
(123, 5, 2, 23, NULL, '1803', '211703', NULL, 'SAL PARRILLERA PARA CERDO BATAN X 220 GRS', 'SAL PARRILLERA PARA CERDO BATAN X 220 GRS', 0.00, 0, 1, 0, 0, 0, '21', NULL, '2023-04-17 12:19:00', '2023-04-17 12:19:00', 'A'),
(124, 5, 2, 26, NULL, NULL, '212001', NULL, 'RD. SAL PARRILLERA PARA RES BATAN X 225 GRS', 'RD. SAL PARRILLERA PARA RES BATAN X 225 GRS', 0.00, 0, 1, 0, 0, 0, '21', NULL, '2023-04-17 12:19:00', '2023-04-17 12:19:00', 'A'),
(125, 5, 2, 26, NULL, NULL, '212002', NULL, 'RD. SAL PARRILLERA PARA POLLO BATAN X 215 GRS', 'RD. SAL PARRILLERA PARA POLLO BATAN X 215 GRS', 0.00, 0, 1, 0, 0, 0, '21', NULL, '2023-04-17 12:19:00', '2023-04-17 12:19:00', 'A'),
(126, 5, 2, 26, NULL, NULL, '212003', NULL, 'RD. SAL PARRILLERA PARA CERDO BATAN X 220 GRS', 'RD. SAL PARRILLERA PARA CERDO BATAN X 220 GRS', 0.00, 0, 1, 0, 0, 0, '21', NULL, '2023-04-17 12:19:00', '2023-04-17 12:19:00', 'A'),
(127, 1, 1, 1, NULL, NULL, '240101', NULL, 'AJI PANCA FRESCO', 'AJI PANCA FRESCO', 0.00, 1, 0, 0, 0, 0, '24', NULL, '2023-04-17 12:19:00', '2023-04-17 12:19:00', 'A'),
(128, 1, 1, 1, NULL, '2442', '240102', NULL, 'AJI VERDE FRESCO', 'AJI VERDE FRESCO', 0.00, 1, 0, 0, 0, 0, '24', NULL, '2023-04-17 12:19:00', '2023-04-17 12:19:00', 'A'),
(129, 1, 1, 1, NULL, '2444', '240103', NULL, 'AJO FRESCO', 'AJO FRESCO', 0.00, 1, 0, 0, 0, 0, '24', NULL, '2023-04-17 12:19:00', '2023-04-17 12:19:00', 'A'),
(130, 1, 1, 1, NULL, '2450', '240104', NULL, 'TOMATE FRESCO', 'TOMATE FRESCO', 0.00, 1, 0, 0, 0, 0, '24', NULL, '2023-04-17 12:19:00', '2023-04-17 12:19:00', 'A'),
(131, 1, 1, 1, NULL, '2452', '240105', NULL, 'CULANTRO FRESCO', 'CULANTRO FRESCO', 0.00, 1, 0, 0, 0, 0, '24', NULL, '2023-04-17 12:19:00', '2023-04-17 12:19:00', 'A'),
(132, 1, 1, 1, NULL, '2453', '240106', NULL, 'ESPINACA FRESCO', 'ESPINACA FRESCO', 0.00, 1, 0, 0, 0, 0, '24', NULL, '2023-04-17 12:19:00', '2023-04-17 12:19:00', 'A'),
(133, 1, 1, 1, NULL, NULL, '240107', NULL, 'PEREJIL FRESCO', 'PEREJIL FRESCO', 0.00, 1, 0, 0, 0, 0, '24', NULL, '2023-04-17 12:19:00', '2023-04-17 12:19:00', 'A'),
(134, 1, 1, 1, NULL, NULL, '240108', NULL, 'ALBAHACA FRESCO', 'ALBAHACA FRESCO', 0.00, 1, 0, 0, 0, 0, '24', NULL, '2023-04-17 12:19:00', '2023-04-17 12:19:00', 'A'),
(135, 1, 1, 1, NULL, NULL, '240109', NULL, 'ROCOTO FRESCO', 'ROCOTO FRESCO', 0.00, 1, 0, 0, 0, 0, '24', NULL, '2023-04-17 12:19:00', '2023-04-17 12:19:00', 'A'),
(136, 1, 1, 2, NULL, NULL, '240201', NULL, 'ACHIOTE ENTERO', 'ACHIOTE ENTERO', 0.00, 1, 0, 0, 0, 0, '24', NULL, '2023-04-17 12:19:00', '2023-04-17 12:19:00', 'A'),
(137, 1, 1, 2, NULL, NULL, '240202', NULL, 'PALILLO ENTERO', 'PALILLO ENTERO', 0.00, 1, 0, 0, 0, 0, '24', NULL, '2023-04-17 12:19:00', '2023-04-17 12:19:00', 'A'),
(138, 1, 1, 2, NULL, NULL, '240203', NULL, 'CANELA ENTERA', 'CANELA ENTERA', 0.00, 1, 0, 0, 0, 0, '24', NULL, '2023-04-17 12:19:00', '2023-04-17 12:19:00', 'A'),
(139, 1, 1, 2, NULL, NULL, '240204', NULL, 'KION HOJUELAS', 'KION HOJUELAS', 0.00, 1, 0, 0, 0, 0, '24', NULL, '2023-04-17 12:19:00', '2023-04-17 12:19:00', 'A'),
(140, 1, 1, 2, NULL, NULL, '240205', NULL, 'AJI COLORADO ENTERO', 'AJI COLORADO ENTERO', 0.00, 1, 0, 0, 0, 0, '24', NULL, '2023-04-17 12:19:00', '2023-04-17 12:19:00', 'A'),
(141, 1, 1, 3, NULL, '2403', '240301', NULL, 'ACHIOTE ENTERO SELECIONADO', 'ACHIOTE ENTERO SELECIONADO', 0.00, 1, 0, 0, 0, 0, '24', NULL, '2023-04-17 12:19:00', '2023-04-17 12:19:00', 'A'),
(142, 1, 1, 3, NULL, '2407', '240302', NULL, 'COMINO ENTERO SELECCIONADO', 'COMINO ENTERO SELECCIONADO', 0.00, 1, 0, 0, 0, 0, '24', NULL, '2023-04-17 12:19:00', '2023-04-17 12:19:00', 'A'),
(143, 1, 1, 3, NULL, '2408', '240303', NULL, 'PIMIENTA NEGRA ENTERO SELECCIONADO', 'PIMIENTA NEGRA ENTERO SELECCIONADO', 0.00, 1, 0, 0, 0, 0, '24', NULL, '2023-04-17 12:19:00', '2023-04-17 12:19:00', 'A'),
(144, 1, 1, 3, NULL, '2406', '240304', NULL, 'PALILLO ENTERO SELECCIONADO', 'PALILLO ENTERO SELECCIONADO', 0.00, 1, 0, 0, 0, 0, '24', NULL, '2023-04-17 12:19:00', '2023-04-17 12:19:00', 'A'),
(145, 1, 1, 3, NULL, '2411', '240305', NULL, 'HOJAS DE LAUREL SELECCIONADO', 'HOJAS DE LAUREL SELECCIONADO', 0.00, 1, 0, 0, 0, 0, '24', NULL, '2023-04-17 12:19:00', '2023-04-17 12:19:00', 'A'),
(146, 1, 1, 3, NULL, '2423', '240306', NULL, 'ROCOTO DESHIDRATADO SELECCIONADO', 'ROCOTO DESHIDRATADO SELECCIONADO', 0.00, 1, 0, 0, 0, 0, '24', NULL, '2023-04-17 12:19:00', '2023-04-17 12:19:00', 'A'),
(147, 1, 1, 3, NULL, '2416', '240307', NULL, 'AJO DESHIDRATADO SELECCIONADO', 'AJO DESHIDRATADO SELECCIONADO', 0.00, 1, 0, 0, 0, 0, '24', NULL, '2023-04-17 12:19:00', '2023-04-17 12:19:00', 'A'),
(148, 1, 1, 3, NULL, '2415', '240308', NULL, 'CANELA ENTERA SELECCIONADO', 'CANELA ENTERA SELECCIONADO', 0.00, 1, 0, 0, 0, 0, '24', NULL, '2023-04-17 12:19:00', '2023-04-17 12:19:00', 'A'),
(149, 1, 1, 3, NULL, '2420', '240309', NULL, 'CULANTRO DESHIDRATADO SELECCIONADO', 'CULANTRO DESHIDRATADO SELECCIONADO', 0.00, 1, 0, 0, 0, 0, '24', NULL, '2023-04-17 12:19:00', '2023-04-17 12:19:00', 'A'),
(150, 1, 1, 3, NULL, '2414', '240310', NULL, 'KION HOJUELAS SELECCIONADO', 'KION HOJUELAS SELECCIONADO', 0.00, 1, 0, 0, 0, 0, '24', NULL, '2023-04-17 12:19:00', '2023-04-17 12:19:00', 'A'),
(151, 1, 1, 3, NULL, '2410', '240311', NULL, 'OREGANO DESHIDRATADO SELECCIONADO', 'OREGANO DESHIDRATADO SELECCIONADO', 0.00, 1, 0, 0, 0, 0, '24', NULL, '2023-04-17 12:19:00', '2023-04-17 12:19:00', 'A'),
(152, 1, 1, 3, NULL, '2422', '240312', NULL, 'PEREJIL DESHIDRATADO SELECCIONADO', 'PEREJIL DESHIDRATADO SELECCIONADO', 0.00, 1, 0, 0, 0, 0, '24', NULL, '2023-04-17 12:19:00', '2023-04-17 12:19:00', 'A'),
(153, 1, 1, 3, NULL, '2421', '240313', NULL, 'ALBAHACA DESHIDRATADO SELECCIONADO', 'ALBAHACA DESHIDRATADO SELECCIONADO', 0.00, 1, 0, 0, 0, 0, '24', NULL, '2023-04-17 12:19:00', '2023-04-17 12:19:00', 'A'),
(154, 1, 1, 3, NULL, '2419', '240314', NULL, 'ESPINACA DESHIDRATADO SELECCIONADO', 'ESPINACA DESHIDRATADO SELECCIONADO', 0.00, 1, 0, 0, 0, 0, '24', NULL, '2023-04-17 12:19:00', '2023-04-17 12:19:00', 'A'),
(155, 1, 1, 3, NULL, '2448', '240315', NULL, 'AJI PANCA DESHIDRATADO SELECCIONADO', 'AJI PANCA DESHIDRATADO SELECCIONADO', 0.00, 1, 0, 0, 0, 0, '24', NULL, '2023-04-17 12:19:00', '2023-04-17 12:19:00', 'A'),
(156, 1, 1, 3, NULL, '2401', '240316', NULL, 'AJI COLORADO ENTERO SELECCIONADO', 'AJI COLORADO ENTERO SELECCIONADO', 0.00, 1, 0, 0, 0, 0, '24', NULL, '2023-04-17 12:19:00', '2023-04-17 12:19:00', 'A'),
(157, 1, 1, 3, NULL, '2402', '240317', NULL, 'AJI AMARILLO DESHIDRATADO SELECCIONADO', 'AJI AMARILLO DESHIDRATADO SELECCIONADO', 0.00, 1, 0, 0, 0, 0, '24', NULL, '2023-04-17 12:19:00', '2023-04-17 12:19:00', 'A'),
(158, 1, 1, 3, NULL, '2412', '240318', NULL, 'HONGO DESHIDRATADO SELECCIONADO', 'HONGO DESHIDRATADO SELECCIONADO', 0.00, 1, 0, 0, 0, 0, '24', NULL, '2023-04-17 12:19:00', '2023-04-17 12:19:00', 'A'),
(159, 1, 1, 3, NULL, '2418', '240319', NULL, 'ALVERJITA PARTIDA SELECCIONADO', 'ALVERJITA PARTIDA SELECCIONADO', 0.00, 1, 0, 0, 0, 0, '24', NULL, '2023-04-17 12:19:00', '2023-04-17 12:19:00', 'A'),
(160, 1, 1, 3, NULL, '2456', '240320', NULL, 'ROMERO DESHIDRATADO SELECCIONADO', 'ROMERO DESHIDRATADO SELECCIONADO', 0.00, 1, 0, 0, 0, 0, '24', NULL, '2023-04-17 12:19:00', '2023-04-17 12:19:00', 'A'),
(161, 1, 1, 3, NULL, '2457', '240321', NULL, 'TOMILLO DESHIDRATADO SELECCIONADO', 'TOMILLO DESHIDRATADO SELECCIONADO', 0.00, 1, 0, 0, 0, 0, '24', NULL, '2023-04-17 12:19:00', '2023-04-17 12:19:00', 'A'),
(162, 1, 1, 3, NULL, '2430', '240322', NULL, 'FECULA DE PAPA', 'FECULA DE PAPA', 0.00, 1, 0, 0, 0, 0, '24', NULL, '2023-04-17 12:19:00', '2023-04-17 12:19:00', 'A'),
(163, 1, 1, 3, NULL, '2449', '240323', NULL, 'FECULA DE MAIZ', 'FECULA DE MAIZ', 0.00, 1, 0, 0, 0, 0, '24', NULL, '2023-04-17 12:19:00', '2023-04-17 12:19:00', 'A'),
(164, 1, 1, 3, NULL, '2440', '240324', NULL, 'AJO EN POLVO', 'AJO EN POLVO', 0.00, 1, 0, 0, 0, 0, '24', NULL, '2023-04-17 12:19:00', '2023-04-17 12:19:00', 'A'),
(165, 1, 1, 3, NULL, '2433', '240325', NULL, 'CANELA EN POLVO', 'CANELA EN POLVO', 0.00, 1, 0, 0, 0, 0, '24', NULL, '2023-04-17 12:19:00', '2023-04-17 12:19:00', 'A'),
(166, 1, 1, 3, NULL, '2458', '240326', NULL, 'PIMENTON EN POLVO', 'PIMENTON EN POLVO', 0.00, 1, 0, 0, 0, 0, '24', NULL, '2023-04-17 12:19:00', '2023-04-17 12:19:00', 'A'),
(167, 1, 1, NULL, NULL, NULL, '000001', NULL, 'AA', 'AA', 0.00, 1, 0, 0, 0, 0, '24', NULL, '2023-04-17 12:19:00', '2023-04-17 12:19:00', 'A'),
(168, 1, 1, NULL, NULL, NULL, '000002', NULL, 'BB', 'BB', 0.00, 1, 0, 0, 0, 0, '24', NULL, '2023-04-17 12:19:00', '2023-04-17 12:19:00', 'A'),
(169, 1, 1, NULL, NULL, NULL, '000003', NULL, 'CC', 'CC', 0.00, 1, 0, 0, 0, 0, '24', NULL, '2023-04-17 12:19:00', '2023-04-17 12:19:00', 'A'),
(170, 1, 1, NULL, NULL, NULL, '000004', NULL, 'DD', 'DD', 0.00, 1, 0, 0, 0, 0, '24', NULL, '2023-04-17 12:19:00', '2023-04-17 12:19:00', 'A'),
(171, 1, 1, 4, NULL, '24202', '240401', NULL, 'COMINO MOLIDO PROCESADO', 'COMINO MOLIDO PROCESADO', 0.00, 1, 0, 0, 0, 0, '24', NULL, '2023-04-17 12:19:00', '2023-04-17 12:19:00', 'A'),
(172, 1, 1, 4, NULL, '24203', '240402', NULL, 'PIMIENTA NEGRA MOLIDO PROCESADO', 'PIMIENTA NEGRA MOLIDO PROCESADO', 0.00, 1, 0, 0, 0, 0, '24', NULL, '2023-04-17 12:19:00', '2023-04-17 12:19:00', 'A'),
(173, 1, 1, 4, NULL, '24201', '240403', NULL, 'PALILLO MOLIDO PROCESADO', 'PALILLO MOLIDO PROCESADO', 0.00, 1, 0, 0, 0, 0, '24', NULL, '2023-04-17 12:19:00', '2023-04-17 12:19:00', 'A'),
(174, 1, 1, 4, NULL, '24204', '240404', NULL, 'AJO MOLIDO PROCESADO', 'AJO MOLIDO PROCESADO', 0.00, 1, 0, 0, 0, 0, '24', NULL, '2023-04-17 12:19:00', '2023-04-17 12:19:00', 'A'),
(175, 1, 1, 4, NULL, '24205', '240405', NULL, 'KION MOLIDO PROCESADO', 'KION MOLIDO PROCESADO', 0.00, 1, 0, 0, 0, 0, '24', NULL, '2023-04-17 12:19:00', '2023-04-17 12:19:00', 'A'),
(176, 1, 1, 4, NULL, '24206', '240406', NULL, 'OREGANO MOLIDO PROCESADO', 'OREGANO MOLIDO PROCESADO', 0.00, 1, 0, 0, 0, 0, '24', NULL, '2023-04-17 12:19:00', '2023-04-17 12:19:00', 'A'),
(177, 1, 1, 4, NULL, '24207', '240407', NULL, 'SAL PARRILLERA PROCESADO', 'SAL PARRILLERA PROCESADO', 0.00, 1, 0, 0, 0, 0, '24', NULL, '2023-04-17 12:19:00', '2023-04-17 12:19:00', 'A'),
(178, 1, 1, 5, NULL, '2404', '240501', NULL, 'SAL YODADA', 'SAL YODADA', 0.00, 1, 0, 0, 0, 0, '24', NULL, '2023-04-17 12:19:00', '2023-04-17 12:19:00', 'A'),
(179, 1, 1, 5, NULL, '2454', '240502', NULL, 'SAL DE MARAS GRANULADO', 'SAL DE MARAS GRANULADO', 0.00, 1, 0, 0, 0, 0, '24', NULL, '2023-04-17 12:19:00', '2023-04-17 12:19:00', 'A'),
(180, 1, 1, 5, NULL, '2455', '240503', NULL, 'SAL DE MARAS FINA', 'SAL DE MARAS FINA', 0.00, 1, 0, 0, 0, 0, '24', NULL, '2023-04-17 12:19:00', '2023-04-17 12:19:00', 'A'),
(181, 1, 1, 5, NULL, '2405', '240504', NULL, 'ACEITE VEGETAL', 'ACEITE VEGETAL', 0.00, 1, 0, 0, 0, 0, '24', NULL, '2023-04-17 12:19:01', '2023-04-17 12:19:01', 'A'),
(182, 1, 1, 5, NULL, '2409', '240505', NULL, 'GLUTAMATO MONOSODICO - AJN', 'GLUTAMATO MONOSODICO - AJN', 0.00, 1, 0, 0, 0, 0, '24', NULL, '2023-04-17 12:19:01', '2023-04-17 12:19:01', 'A'),
(183, 1, 1, 5, NULL, NULL, '240506', NULL, 'GLUTAMATO MONOSODICO - NKM', 'GLUTAMATO MONOSODICO - NKM', 0.00, 1, 0, 0, 0, 0, '24', NULL, '2023-04-17 12:19:01', '2023-04-17 12:19:01', 'A'),
(184, 1, 1, 5, NULL, '2428', '240507', NULL, 'ACIDO CITRICO', 'ACIDO CITRICO', 0.00, 1, 0, 0, 0, 0, '24', NULL, '2023-04-17 12:19:01', '2023-04-17 12:19:01', 'A'),
(185, 1, 1, 5, NULL, '2417', '240508', NULL, 'DIÓXIDO DE SILÍCIO', 'DIÓXIDO DE SILÍCIO', 0.00, 1, 0, 0, 0, 0, '24', NULL, '2023-04-17 12:19:01', '2023-04-17 12:19:01', 'A'),
(186, 1, 1, 5, NULL, '2459', '240509', NULL, 'BICARBONATO DE SODIO', 'BICARBONATO DE SODIO', 0.00, 1, 0, 0, 0, 0, '24', NULL, '2023-04-17 12:19:01', '2023-04-17 12:19:01', 'A'),
(187, 1, 1, 5, NULL, '2429', '240510', NULL, 'SORBATO DE POTASIO', 'SORBATO DE POTASIO', 0.00, 1, 0, 0, 0, 0, '24', NULL, '2023-04-17 12:19:01', '2023-04-17 12:19:01', 'A'),
(188, 1, 1, 5, NULL, '2443', '240511', NULL, 'CMC', 'CMC', 0.00, 1, 0, 0, 0, 0, '24', NULL, '2023-04-17 12:19:01', '2023-04-17 12:19:01', 'A'),
(189, 1, 1, 5, NULL, '2446', '240512', NULL, 'ACIDO ASCORBICO', 'ACIDO ASCORBICO', 0.00, 1, 0, 0, 0, 0, '24', NULL, '2023-04-17 12:19:01', '2023-04-17 12:19:01', 'A'),
(190, 1, 1, 5, NULL, '2427', '240513', NULL, 'GOMA XANTHAN', 'GOMA XANTHAN', 0.00, 1, 0, 0, 0, 0, '24', NULL, '2023-04-17 12:19:01', '2023-04-17 12:19:01', 'A'),
(191, 1, 1, 5, NULL, '2445', '240514', NULL, 'MALTODEXTRINA', 'MALTODEXTRINA', 0.00, 1, 0, 0, 0, 0, '24', NULL, '2023-04-17 12:19:01', '2023-04-17 12:19:01', 'A'),
(192, 1, 1, 5, NULL, '2447', '240515', NULL, 'COLORANTE CARMIN', 'COLORANTE CARMIN', 0.00, 1, 0, 0, 0, 0, '24', NULL, '2023-04-17 12:19:01', '2023-04-17 12:19:01', 'A'),
(193, 1, 1, 6, NULL, '2451', '240601', NULL, 'OREGANO GRANULADO', 'OREGANO GRANULADO', 0.00, 1, 0, 0, 0, 0, '24', NULL, '2023-04-17 12:19:01', '2023-04-17 12:19:01', 'A'),
(194, 1, 1, 6, NULL, '2439', '240602', NULL, 'AJI PAPRIKA EN POLVO', 'AJI PAPRIKA EN POLVO', 0.00, 1, 0, 0, 0, 0, '24', NULL, '2023-04-17 12:19:01', '2023-04-17 12:19:01', 'A'),
(195, 1, 1, 6, NULL, '2424', '240603', NULL, 'CURRY EN POLVO', 'CURRY EN POLVO', 0.00, 1, 0, 0, 0, 0, '24', NULL, '2023-04-17 12:19:01', '2023-04-17 12:19:01', 'A'),
(196, 1, 1, 6, NULL, '2426', '240604', NULL, 'PIMIENTA BLANCA EN POLVO', 'PIMIENTA BLANCA EN POLVO', 0.00, 1, 0, 0, 0, 0, '24', NULL, '2023-04-17 12:19:01', '2023-04-17 12:19:01', 'A'),
(197, 1, 4, 50, NULL, NULL, '230101', NULL, 'PASTA DE AJÍ PANCA FRESCO', 'PASTA DE AJÍ PANCA FRESCO', 0.00, 0, 0, 1, 0, 0, '23', NULL, '2023-04-17 12:19:01', '2023-04-17 12:19:01', 'A'),
(198, 1, 4, 50, NULL, NULL, '230102', NULL, 'PASTA DE AJÍ AMARILLO FRESCO', 'PASTA DE AJÍ AMARILLO FRESCO', 0.00, 0, 0, 1, 0, 0, '23', NULL, '2023-04-17 12:19:01', '2023-04-17 12:19:01', 'A'),
(199, 1, 4, 50, NULL, NULL, '230103', NULL, 'PASTA DE CULANTRO FRESCO', 'PASTA DE CULANTRO FRESCO', 0.00, 0, 0, 1, 0, 0, '23', NULL, '2023-04-17 12:19:01', '2023-04-17 12:19:01', 'A'),
(200, 1, 4, 50, NULL, NULL, '230104', NULL, 'PASTA DE AJO FRESCO', 'PASTA DE AJO FRESCO', 0.00, 0, 0, 1, 0, 0, '23', NULL, '2023-04-17 12:19:01', '2023-04-17 12:19:01', 'A'),
(201, 1, 4, 51, NULL, NULL, '230201', NULL, 'SAZONADOR COMPLETO MOLIDO', 'SAZONADOR COMPLETO MOLIDO', 0.00, 0, 0, 1, 0, 0, '23', NULL, '2023-04-17 12:19:01', '2023-04-17 12:19:01', 'A'),
(202, 1, 4, 51, NULL, NULL, '230202', NULL, 'COMINO MOLIDO', 'COMINO MOLIDO', 0.00, 0, 0, 1, 0, 0, '23', NULL, '2023-04-17 12:19:01', '2023-04-17 12:19:01', 'A'),
(203, 1, 4, 51, NULL, NULL, '230203', NULL, 'PIMIENTA NEGRA MOLIDO', 'PIMIENTA NEGRA MOLIDO', 0.00, 0, 0, 1, 0, 0, '23', NULL, '2023-04-17 12:19:01', '2023-04-17 12:19:01', 'A'),
(204, 1, 4, 51, NULL, NULL, '230204', NULL, 'PALILLO MOLIDO', 'PALILLO MOLIDO', 0.00, 0, 0, 1, 0, 0, '23', NULL, '2023-04-17 12:19:01', '2023-04-17 12:19:01', 'A'),
(205, 1, 4, 51, NULL, NULL, '230205', NULL, 'TUCO SAZON SALSA MOLIDO', 'TUCO SAZON SALSA MOLIDO', 0.00, 0, 0, 1, 0, 0, '23', NULL, '2023-04-17 12:19:01', '2023-04-17 12:19:01', 'A'),
(206, 1, 4, 51, NULL, NULL, '230206', NULL, 'SAZONADOR PICANTE MOLIDO', 'SAZONADOR PICANTE MOLIDO', 0.00, 0, 0, 1, 0, 0, '23', NULL, '2023-04-17 12:19:01', '2023-04-17 12:19:01', 'A'),
(207, 1, 4, 51, NULL, NULL, '230207', NULL, 'AJO MOLIDO', 'AJO MOLIDO', 0.00, 0, 0, 1, 0, 0, '23', NULL, '2023-04-17 12:19:01', '2023-04-17 12:19:01', 'A'),
(208, 1, 4, 51, NULL, NULL, '230208', NULL, 'CANELA MOLIDO', 'CANELA MOLIDO', 0.00, 0, 0, 1, 0, 0, '23', NULL, '2023-04-17 12:19:01', '2023-04-17 12:19:01', 'A'),
(209, 1, 4, 51, NULL, NULL, '230209', NULL, 'SAZONADOR EL VERDE MOLIDO', 'SAZONADOR EL VERDE MOLIDO', 0.00, 0, 0, 1, 0, 0, '23', NULL, '2023-04-17 12:19:01', '2023-04-17 12:19:01', 'A'),
(210, 1, 4, 51, NULL, NULL, '230210', NULL, 'KION MOLIDO', 'KION MOLIDO', 0.00, 0, 0, 1, 0, 0, '23', NULL, '2023-04-17 12:19:01', '2023-04-17 12:19:01', 'A'),
(211, 1, 4, 51, NULL, NULL, '230211', NULL, 'OREGANO MOLIDO', 'OREGANO MOLIDO', 0.00, 0, 0, 1, 0, 0, '23', NULL, '2023-04-17 12:19:01', '2023-04-17 12:19:01', 'A'),
(212, 1, 4, 51, NULL, NULL, '230212', NULL, 'AJI AMARILLO MOLIDO', 'AJI AMARILLO MOLIDO', 0.00, 0, 0, 1, 0, 0, '23', NULL, '2023-04-17 12:19:01', '2023-04-17 12:19:01', 'A'),
(213, 1, 4, 52, NULL, NULL, '230301', NULL, 'OREGANO GRANULADO PROCESADO', 'OREGANO GRANULADO PROCESADO', 0.00, 0, 0, 1, 0, 0, '23', NULL, '2023-04-17 12:19:01', '2023-04-17 12:19:01', 'A'),
(214, 1, 4, 52, NULL, NULL, '230302', NULL, 'AJI PAPRIKA EN POLVO PROCESADO', 'AJI PAPRIKA EN POLVO PROCESADO', 0.00, 0, 0, 1, 0, 0, '23', NULL, '2023-04-17 12:19:01', '2023-04-17 12:19:01', 'A'),
(215, 1, 4, 52, NULL, NULL, '230303', NULL, 'CURRY EN POLVO PROCESADO', 'CURRY EN POLVO PROCESADO', 0.00, 0, 0, 1, 0, 0, '23', NULL, '2023-04-17 12:19:01', '2023-04-17 12:19:01', 'A'),
(216, 1, 4, 52, NULL, NULL, '230304', NULL, 'PIMIENTA BLANCA EN POLVO PROCESADO', 'PIMIENTA BLANCA EN POLVO PROCESADO', 0.00, 0, 0, 1, 0, 0, '23', NULL, '2023-04-17 12:19:01', '2023-04-17 12:19:01', 'A'),
(217, 1, 4, 53, NULL, NULL, '230401', NULL, 'SAL PARRILLERA PARA RES', 'SAL PARRILLERA PARA RES', 0.00, 0, 0, 1, 0, 0, '23', NULL, '2023-04-17 12:19:01', '2023-04-17 12:19:01', 'A'),
(218, 1, 4, 53, NULL, NULL, '230402', NULL, 'SAL PARRILLERA PARA POLLO', 'SAL PARRILLERA PARA POLLO', 0.00, 0, 0, 1, 0, 0, '23', NULL, '2023-04-17 12:19:01', '2023-04-17 12:19:01', 'A'),
(219, 1, 4, 53, NULL, NULL, '230403', NULL, 'SAL PARRILLERA PARA CERDO', 'SAL PARRILLERA PARA CERDO', 0.00, 0, 0, 1, 0, 0, '23', NULL, '2023-04-17 12:19:01', '2023-04-17 12:19:01', 'A'),
(220, 1, 3, 28, NULL, NULL, '260201', NULL, 'ENV. CRISTAL - LAMINADO BOPP CRSITAL 25 U X 300 mm', 'ENV. CRISTAL - LAMINADO BOPP CRSITAL 25 U X 300 mm', 0.00, 0, 0, 0, 1, 0, '26', NULL, '2023-04-17 12:19:01', '2023-04-17 12:19:01', 'A'),
(221, 1, 3, 27, NULL, NULL, '260101', NULL, 'ENV. IMPRESA - SAZONADOR COMPLETO MOLIDO GIGANTE LAMINADO POLYSTER-BOPP 600 MM', 'ENV. IMPRESA - SAZONADOR COMPLETO MOLIDO GIGANTE LAMINADO POLYSTER-BOPP 600 MM', 0.00, 0, 0, 0, 1, 0, '26', NULL, '2023-04-17 12:19:01', '2023-04-17 12:19:01', 'A'),
(222, 1, 3, 27, NULL, NULL, '260102', NULL, 'ENV. IMPRESA - COMINO MOLIDO GIGANTE LAMINADO POLYSTER-BOPP 600 MM', 'ENV. IMPRESA - COMINO MOLIDO GIGANTE LAMINADO POLYSTER-BOPP 600 MM', 0.00, 0, 0, 0, 1, 0, '26', NULL, '2023-04-17 12:19:01', '2023-04-17 12:19:01', 'A'),
(223, 1, 3, 27, NULL, NULL, '260103', NULL, 'ENV. IMPRESA - PIMIENTA NEGRA MOLIDA GIGANTE LAMINADO BOPP-BOPP 600 MM', 'ENV. IMPRESA - PIMIENTA NEGRA MOLIDA GIGANTE LAMINADO BOPP-BOPP 600 MM', 0.00, 0, 0, 0, 1, 0, '26', NULL, '2023-04-17 12:19:01', '2023-04-17 12:19:01', 'A'),
(224, 1, 3, 27, NULL, NULL, '260104', NULL, 'ENV. IMPRESA - PALILLO MOLIDO GIGANTE LAMINADO BOPP-CRISTAL 600 MM', 'ENV. IMPRESA - PALILLO MOLIDO GIGANTE LAMINADO BOPP-CRISTAL 600 MM', 0.00, 0, 0, 0, 1, 0, '26', NULL, '2023-04-17 12:19:01', '2023-04-17 12:19:01', 'A'),
(225, 1, 3, 27, NULL, NULL, '260105', NULL, 'ENV. IMPRESA - TUCO SAZON SALSA MOLIDO GIGANTE LAMINADO BOPP-BOPP 600 MM', 'ENV. IMPRESA - TUCO SAZON SALSA MOLIDO GIGANTE LAMINADO BOPP-BOPP 600 MM', 0.00, 0, 0, 0, 1, 0, '26', NULL, '2023-04-17 12:19:01', '2023-04-17 12:19:01', 'A'),
(226, 1, 3, 27, NULL, NULL, '260106', NULL, 'ENV. IMPRESA - AJI COLORADO PANCA PICANTE MOLIDO GIGANTE LAMINADO BOPP-BOPP 600 MM', 'ENV. IMPRESA - AJI COLORADO PANCA PICANTE MOLIDO GIGANTE LAMINADO BOPP-BOPP 600 MM', 0.00, 0, 0, 0, 1, 0, '26', NULL, '2023-04-17 12:19:01', '2023-04-17 12:19:01', 'A'),
(227, 1, 3, 27, NULL, NULL, '260107', NULL, 'ENV. IMPRESA - AJO MOLIDO GIGANTE LAMINADO 600 MM', 'ENV. IMPRESA - AJO MOLIDO GIGANTE LAMINADO 600 MM', 0.00, 0, 0, 0, 1, 0, '26', NULL, '2023-04-17 12:19:01', '2023-04-17 12:19:01', 'A'),
(228, 1, 3, 27, NULL, NULL, '260108', NULL, 'ENV. IMPRESA - CANELA MOLIDA GIGANTE LAMINADO BOPP CRISTAL-POLYESTER 600 MM', 'ENV. IMPRESA - CANELA MOLIDA GIGANTE LAMINADO BOPP CRISTAL-POLYESTER 600 MM', 0.00, 0, 0, 0, 1, 0, '26', NULL, '2023-04-17 12:19:01', '2023-04-17 12:19:01', 'A'),
(229, 1, 3, 27, NULL, NULL, '260109', NULL, 'ENV. IMPRESA - EL VERDE SAZONADOR MOLIDO GIGANTE LAMINADO BOPP CR-METAL 600 MM', 'ENV. IMPRESA - EL VERDE SAZONADOR MOLIDO GIGANTE LAMINADO BOPP CR-METAL 600 MM', 0.00, 0, 0, 0, 1, 0, '26', NULL, '2023-04-17 12:19:01', '2023-04-17 12:19:01', 'A'),
(230, 1, 3, 27, NULL, NULL, '260110', NULL, 'ENV. IMPRESA - KION MOLIDO GIGANTE LAMINADO BOPP-BOPP 600 MM', 'ENV. IMPRESA - KION MOLIDO GIGANTE LAMINADO BOPP-BOPP 600 MM', 0.00, 0, 0, 0, 1, 0, '26', NULL, '2023-04-17 12:19:01', '2023-04-17 12:19:01', 'A'),
(231, 1, 3, 27, NULL, NULL, '260111', NULL, 'ENV. IMPRESA - OREGANO MOLIDO GIGANTE LAMINADO BOPP-BOPP 600 MM', 'ENV. IMPRESA - OREGANO MOLIDO GIGANTE LAMINADO BOPP-BOPP 600 MM', 0.00, 0, 0, 0, 1, 0, '26', NULL, '2023-04-17 12:19:01', '2023-04-17 12:19:01', 'A'),
(232, 1, 3, 29, NULL, NULL, '260301', NULL, 'ENV. IMPRESA - AJI PANCA FRESCO LAMINA PET BARVAL IMPRESO COEXTRUIDO 300 MM', 'ENV. IMPRESA - AJI PANCA FRESCO LAMINA PET BARVAL IMPRESO COEXTRUIDO 300 MM', 0.00, 0, 0, 0, 1, 0, '26', NULL, '2023-04-17 12:19:01', '2023-04-17 12:19:01', 'A'),
(233, 1, 3, 29, NULL, NULL, '260302', NULL, 'ENV. IMPRESA - AJI AMARILLO FRESCO LAMINA PET BARVAL IMPRESO COEXTRUIDO 300 MM', 'ENV. IMPRESA - AJI AMARILLO FRESCO LAMINA PET BARVAL IMPRESO COEXTRUIDO 300 MM', 0.00, 0, 0, 0, 1, 0, '26', NULL, '2023-04-17 12:19:01', '2023-04-17 12:19:01', 'A'),
(234, 1, 3, 29, NULL, NULL, '260303', NULL, 'ENV. IMPRESA - CULANTRO FRESCO LAMINA PET BARVAL IMPRESO COEXTRUIDO 300 MM', 'ENV. IMPRESA - CULANTRO FRESCO LAMINA PET BARVAL IMPRESO COEXTRUIDO 300 MM', 0.00, 0, 0, 0, 1, 0, '26', NULL, '2023-04-17 12:19:01', '2023-04-17 12:19:01', 'A'),
(235, 1, 3, 29, NULL, NULL, '260304', NULL, 'ENV. IMPRESA - AJO FRESCO LAMINA PET BARVAL IMPRESO COEXTRUIDO 300 MM', 'ENV. IMPRESA - AJO FRESCO LAMINA PET BARVAL IMPRESO COEXTRUIDO 300 MM', 0.00, 0, 0, 0, 1, 0, '26', NULL, '2023-04-17 12:19:01', '2023-04-17 12:19:01', 'A'),
(236, 7, 3, 30, NULL, NULL, '260401', NULL, 'DISPLAY - SAZ. COMPLETO C./AJI SIN PICANTE MOLIDO GIGANTE BATAN X 42 SBS', 'DISPLAY - SAZ. COMPLETO C./AJI SIN PICANTE MOLIDO GIGANTE BATAN X 42 SBS', 0.00, 0, 0, 0, 1, 0, '26', NULL, '2023-04-17 12:19:01', '2023-04-17 12:19:01', 'A'),
(237, 7, 3, 30, NULL, NULL, '260402', NULL, 'DISPLAY - COMINO MOLIDO GIGANTE BATAN X 42 SBS', 'DISPLAY - COMINO MOLIDO GIGANTE BATAN X 42 SBS', 0.00, 0, 0, 0, 1, 0, '26', NULL, '2023-04-17 12:19:01', '2023-04-17 12:19:01', 'A'),
(238, 7, 3, 30, NULL, NULL, '260403', NULL, 'DISPLAY - PIMIENTA NEGRA MOLIDA GIGANTE BATAN X 42 SBS', 'DISPLAY - PIMIENTA NEGRA MOLIDA GIGANTE BATAN X 42 SBS', 0.00, 0, 0, 0, 1, 0, '26', NULL, '2023-04-17 12:19:01', '2023-04-17 12:19:01', 'A'),
(239, 7, 3, 30, NULL, NULL, '260404', NULL, 'DISPLAY - PALILLO MOLIDO GIGANTE BATAN X 42 SBS', 'DISPLAY - PALILLO MOLIDO GIGANTE BATAN X 42 SBS', 0.00, 0, 0, 0, 1, 0, '26', NULL, '2023-04-17 12:19:01', '2023-04-17 12:19:01', 'A'),
(240, 7, 3, 30, NULL, NULL, '260405', NULL, 'DISPLAY - TUCO SAZON SALSA MOLIDO GIGANTE BATAN X 42 SBS', 'DISPLAY - TUCO SAZON SALSA MOLIDO GIGANTE BATAN X 42 SBS', 0.00, 0, 0, 0, 1, 0, '26', NULL, '2023-04-17 12:19:01', '2023-04-17 12:19:01', 'A'),
(241, 7, 3, 30, NULL, NULL, '260406', NULL, 'DISPLAY - AJI COLORADO PANCA PICANTE MOLIDO GIGANTE BATAN X 42 SBS', 'DISPLAY - AJI COLORADO PANCA PICANTE MOLIDO GIGANTE BATAN X 42 SBS', 0.00, 0, 0, 0, 1, 0, '26', NULL, '2023-04-17 12:19:01', '2023-04-17 12:19:01', 'A'),
(242, 7, 3, 30, NULL, NULL, '260407', NULL, 'DISPLAY - AJO MOLIDO GIGANTE BATAN X 42 SBS', 'DISPLAY - AJO MOLIDO GIGANTE BATAN X 42 SBS', 0.00, 0, 0, 0, 1, 0, '26', NULL, '2023-04-17 12:19:01', '2023-04-17 12:19:01', 'A'),
(243, 7, 3, 30, NULL, NULL, '260408', NULL, 'DISPLAY - CANELA MOLIDA GIGANTE BATAN X 42 SBS', 'DISPLAY - CANELA MOLIDA GIGANTE BATAN X 42 SBS', 0.00, 0, 0, 0, 1, 0, '26', NULL, '2023-04-17 12:19:01', '2023-04-17 12:19:01', 'A'),
(244, 7, 3, 30, NULL, NULL, '260409', NULL, 'DISPLAY - EL VERDE SAZONADOR MOLIDO GIGANTE BATAN X 42 SBS', 'DISPLAY - EL VERDE SAZONADOR MOLIDO GIGANTE BATAN X 42 SBS', 0.00, 0, 0, 0, 1, 0, '26', NULL, '2023-04-17 12:19:01', '2023-04-17 12:19:01', 'A'),
(245, 7, 3, 30, NULL, NULL, '260410', NULL, 'DISPLAY - KION MOLIDO GIGANTE BATAN X 42 SBS', 'DISPLAY - KION MOLIDO GIGANTE BATAN X 42 SBS', 0.00, 0, 0, 0, 1, 0, '26', NULL, '2023-04-17 12:19:01', '2023-04-17 12:19:01', 'A');
INSERT INTO `producto` (`id`, `idMed`, `idCla`, `idSubCla`, `idSubSubCla`, `codProd`, `codProd2`, `codProd3`, `nomProd`, `desProd`, `stoActProd`, `esMatPri`, `esProFin`, `esProProd`, `esEnvEnc`, `esMerProm`, `ctaProd`, `ctaProd2`, `fecCreProd`, `fecActProd`, `estReg`) VALUES
(246, 7, 3, 30, NULL, NULL, '260411', NULL, 'DISPLAY - OREGANO SELECTO MOLIDO GIGANTE BATAN X 42 SBS', 'DISPLAY - OREGANO SELECTO MOLIDO GIGANTE BATAN X 42 SBS', 0.00, 0, 0, 0, 1, 0, '26', NULL, '2023-04-17 12:19:01', '2023-04-17 12:19:01', 'A'),
(247, 7, 3, 31, NULL, NULL, '260501', NULL, 'DISPLAY - EL VERDE SAZONADOR MOLIDO GIGANTE BATAN X 27 SBS', 'DISPLAY - EL VERDE SAZONADOR MOLIDO GIGANTE BATAN X 27 SBS', 0.00, 0, 0, 0, 1, 0, '26', NULL, '2023-04-17 12:19:01', '2023-04-17 12:19:01', 'A'),
(248, 7, 3, 32, NULL, NULL, '260601', NULL, 'DISPLAY - AJI PANCA FRESCO BATAN X 24 SACHETS', 'DISPLAY - AJI PANCA FRESCO BATAN X 24 SACHETS', 0.00, 0, 0, 0, 1, 0, '26', NULL, '2023-04-17 12:19:01', '2023-04-17 12:19:01', 'A'),
(249, 7, 3, 32, NULL, NULL, '260602', NULL, 'DISPLAY - AJI AMARILLO FRESCO BATAN X 24 SACHETS', 'DISPLAY - AJI AMARILLO FRESCO BATAN X 24 SACHETS', 0.00, 0, 0, 0, 1, 0, '26', NULL, '2023-04-17 12:19:01', '2023-04-17 12:19:01', 'A'),
(250, 7, 3, 32, NULL, NULL, '260603', NULL, 'DISPLAY - CULANTRO FRESCO BATAN X 24 SACHETS', 'DISPLAY - CULANTRO FRESCO BATAN X 24 SACHETS', 0.00, 0, 0, 0, 1, 0, '26', NULL, '2023-04-17 12:19:01', '2023-04-17 12:19:01', 'A'),
(251, 7, 3, 32, NULL, NULL, '260604', NULL, 'DISPLAY - AJO FRESCO BATAN X 24 SACHETS', 'DISPLAY - AJO FRESCO BATAN X 24 SACHETS', 0.00, 0, 0, 0, 1, 0, '26', NULL, '2023-04-17 12:19:01', '2023-04-17 12:19:01', 'A'),
(252, 7, 3, 33, NULL, NULL, '260701', NULL, 'TAPER DE PLASTICO C/T ROJA', 'TAPER DE PLASTICO C/T ROJA', 0.00, 0, 0, 0, 1, 0, '26', NULL, '2023-04-17 12:19:01', '2023-04-17 12:19:01', 'A'),
(253, 7, 3, 33, NULL, NULL, '260702', NULL, 'TAPER DE PLASTICO C/T NARANJA', 'TAPER DE PLASTICO C/T NARANJA', 0.00, 0, 0, 0, 1, 0, '26', NULL, '2023-04-17 12:19:01', '2023-04-17 12:19:01', 'A'),
(254, 7, 3, 33, NULL, NULL, '260703', NULL, 'TAPER DE PLASTICO C/T VERDE', 'TAPER DE PLASTICO C/T VERDE', 0.00, 0, 0, 0, 1, 0, '26', NULL, '2023-04-17 12:19:01', '2023-04-17 12:19:01', 'A'),
(255, 7, 3, 33, NULL, NULL, '260704', NULL, 'TAPER DE PLASTICO C/T CREMA', 'TAPER DE PLASTICO C/T CREMA', 0.00, 0, 0, 0, 1, 0, '26', NULL, '2023-04-17 12:19:01', '2023-04-17 12:19:01', 'A'),
(256, 7, 3, 34, NULL, NULL, '260801', NULL, 'FRASCOS CONDIMENTERO 130 CC', 'FRASCOS CONDIMENTERO 130 CC', 0.00, 0, 0, 0, 1, 0, '26', NULL, '2023-04-17 12:19:01', '2023-04-17 12:19:01', 'A'),
(257, 7, 3, 34, NULL, NULL, '260802', NULL, 'FRASCO DE 230 CC TAPA DOBLE VENTANA', 'FRASCO DE 230 CC TAPA DOBLE VENTANA', 0.00, 0, 0, 0, 1, 0, '26', NULL, '2023-04-17 12:19:01', '2023-04-17 12:19:01', 'A'),
(258, 7, 3, 34, NULL, NULL, '260803', NULL, 'TAPAS DOSIFICADORAS', 'TAPAS DOSIFICADORAS', 0.00, 0, 0, 0, 1, 0, '26', NULL, '2023-04-17 12:19:01', '2023-04-17 12:19:01', 'A'),
(259, 7, 3, 34, NULL, NULL, '260804', NULL, 'TAPAS DE DOBLE VENTANA', 'TAPAS DE DOBLE VENTANA', 0.00, 0, 0, 0, 1, 0, '26', NULL, '2023-04-17 12:19:01', '2023-04-17 12:19:01', 'A'),
(260, 7, 3, 35, NULL, NULL, '260901', NULL, 'BOLSA FLEXIBLE 15X18X70 MIC TRANSPARENTE', 'BOLSA FLEXIBLE 15X18X70 MIC TRANSPARENTE', 0.00, 0, 0, 0, 1, 0, '26', NULL, '2023-04-17 12:19:01', '2023-04-17 12:19:01', 'A'),
(261, 7, 3, 35, NULL, NULL, '260902', NULL, 'BOLSA FLEXIBLE 19X25X70 MIC TRANSPARENTE', 'BOLSA FLEXIBLE 19X25X70 MIC TRANSPARENTE', 0.00, 0, 0, 0, 1, 0, '26', NULL, '2023-04-17 12:19:01', '2023-04-17 12:19:01', 'A'),
(262, 7, 3, 35, NULL, NULL, '260903', NULL, 'BOLSA FLEXIBLE 19X32X70 MIC TRANSPARENTE', 'BOLSA FLEXIBLE 19X32X70 MIC TRANSPARENTE', 0.00, 0, 0, 0, 1, 0, '26', NULL, '2023-04-17 12:19:01', '2023-04-17 12:19:01', 'A'),
(263, 7, 3, 35, NULL, NULL, '260904', NULL, 'BOLSA FLEXIBLE 22X35X70 MIC TRANSPARENTE', 'BOLSA FLEXIBLE 22X35X70 MIC TRANSPARENTE', 0.00, 0, 0, 0, 1, 0, '26', NULL, '2023-04-17 12:19:01', '2023-04-17 12:19:01', 'A'),
(264, 7, 3, 35, NULL, NULL, '260905', NULL, 'BOLSA FLEXIBLE 30X32X70 MIC TRANSPARENTE', 'BOLSA FLEXIBLE 30X32X70 MIC TRANSPARENTE', 0.00, 0, 0, 0, 1, 0, '26', NULL, '2023-04-17 12:19:01', '2023-04-17 12:19:01', 'A'),
(265, 7, 3, 35, NULL, NULL, '260906', NULL, 'BOLSA FLEXIBLE 32X42X70 MIC TRANSPARENTE', 'BOLSA FLEXIBLE 32X42X70 MIC TRANSPARENTE', 0.00, 0, 0, 0, 1, 0, '26', NULL, '2023-04-17 12:19:01', '2023-04-17 12:19:01', 'A'),
(266, 7, 3, 35, NULL, NULL, '260907', NULL, 'BOLSA FLEXIBLE 35X55X70 MIC TRANSPARENTE', 'BOLSA FLEXIBLE 35X55X70 MIC TRANSPARENTE', 0.00, 0, 0, 0, 1, 0, '26', NULL, '2023-04-17 12:19:01', '2023-04-17 12:19:01', 'A'),
(267, 7, 3, 36, NULL, NULL, '261001', NULL, 'BOLSA PPP 11X21X2.1 CON IMPRESIÓN SOBRE EMPQ. X 02 SBS', 'BOLSA PPP 11X21X2.1 CON IMPRESIÓN SOBRE EMPQ. X 02 SBS', 0.00, 0, 0, 0, 1, 0, '26', NULL, '2023-04-17 12:19:01', '2023-04-17 12:19:01', 'A'),
(268, 7, 3, 36, NULL, NULL, '261002', NULL, 'BOLSA PPP 11X21X2.1 CON IMPRESIÓN SOBRE EMPQ. X 03 SBS', 'BOLSA PPP 11X21X2.1 CON IMPRESIÓN SOBRE EMPQ. X 03 SBS', 0.00, 0, 0, 0, 1, 0, '26', NULL, '2023-04-17 12:19:01', '2023-04-17 12:19:01', 'A'),
(269, 7, 3, 37, NULL, NULL, '261101', NULL, 'BOLSA PB CRISTAL 7.5X12.5X4', 'BOLSA PB CRISTAL 7.5X12.5X4', 0.00, 0, 0, 0, 1, 0, '26', NULL, '2023-04-17 12:19:01', '2023-04-17 12:19:01', 'A'),
(270, 7, 3, 37, NULL, NULL, '261102', NULL, 'BOLSA PP CRISTAL 6X12X2', 'BOLSA PP CRISTAL 6X12X2', 0.00, 0, 0, 0, 1, 0, '26', NULL, '2023-04-17 12:19:01', '2023-04-17 12:19:01', 'A'),
(271, 7, 3, 37, NULL, NULL, '261103', NULL, 'BOLSA DE POLIPROPILENO 04X08X02 BRILLO', 'BOLSA DE POLIPROPILENO 04X08X02 BRILLO', 0.00, 0, 0, 0, 1, 0, '26', NULL, '2023-04-17 12:19:01', '2023-04-17 12:19:01', 'A'),
(272, 7, 3, 37, NULL, NULL, '261104', NULL, 'BOLSA DE POLIPROPILENO 26X40X04', 'BOLSA DE POLIPROPILENO 26X40X04', 0.00, 0, 0, 0, 1, 0, '26', NULL, '2023-04-17 12:19:01', '2023-04-17 12:19:01', 'A'),
(273, 7, 3, 38, NULL, NULL, '261201', NULL, 'CAJA CARTON CORRUGADO 27.8X42.5X31.5', 'CAJA CARTON CORRUGADO 27.8X42.5X31.5', 0.00, 0, 0, 0, 1, 0, '26', NULL, '2023-04-17 12:19:01', '2023-04-17 12:19:01', 'A'),
(274, 7, 3, 38, NULL, NULL, '261202', NULL, 'CAJA CARTON CORRUGADO 27.6X42.5X21.5', 'CAJA CARTON CORRUGADO 27.6X42.5X21.5', 0.00, 0, 0, 0, 1, 0, '26', NULL, '2023-04-17 12:19:01', '2023-04-17 12:19:01', 'A'),
(275, 7, 3, 39, NULL, NULL, '261301', NULL, 'BOLSA DE POLIOLEFINA 15 MIC 15X30', 'BOLSA DE POLIOLEFINA 15 MIC 15X30', 0.00, 0, 0, 0, 1, 0, '26', NULL, '2023-04-17 12:19:01', '2023-04-17 12:19:01', 'A'),
(276, 7, 3, 39, NULL, NULL, '261302', NULL, 'BOLSA DE POLIOLEFINA 15 MIC 40X20', 'BOLSA DE POLIOLEFINA 15 MIC 40X20', 0.00, 0, 0, 0, 1, 0, '26', NULL, '2023-04-17 12:19:01', '2023-04-17 12:19:01', 'A'),
(277, 7, 3, 39, NULL, NULL, '261303', NULL, 'BOLSA DE POLIOLEFINA 15 MIC 45X50', 'BOLSA DE POLIOLEFINA 15 MIC 45X50', 0.00, 0, 0, 0, 1, 0, '26', NULL, '2023-04-17 12:19:01', '2023-04-17 12:19:01', 'A'),
(278, 1, 3, 40, NULL, NULL, '261401', NULL, 'COLA SINTETICA', 'COLA SINTETICA', 0.00, 0, 0, 0, 1, 0, '26', NULL, '2023-04-17 12:19:01', '2023-04-17 12:19:01', 'A'),
(279, 7, 3, 40, NULL, NULL, '261402', NULL, 'CINTA DE EMBALAJE DE 2\"', 'CINTA DE EMBALAJE DE 2\"', 0.00, 0, 0, 0, 1, 0, '26', NULL, '2023-04-17 12:19:01', '2023-04-17 12:19:01', 'A'),
(280, 7, 3, 40, NULL, NULL, '261403', NULL, 'CINTA MASKING TAPE DE 2\"', 'CINTA MASKING TAPE DE 2\"', 0.00, 0, 0, 0, 1, 0, '26', NULL, '2023-04-17 12:19:01', '2023-04-17 12:19:01', 'A'),
(281, 7, 3, 40, NULL, NULL, '261404', NULL, 'CINTA MASKING TAPE DE 3/4\"', 'CINTA MASKING TAPE DE 3/4\"', 0.00, 0, 0, 0, 1, 0, '26', NULL, '2023-04-17 12:19:01', '2023-04-17 12:19:01', 'A'),
(282, 7, 3, 40, NULL, NULL, '261405', NULL, 'STRETCH FILM', 'STRETCH FILM', 0.00, 0, 0, 0, 1, 0, '26', NULL, '2023-04-17 12:19:01', '2023-04-17 12:19:01', 'A'),
(283, 7, 3, 41, NULL, NULL, '250101', NULL, 'CDG. BARRA - SAZ. COMPLETO C./AJI SIN PICANTE MOLIDO GIGANTE BATAN X 02 SBS - 012', 'CDG. BARRA - SAZ. COMPLETO C./AJI SIN PICANTE MOLIDO GIGANTE BATAN X 02 SBS - 012', 0.00, 0, 0, 0, 1, 0, '25', NULL, '2023-04-17 12:19:01', '2023-04-17 12:19:01', 'A'),
(284, 7, 3, 41, NULL, NULL, '250102', NULL, 'CDG. BARRA - COMINO MOLIDO GIGANTE BATAN X 02 SBS - 104', 'CDG. BARRA - COMINO MOLIDO GIGANTE BATAN X 02 SBS - 104', 0.00, 0, 0, 0, 1, 0, '25', NULL, '2023-04-17 12:19:01', '2023-04-17 12:19:01', 'A'),
(285, 7, 3, 41, NULL, NULL, '250103', NULL, 'CDG. BARRA - PIMIENTA NEGRA MOLIDA GIGANTE BATAN X 02 SBS - 111', 'CDG. BARRA - PIMIENTA NEGRA MOLIDA GIGANTE BATAN X 02 SBS - 111', 0.00, 0, 0, 0, 1, 0, '25', NULL, '2023-04-17 12:19:01', '2023-04-17 12:19:01', 'A'),
(286, 7, 3, 41, NULL, NULL, '250104', NULL, 'CDG. BARRA - PALILLO MOLIDO GIGANTE BATAN X 02 SBS - 135', 'CDG. BARRA - PALILLO MOLIDO GIGANTE BATAN X 02 SBS - 135', 0.00, 0, 0, 0, 1, 0, '25', NULL, '2023-04-17 12:19:01', '2023-04-17 12:19:01', 'A'),
(287, 7, 3, 41, NULL, NULL, '250105', NULL, 'CDG. BARRA - TUCO SAZON SALSA MOLIDO GIGANTE BATAN X 02 SBS - 494', 'CDG. BARRA - TUCO SAZON SALSA MOLIDO GIGANTE BATAN X 02 SBS - 494', 0.00, 0, 0, 0, 1, 0, '25', NULL, '2023-04-17 12:19:01', '2023-04-17 12:19:01', 'A'),
(288, 7, 3, 41, NULL, NULL, '250106', NULL, 'CDG. BARRA - AJO MOLIDO GIGANTE BATAN X 02 SBS - 142', 'CDG. BARRA - AJO MOLIDO GIGANTE BATAN X 02 SBS - 142', 0.00, 0, 0, 0, 1, 0, '25', NULL, '2023-04-17 12:19:01', '2023-04-17 12:19:01', 'A'),
(289, 7, 3, 41, NULL, NULL, '250107', NULL, 'CDG. BARRA - CANELA MOLIDA GIGANTE BATAN X 02 SBS - 159', 'CDG. BARRA - CANELA MOLIDA GIGANTE BATAN X 02 SBS - 159', 0.00, 0, 0, 0, 1, 0, '25', NULL, '2023-04-17 12:19:01', '2023-04-17 12:19:01', 'A'),
(290, 7, 3, 41, NULL, NULL, '250108', NULL, 'CDG. BARRA - EL VERDE SAZONADOR MOLIDO GIGANTE BATANX 02 SBS - 173', 'CDG. BARRA - EL VERDE SAZONADOR MOLIDO GIGANTE BATANX 02 SBS - 173', 0.00, 0, 0, 0, 1, 0, '25', NULL, '2023-04-17 12:19:01', '2023-04-17 12:19:01', 'A'),
(291, 7, 3, 41, NULL, NULL, '250109', NULL, 'CDG. BARRA - KION MOLIDO GIGANTE BATAN X 02 SBS - 616', 'CDG. BARRA - KION MOLIDO GIGANTE BATAN X 02 SBS - 616', 0.00, 0, 0, 0, 1, 0, '25', NULL, '2023-04-17 12:19:01', '2023-04-17 12:19:01', 'A'),
(292, 7, 3, 41, NULL, NULL, '250110', NULL, 'CDG. BARRA - OREGANO SELECTO MOLIDO GIGANTE BATAN X 02 SBS - 593', 'CDG. BARRA - OREGANO SELECTO MOLIDO GIGANTE BATAN X 02 SBS - 593', 0.00, 0, 0, 0, 1, 0, '25', NULL, '2023-04-17 12:19:01', '2023-04-17 12:19:01', 'A'),
(293, 7, 3, 41, NULL, NULL, '250111', NULL, 'CDG. BARRA - AJI PANCA FRESCO BATAN X 03 SBS - 876', 'CDG. BARRA - AJI PANCA FRESCO BATAN X 03 SBS - 876', 0.00, 0, 0, 0, 1, 0, '25', NULL, '2023-04-17 12:19:01', '2023-04-17 12:19:01', 'A'),
(294, 7, 3, 41, NULL, NULL, '250112', NULL, 'CDG. BARRA - AJI AMARILLO FRESCO BATAN X 03 SBS - 838', 'CDG. BARRA - AJI AMARILLO FRESCO BATAN X 03 SBS - 838', 0.00, 0, 0, 0, 1, 0, '25', NULL, '2023-04-17 12:19:01', '2023-04-17 12:19:01', 'A'),
(295, 7, 3, 41, NULL, NULL, '250113', NULL, 'CDG. BARRA - CULANTRO FRESCO BATAN X 03 SBS - 852', 'CDG. BARRA - CULANTRO FRESCO BATAN X 03 SBS - 852', 0.00, 0, 0, 0, 1, 0, '25', NULL, '2023-04-17 12:19:01', '2023-04-17 12:19:01', 'A'),
(296, 7, 3, 41, NULL, NULL, '250114', NULL, 'CDG. BARRA - AJO FRESCO BATAN X 03 SBS - 821', 'CDG. BARRA - AJO FRESCO BATAN X 03 SBS - 821', 0.00, 0, 0, 0, 1, 0, '25', NULL, '2023-04-17 12:19:01', '2023-04-17 12:19:01', 'A'),
(297, 7, 3, 42, NULL, NULL, '250201', NULL, 'DUN-14 - BATAN AJI PANCA FRESCO 6X5X10 - 873', 'DUN-14 - BATAN AJI PANCA FRESCO 6X5X10 - 873', 0.00, 0, 0, 0, 1, 0, '25', NULL, '2023-04-17 12:19:01', '2023-04-17 12:19:01', 'A'),
(298, 7, 3, 42, NULL, NULL, '250202', NULL, 'DUN-14 - BATAN AJI AMARILLO FRESCO 6X5X10 - 835', 'DUN-14 - BATAN AJI AMARILLO FRESCO 6X5X10 - 835', 0.00, 0, 0, 0, 1, 0, '25', NULL, '2023-04-17 12:19:01', '2023-04-17 12:19:01', 'A'),
(299, 7, 3, 42, NULL, NULL, '250203', NULL, 'DUN-14 - BATAN CULANTRO FRESCO 6X5X10 - 859', 'DUN-14 - BATAN CULANTRO FRESCO 6X5X10 - 859', 0.00, 0, 0, 0, 1, 0, '25', NULL, '2023-04-17 12:19:01', '2023-04-17 12:19:01', 'A'),
(300, 7, 3, 43, NULL, NULL, '250301', NULL, 'ETQ. FRASCO - SAZ. COMPLETO C./AJI SIN PICANTE MOLIDO BATAN X 70 GRS', 'ETQ. FRASCO - SAZ. COMPLETO C./AJI SIN PICANTE MOLIDO BATAN X 70 GRS', 0.00, 0, 0, 0, 1, 0, '25', NULL, '2023-04-17 12:19:01', '2023-04-17 12:19:01', 'A'),
(301, 7, 3, 43, NULL, NULL, '250302', NULL, 'ETQ. FRASCO - COMINO MOLIDO BATAN X 50 GRS', 'ETQ. FRASCO - COMINO MOLIDO BATAN X 50 GRS', 0.00, 0, 0, 0, 1, 0, '25', NULL, '2023-04-17 12:19:01', '2023-04-17 12:19:01', 'A'),
(302, 7, 3, 43, NULL, NULL, '250303', NULL, 'ETQ. FRASCO - PIMIENTA NEGRA MOLIDA BATAN X 50 GRS', 'ETQ. FRASCO - PIMIENTA NEGRA MOLIDA BATAN X 50 GRS', 0.00, 0, 0, 0, 1, 0, '25', NULL, '2023-04-17 12:19:01', '2023-04-17 12:19:01', 'A'),
(303, 7, 3, 43, NULL, NULL, '250304', NULL, 'ETQ. FRASCO - PALILLO MOLIDO BATAN X 70 GRS', 'ETQ. FRASCO - PALILLO MOLIDO BATAN X 70 GRS', 0.00, 0, 0, 0, 1, 0, '25', NULL, '2023-04-17 12:19:01', '2023-04-17 12:19:01', 'A'),
(304, 7, 3, 43, NULL, NULL, '250305', NULL, 'ETQ. FRASCO - TUCO SAZON SALSA MOLIDO BATAN X 70 GRS', 'ETQ. FRASCO - TUCO SAZON SALSA MOLIDO BATAN X 70 GRS', 0.00, 0, 0, 0, 1, 0, '25', NULL, '2023-04-17 12:19:01', '2023-04-17 12:19:01', 'A'),
(305, 7, 3, 43, NULL, NULL, '250306', NULL, 'ETQ. FRASCO - AJI COLORADO PANCA PICANTE MOLIDO BATAN X 70 GRS', 'ETQ. FRASCO - AJI COLORADO PANCA PICANTE MOLIDO BATAN X 70 GRS', 0.00, 0, 0, 0, 1, 0, '25', NULL, '2023-04-17 12:19:01', '2023-04-17 12:19:01', 'A'),
(306, 7, 3, 43, NULL, NULL, '250307', NULL, 'ETQ. FRASCO - AJO MOLIDO BATAN X 50 GRS', 'ETQ. FRASCO - AJO MOLIDO BATAN X 50 GRS', 0.00, 0, 0, 0, 1, 0, '25', NULL, '2023-04-17 12:19:01', '2023-04-17 12:19:01', 'A'),
(307, 7, 3, 43, NULL, NULL, '250308', NULL, 'ETQ. FRASCO - CANELA MOLIDA BATAN X 50 GRS', 'ETQ. FRASCO - CANELA MOLIDA BATAN X 50 GRS', 0.00, 0, 0, 0, 1, 0, '25', NULL, '2023-04-17 12:19:01', '2023-04-17 12:19:01', 'A'),
(308, 7, 3, 43, NULL, NULL, '250309', NULL, 'ETQ. FRASCO - EL VERDE SAZONADOR MOLIDO BATAN X 50 GRS', 'ETQ. FRASCO - EL VERDE SAZONADOR MOLIDO BATAN X 50 GRS', 0.00, 0, 0, 0, 1, 0, '25', NULL, '2023-04-17 12:19:01', '2023-04-17 12:19:01', 'A'),
(309, 7, 3, 43, NULL, NULL, '250310', NULL, 'ETQ. FRASCO - KION MOLIDO BATAN X 50 GRS', 'ETQ. FRASCO - KION MOLIDO BATAN X 50 GRS', 0.00, 0, 0, 0, 1, 0, '25', NULL, '2023-04-17 12:19:01', '2023-04-17 12:19:01', 'A'),
(310, 7, 3, 43, NULL, NULL, '250311', NULL, 'ETQ. FRASCO - OREGANO SELECTO MOLIDO BATAN X 25 GRS', 'ETQ. FRASCO - OREGANO SELECTO MOLIDO BATAN X 25 GRS', 0.00, 0, 0, 0, 1, 0, '25', NULL, '2023-04-17 12:19:01', '2023-04-17 12:19:01', 'A'),
(311, 7, 3, 43, NULL, NULL, '250312', NULL, 'ETQ. FRASCO - AJI AMARILLO MOLIDO BATAN X 70 GRS', 'ETQ. FRASCO - AJI AMARILLO MOLIDO BATAN X 70 GRS', 0.00, 0, 0, 0, 1, 0, '25', NULL, '2023-04-17 12:19:01', '2023-04-17 12:19:01', 'A'),
(312, 7, 3, 43, NULL, NULL, '250313', NULL, 'ETQ. FRASCO - AJI PAPRIKA PIMENTON MOLIDO BATAN X 50 GRS', 'ETQ. FRASCO - AJI PAPRIKA PIMENTON MOLIDO BATAN X 50 GRS', 0.00, 0, 0, 0, 1, 0, '25', NULL, '2023-04-17 12:19:01', '2023-04-17 12:19:01', 'A'),
(313, 7, 3, 43, NULL, NULL, '250314', NULL, 'ETQ. FRASCO - CURRY MOLIDO BATAN X 50 GRS', 'ETQ. FRASCO - CURRY MOLIDO BATAN X 50 GRS', 0.00, 0, 0, 0, 1, 0, '25', NULL, '2023-04-17 12:19:01', '2023-04-17 12:19:01', 'A'),
(314, 7, 3, 43, NULL, NULL, '250315', NULL, 'ETQ. FRASCO - PIMIENTA BLANCA MOLIDA BATAN X 50 GRS', 'ETQ. FRASCO - PIMIENTA BLANCA MOLIDA BATAN X 50 GRS', 0.00, 0, 0, 0, 1, 0, '25', NULL, '2023-04-17 12:19:01', '2023-04-17 12:19:01', 'A'),
(315, 7, 3, 49, NULL, NULL, '250901', NULL, 'PRECINTOS PVC FRASCO 7X5 CM', 'PRECINTOS PVC FRASCO 7X5 CM', 0.00, 0, 0, 0, 1, 0, '25000', NULL, '2023-04-17 12:19:01', '2023-04-17 12:19:01', 'A'),
(316, 7, 3, 49, NULL, NULL, '250902', NULL, 'GRAPAS 26/8', 'GRAPAS 26/8', 0.00, 0, 0, 0, 1, 0, '25', NULL, '2023-04-17 12:19:01', '2023-04-17 12:19:01', 'A'),
(317, 7, 3, 49, NULL, NULL, '250903', NULL, 'ROLLO CODIFICACION ETQ. 26X16 MM', 'ROLLO CODIFICACION ETQ. 26X16 MM', 0.00, 0, 0, 0, 1, 0, '25', NULL, '2023-04-17 12:19:01', '2023-04-17 12:19:01', 'A'),
(318, 7, 3, 49, NULL, NULL, '250904', NULL, 'ROLLO CODIFICACION MONARCH 1136 ETQ. 20X16 MM', 'ROLLO CODIFICACION MONARCH 1136 ETQ. 20X16 MM', 0.00, 0, 0, 0, 1, 0, '25', NULL, '2023-04-17 12:19:01', '2023-04-17 12:19:01', 'A'),
(319, 7, 3, 49, NULL, NULL, '250905', NULL, 'LINERS DE ESPUMA DE POLIESTIRENO 36.20 MM SIN IMPRESIÓN', 'LINERS DE ESPUMA DE POLIESTIRENO 36.20 MM SIN IMPRESIÓN', 0.00, 0, 0, 0, 1, 0, '25', NULL, '2023-04-17 12:19:01', '2023-04-17 12:19:01', 'A'),
(320, 7, 3, 49, NULL, NULL, '250906', NULL, 'LINERS DE ESPUMA DE POLIESTIRENO 55 MM SIN IMPRESIÓN', 'LINERS DE ESPUMA DE POLIESTIRENO 55 MM SIN IMPRESIÓN', 0.00, 0, 0, 0, 1, 0, '25', NULL, '2023-04-17 12:19:01', '2023-04-17 12:19:01', 'A'),
(321, 7, 3, 49, NULL, NULL, '250907', NULL, 'LINERS DE ALUMINIO PLASTIFICADO 55 MM SIN IMPRESIÓN SELLADO POR INDUCCION', 'LINERS DE ALUMINIO PLASTIFICADO 55 MM SIN IMPRESIÓN SELLADO POR INDUCCION', 0.00, 0, 0, 0, 1, 0, '25', NULL, '2023-04-17 12:19:01', '2023-04-17 12:19:01', 'A'),
(322, 7, 3, 49, NULL, NULL, '250908', NULL, 'ETIQUETAS DE SEGURIDAD', 'ETIQUETAS DE SEGURIDAD', 0.00, 0, 0, 0, 1, 0, '25', NULL, '2023-04-17 12:19:01', '2023-04-17 12:19:01', 'A'),
(323, 7, 3, 49, NULL, NULL, '250909', NULL, 'ETIQUETAS ADHESIVA FRECUENCIA DE SEGURIDAD 30X30MM', 'ETIQUETAS ADHESIVA FRECUENCIA DE SEGURIDAD 30X30MM', 0.00, 0, 0, 0, 1, 0, '25', NULL, '2023-04-17 12:19:01', '2023-04-17 12:19:01', 'A'),
(324, 7, 3, 44, NULL, NULL, '250401', NULL, 'STICKERS REDONDOS 10.5X10.5 - SAZ. COMPLETO C./AJI SIN PICANTE MOLIDO BATAN X 250 GRS', 'STICKERS REDONDOS 10.5X10.5 - SAZ. COMPLETO C./AJI SIN PICANTE MOLIDO BATAN X 250 GRS', 0.00, 0, 0, 0, 1, 0, '25', NULL, '2023-04-17 12:19:01', '2023-04-17 12:19:01', 'A'),
(325, 7, 3, 44, NULL, NULL, '250402', NULL, 'STICKERS REDONDOS 10.5X10.5 - COMINO MOLIDO BATAN X 250 GRS', 'STICKERS REDONDOS 10.5X10.5 - COMINO MOLIDO BATAN X 250 GRS', 0.00, 0, 0, 0, 1, 0, '25', NULL, '2023-04-17 12:19:01', '2023-04-17 12:19:01', 'A'),
(326, 7, 3, 44, NULL, NULL, '250403', NULL, 'STICKERS REDONDOS 10.5X10.5 - PIMIENTA NEGRA MOLIDA BATAN X 250 GR', 'STICKERS REDONDOS 10.5X10.5 - PIMIENTA NEGRA MOLIDA BATAN X 250 GR', 0.00, 0, 0, 0, 1, 0, '25', NULL, '2023-04-17 12:19:01', '2023-04-17 12:19:01', 'A'),
(327, 7, 3, 44, NULL, NULL, '250404', NULL, 'STICKERS REDONDOS 10.5X10.5 - PALILLO MOLIDO BATAN X 250 GR', 'STICKERS REDONDOS 10.5X10.5 - PALILLO MOLIDO BATAN X 250 GR', 0.00, 0, 0, 0, 1, 0, '25', NULL, '2023-04-17 12:19:01', '2023-04-17 12:19:01', 'A'),
(328, 7, 3, 44, NULL, NULL, '250405', NULL, 'STICKERS REDONDOS 10.5X10.5 - AJO MOLIDO BATAN X 250 GR', 'STICKERS REDONDOS 10.5X10.5 - AJO MOLIDO BATAN X 250 GR', 0.00, 0, 0, 0, 1, 0, '25', NULL, '2023-04-17 12:19:01', '2023-04-17 12:19:01', 'A'),
(329, 7, 3, 44, NULL, NULL, '250406', NULL, 'STICKERS REDONDOS 10.5X10.5 - CANELA MOLIDA BATAN X 250 GR', 'STICKERS REDONDOS 10.5X10.5 - CANELA MOLIDA BATAN X 250 GR', 0.00, 0, 0, 0, 1, 0, '25', NULL, '2023-04-17 12:19:01', '2023-04-17 12:19:01', 'A'),
(330, 7, 3, 44, NULL, NULL, '250407', NULL, 'STICKERS REDONDOS 10.5X10.5 - KION MOLIDO BATAN X 250 GR', 'STICKERS REDONDOS 10.5X10.5 - KION MOLIDO BATAN X 250 GR', 0.00, 0, 0, 0, 1, 0, '25', NULL, '2023-04-17 12:19:01', '2023-04-17 12:19:01', 'A'),
(331, 7, 3, 44, NULL, NULL, '250408', NULL, 'STICKERS REDONDOS 10.5X10.5 - OREGANO SELECTO MOLIDO BATAN X 250 GR', 'STICKERS REDONDOS 10.5X10.5 - OREGANO SELECTO MOLIDO BATAN X 250 GR', 0.00, 0, 0, 0, 1, 0, '25', NULL, '2023-04-17 12:19:01', '2023-04-17 12:19:01', 'A'),
(332, 7, 3, 44, NULL, NULL, '250409', NULL, 'STICKERS REDONDOS 10.5X10.5 - CURRY MOLIDO BATAN X 250 GR', 'STICKERS REDONDOS 10.5X10.5 - CURRY MOLIDO BATAN X 250 GR', 0.00, 0, 0, 0, 1, 0, '25', NULL, '2023-04-17 12:19:01', '2023-04-17 12:19:01', 'A'),
(333, 7, 3, 45, NULL, NULL, '250501', NULL, 'STICKERS REDONDOS 10.5X10.5 - SAZ. COMPLETO C./AJI SIN PICANTE MOLIDO BATAN X 500 GRS', 'STICKERS REDONDOS 10.5X10.5 - SAZ. COMPLETO C./AJI SIN PICANTE MOLIDO BATAN X 500 GRS', 0.00, 0, 0, 0, 1, 0, '25', NULL, '2023-04-17 12:19:01', '2023-04-17 12:19:01', 'A'),
(334, 7, 3, 45, NULL, NULL, '250502', NULL, 'STICKERS REDONDOS 10.5X10.5 - COMINO MOLIDO BATAN X 500 GR', 'STICKERS REDONDOS 10.5X10.5 - COMINO MOLIDO BATAN X 500 GR', 0.00, 0, 0, 0, 1, 0, '25', NULL, '2023-04-17 12:19:01', '2023-04-17 12:19:01', 'A'),
(335, 7, 3, 45, NULL, NULL, '250503', NULL, 'STICKERS REDONDOS 10.5X10.5 - PIMIENTA NEGRA MOLIDA BATAN X 500 GR', 'STICKERS REDONDOS 10.5X10.5 - PIMIENTA NEGRA MOLIDA BATAN X 500 GR', 0.00, 0, 0, 0, 1, 0, '25', NULL, '2023-04-17 12:19:01', '2023-04-17 12:19:01', 'A'),
(336, 7, 3, 45, NULL, NULL, '250504', NULL, 'STICKERS REDONDOS 10.5X10.5 - PALILLO MOLIDO BATAN X 500 GR', 'STICKERS REDONDOS 10.5X10.5 - PALILLO MOLIDO BATAN X 500 GR', 0.00, 0, 0, 0, 1, 0, '25', NULL, '2023-04-17 12:19:01', '2023-04-17 12:19:01', 'A'),
(337, 7, 3, 45, NULL, NULL, '250505', NULL, 'STICKERS REDONDOS 10.5X10.5 - AJO MOLIDO BATAN X 500 GR', 'STICKERS REDONDOS 10.5X10.5 - AJO MOLIDO BATAN X 500 GR', 0.00, 0, 0, 0, 1, 0, '25', NULL, '2023-04-17 12:19:01', '2023-04-17 12:19:01', 'A'),
(338, 7, 3, 45, NULL, NULL, '250506', NULL, 'STICKERS REDONDOS 10.5X10.5 - CANELA MOLIDA BATAN X 500 GR', 'STICKERS REDONDOS 10.5X10.5 - CANELA MOLIDA BATAN X 500 GR', 0.00, 0, 0, 0, 1, 0, '25', NULL, '2023-04-17 12:19:01', '2023-04-17 12:19:01', 'A'),
(339, 7, 3, 45, NULL, NULL, '250507', NULL, 'STICKERS REDONDOS 10.5X10.5 - KION MOLIDO BATAN X 500 GR', 'STICKERS REDONDOS 10.5X10.5 - KION MOLIDO BATAN X 500 GR', 0.00, 0, 0, 0, 1, 0, '25', NULL, '2023-04-17 12:19:01', '2023-04-17 12:19:01', 'A'),
(340, 7, 3, 45, NULL, NULL, '250508', NULL, 'STICKERS REDONDOS 10.5X10.5 - OREGANO SELECTO MOLIDO BATAN X 500 GR', 'STICKERS REDONDOS 10.5X10.5 - OREGANO SELECTO MOLIDO BATAN X 500 GR', 0.00, 0, 0, 0, 1, 0, '25', NULL, '2023-04-17 12:19:01', '2023-04-17 12:19:01', 'A'),
(341, 7, 3, 45, NULL, NULL, '250509', NULL, 'STICKERS REDONDOS 10.5X10.5 - OREGANO SELECTO GRANULADO BATAN X 500 GR', 'STICKERS REDONDOS 10.5X10.5 - OREGANO SELECTO GRANULADO BATAN X 500 GR', 0.00, 0, 0, 0, 1, 0, '25', NULL, '2023-04-17 12:19:01', '2023-04-17 12:19:01', 'A'),
(342, 7, 3, 46, NULL, NULL, '250601', NULL, 'STICKERS REDONDOS 10.5X10.5 - COMINO MOLIDO BATAN X 01 KG', 'STICKERS REDONDOS 10.5X10.5 - COMINO MOLIDO BATAN X 01 KG', 0.00, 0, 0, 0, 1, 0, '25', NULL, '2023-04-17 12:19:01', '2023-04-17 12:19:01', 'A'),
(343, 7, 3, 46, NULL, NULL, '250602', NULL, 'STICKERS REDONDOS 10.5X10.5 - PIMIENTA NEGRA MOLIDA BATAN X 01 KG', 'STICKERS REDONDOS 10.5X10.5 - PIMIENTA NEGRA MOLIDA BATAN X 01 KG', 0.00, 0, 0, 0, 1, 0, '25', NULL, '2023-04-17 12:19:01', '2023-04-17 12:19:01', 'A'),
(344, 7, 3, 46, NULL, NULL, '250603', NULL, 'STICKERS REDONDOS 10.5X10.5 - AJO MOLIDO BATAN X 01 KG', 'STICKERS REDONDOS 10.5X10.5 - AJO MOLIDO BATAN X 01 KG', 0.00, 0, 0, 0, 1, 0, '25', NULL, '2023-04-17 12:19:01', '2023-04-17 12:19:01', 'A'),
(345, 7, 3, 46, NULL, NULL, '250604', NULL, 'STICKERS REDONDOS 10.5X10.5 - CANELA MOLIDA BATAN X 01 KG', 'STICKERS REDONDOS 10.5X10.5 - CANELA MOLIDA BATAN X 01 KG', 0.00, 0, 0, 0, 1, 0, '25', NULL, '2023-04-17 12:19:01', '2023-04-17 12:19:01', 'A'),
(346, 7, 3, 46, NULL, NULL, '250605', NULL, 'STICKERS REDONDOS 10.5X10.5 - KION MOLIDO BATAN X 01 KG', 'STICKERS REDONDOS 10.5X10.5 - KION MOLIDO BATAN X 01 KG', 0.00, 0, 0, 0, 1, 0, '25', NULL, '2023-04-17 12:19:01', '2023-04-17 12:19:01', 'A'),
(347, 7, 3, 47, NULL, NULL, '250701', NULL, 'STICKERS REDONDOS 10.5X10.5 - AJO MOLIDO BATAN X 05 KG', 'STICKERS REDONDOS 10.5X10.5 - AJO MOLIDO BATAN X 05 KG', 0.00, 0, 0, 0, 1, 0, '25', NULL, '2023-04-17 12:19:01', '2023-04-17 12:19:01', 'A'),
(348, 7, 3, 47, NULL, NULL, '250702', NULL, 'STICKERS REDONDOS 10.5X10.5 - PIMIENTA BLANCA MOLIDA BATAN X 05 KG', 'STICKERS REDONDOS 10.5X10.5 - PIMIENTA BLANCA MOLIDA BATAN X 05 KG', 0.00, 0, 0, 0, 1, 0, '25', NULL, '2023-04-17 12:19:01', '2023-04-17 12:19:01', 'A'),
(349, 7, 3, 48, NULL, NULL, '250801', NULL, 'STICKERS TROQUELADO 20.6X7.6 - SAL PARRILLERA PARA RES BATAN X 225 GRS', 'STICKERS TROQUELADO 20.6X7.6 - SAL PARRILLERA PARA RES BATAN X 225 GRS', 0.00, 0, 0, 0, 1, 0, '25', NULL, '2023-04-17 12:19:01', '2023-04-17 12:19:01', 'A'),
(350, 7, 3, 48, NULL, NULL, '250802', NULL, 'STICKERS TROQUELADO 20.6X7.6 - SAL PARRILLERA PARA POLLO BATAN X 215 GRS', 'STICKERS TROQUELADO 20.6X7.6 - SAL PARRILLERA PARA POLLO BATAN X 215 GRS', 0.00, 0, 0, 0, 1, 0, '25', NULL, '2023-04-17 12:19:01', '2023-04-17 12:19:01', 'A'),
(351, 7, 3, 48, NULL, NULL, '250803', NULL, 'STICKERS TROQUELADO 20.6X7.6 - SAL PARRILLERA PARA CERDO BATAN X 220 GRS', 'STICKERS TROQUELADO 20.6X7.6 - SAL PARRILLERA PARA CERDO BATAN X 220 GRS', 0.00, 0, 0, 0, 1, 0, '25', NULL, '2023-04-17 12:19:01', '2023-04-17 12:19:01', 'A'),
(352, 7, 5, 54, NULL, '2026', '200101', NULL, 'PANETON 800 GR BOLSA', 'PANETON 800 GR BOLSA', 0.00, 0, 0, 0, 0, 1, '20', NULL, '2023-04-17 12:19:01', '2023-04-17 12:19:01', 'A'),
(353, 7, 5, 54, NULL, '2046', '200102', NULL, 'LECHE IDEAL', 'LECHE IDEAL', 0.00, 0, 0, 0, 0, 1, '20', NULL, '2023-04-17 12:19:01', '2023-04-17 12:19:01', 'A'),
(354, 7, 5, 55, NULL, '2059', '200201', NULL, 'TELEVISOR', 'TELEVISOR', 0.00, 0, 0, 0, 0, 1, '20', NULL, '2023-04-17 12:19:01', '2023-04-17 12:19:01', 'A'),
(355, 7, 5, 55, NULL, NULL, '200202', NULL, 'TABLET', 'TABLET', 0.00, 0, 0, 0, 0, 1, '20', NULL, '2023-04-17 12:19:01', '2023-04-17 12:19:01', 'A'),
(356, 7, 5, 56, NULL, '2039', '200301', NULL, 'BATEA', 'BATEA', 0.00, 0, 0, 0, 0, 1, '20', NULL, '2023-04-17 12:19:01', '2023-04-17 12:19:01', 'A'),
(357, 7, 5, 56, NULL, '2003', '200302', NULL, 'TINA BARQUITA', 'TINA BARQUITA', 0.00, 0, 0, 0, 0, 1, '20', NULL, '2023-04-17 12:19:01', '2023-04-17 12:19:01', 'A'),
(358, 7, 5, 56, NULL, '2009', '200303', NULL, 'PLATO DE LOZA N° 09', 'PLATO DE LOZA N° 09', 0.00, 0, 0, 0, 0, 1, '20', NULL, '2023-04-17 12:19:01', '2023-04-17 12:19:01', 'A'),
(359, 7, 5, 56, NULL, '2008', '200304', NULL, 'PLATO DE LOZA N° 08', 'PLATO DE LOZA N° 08', 0.00, 0, 0, 0, 0, 1, '20', NULL, '2023-04-17 12:19:01', '2023-04-17 12:19:01', 'A'),
(360, 7, 5, 56, NULL, '2007', '200305', NULL, 'PLATO DE LOZA N° 07', 'PLATO DE LOZA N° 07', 0.00, 0, 0, 0, 0, 1, '20', NULL, '2023-04-17 12:19:01', '2023-04-17 12:19:01', 'A'),
(361, 7, 5, 56, NULL, '2012', '200306', NULL, 'DULCERAS', 'DULCERAS', 0.00, 0, 0, 0, 0, 1, '20', NULL, '2023-04-17 12:19:01', '2023-04-17 12:19:01', 'A'),
(362, 7, 5, 56, NULL, '2057', '200307', NULL, 'DULCERA X 7 PZ', 'DULCERA X 7 PZ', 0.00, 0, 0, 0, 0, 1, '20', NULL, '2023-04-17 12:19:01', '2023-04-17 12:19:01', 'A'),
(363, 7, 5, 56, NULL, '2203', '200308', NULL, 'CUCHARAS', 'CUCHARAS', 0.00, 0, 0, 0, 0, 1, '20', NULL, '2023-04-17 12:19:01', '2023-04-17 12:19:01', 'A'),
(364, 7, 5, 56, NULL, '2202', '200309', NULL, 'CUCHARITAS', 'CUCHARITAS', 0.00, 0, 0, 0, 0, 1, '20', NULL, '2023-04-17 12:19:01', '2023-04-17 12:19:01', 'A'),
(365, 7, 5, 56, NULL, '2078', '200310', NULL, 'TAZA', 'TAZA', 0.00, 0, 0, 0, 0, 1, '20', NULL, '2023-04-17 12:19:01', '2023-04-17 12:19:01', 'A'),
(366, 7, 5, 56, NULL, '2013', '200311', NULL, 'JARRO LECHERO', 'JARRO LECHERO', 0.00, 0, 0, 0, 0, 1, '20', NULL, '2023-04-17 12:19:01', '2023-04-17 12:19:01', 'A'),
(367, 7, 5, 56, NULL, '2040', '200312', NULL, 'COCINA', 'COCINA', 0.00, 0, 0, 0, 0, 1, '20', NULL, '2023-04-17 12:19:01', '2023-04-17 12:19:01', 'A'),
(368, 7, 5, 56, NULL, '2022', '200313', NULL, 'OLLA A PRESION', 'OLLA A PRESION', 0.00, 0, 0, 0, 0, 1, '20', NULL, '2023-04-17 12:19:01', '2023-04-17 12:19:01', 'A'),
(369, 7, 5, 56, NULL, '2011', '200314', NULL, 'VASO DE VIDRIO', 'VASO DE VIDRIO', 0.00, 0, 0, 0, 0, 1, '20', NULL, '2023-04-17 12:19:01', '2023-04-17 12:19:01', 'A'),
(370, 7, 5, 56, NULL, NULL, '200315', NULL, 'JARRA 01 LT.', 'JARRA 01 LT.', 0.00, 0, 0, 0, 0, 1, '20', NULL, '2023-04-17 12:19:01', '2023-04-17 12:19:01', 'A'),
(371, 7, 5, 56, NULL, NULL, '200316', NULL, 'VASO FACETADO 10 OZ.', 'VASO FACETADO 10 OZ.', 0.00, 0, 0, 0, 0, 1, '20', NULL, '2023-04-17 12:19:01', '2023-04-17 12:19:01', 'A'),
(372, 7, 5, 57, NULL, '2043', '200401', NULL, 'EXHIBIDOR X 4 NIVELES GIGANTE', 'EXHIBIDOR X 4 NIVELES GIGANTE', 0.00, 0, 0, 0, 0, 1, '20', NULL, '2023-04-17 12:19:01', '2023-04-17 12:19:01', 'A'),
(373, 7, 5, 57, NULL, '2015', '200402', NULL, 'EXHIBIDOR X 4 NIVELES', 'EXHIBIDOR X 4 NIVELES', 0.00, 0, 0, 0, 0, 1, '20', NULL, '2023-04-17 12:19:01', '2023-04-17 12:19:01', 'A'),
(374, 7, 5, 57, NULL, '2031', '200403', NULL, 'EXHIBIDOR SALES PARRILLERAS', 'EXHIBIDOR SALES PARRILLERAS', 0.00, 0, 0, 0, 0, 1, '20', NULL, '2023-04-17 12:19:01', '2023-04-17 12:19:01', 'A'),
(375, 7, 5, 57, NULL, '2002', '200404', NULL, 'POLO', 'POLO', 0.00, 0, 0, 0, 0, 1, '20', NULL, '2023-04-17 12:19:01', '2023-04-17 12:19:01', 'A'),
(376, 7, 5, 57, NULL, '2005', '200405', NULL, 'GORRO', 'GORRO', 0.00, 0, 0, 0, 0, 1, '20', NULL, '2023-04-17 12:19:01', '2023-04-17 12:19:01', 'A'),
(377, 7, 5, 57, NULL, '2017', '200406', NULL, 'CHALECO', 'CHALECO', 0.00, 0, 0, 0, 0, 1, '20', NULL, '2023-04-17 12:19:01', '2023-04-17 12:19:01', 'A'),
(378, 7, 5, 57, NULL, '2018', '200407', NULL, 'CASACA', 'CASACA', 0.00, 0, 0, 0, 0, 1, '20', NULL, '2023-04-17 12:19:01', '2023-04-17 12:19:01', 'A'),
(379, 7, 5, 57, NULL, '2021', '200408', NULL, 'MANDIL', 'MANDIL', 0.00, 0, 0, 0, 0, 1, '20', NULL, '2023-04-17 12:19:01', '2023-04-17 12:19:01', 'A'),
(380, 7, 5, 57, NULL, '2201', '200409', NULL, 'LAPICEROS', 'LAPICEROS', 0.00, 0, 0, 0, 0, 1, '20', NULL, '2023-04-17 12:19:01', '2023-04-17 12:19:01', 'A'),
(381, 7, 5, 57, NULL, '2014', '200410', NULL, 'PORTA CONDIMENTERO', 'PORTA CONDIMENTERO', 0.00, 0, 0, 0, 0, 1, '20', NULL, '2023-04-17 12:19:01', '2023-04-17 12:19:01', 'A'),
(382, 7, 5, 57, NULL, '2001', '200411', NULL, 'ALMANAQUES BATAN 2023', 'ALMANAQUES BATAN 2023', 0.00, 0, 0, 0, 0, 1, '20', NULL, '2023-04-17 12:19:01', '2023-04-17 12:19:01', 'A'),
(383, 7, 5, 58, NULL, '2019', '200501', NULL, 'FRAZADA DE 1 1/2 PLAZA', 'FRAZADA DE 1 1/2 PLAZA', 0.00, 0, 0, 0, 0, 1, '20', NULL, '2023-04-17 12:19:01', '2023-04-17 12:19:01', 'A'),
(384, 7, 5, 58, NULL, '2020', '200502', NULL, 'FRAZADA DE 2 PLAZAS', 'FRAZADA DE 2 PLAZAS', 0.00, 0, 0, 0, 0, 1, '20', NULL, '2023-04-17 12:19:01', '2023-04-17 12:19:01', 'A'),
(385, 7, 5, 58, NULL, '2036', '200503', NULL, 'MANTA POLAR', 'MANTA POLAR', 0.00, 0, 0, 0, 0, 1, '20', NULL, '2023-04-17 12:19:01', '2023-04-17 12:19:01', 'A'),
(386, 7, 5, 58, NULL, '2071', '200504', NULL, 'EDREDON', 'EDREDON', 0.00, 0, 0, 0, 0, 1, '20', NULL, '2023-04-17 12:19:01', '2023-04-17 12:19:01', 'A'),
(387, 5, 2, 13, NULL, '319', NULL, NULL, 'COMINO FRASCO X 230 GRS', 'COMINO FRASCO X 230 GRS', 0.00, 0, 1, 0, 0, 0, '0', NULL, '2023-08-01 14:58:23', '2023-08-01 14:58:23', 'A'),
(388, 5, 2, 13, NULL, '320', NULL, NULL, 'PIMIENTA FRASCO X 230 GRS', 'PIMIENTA FRASCO X 230 GRS', 0.00, 0, 1, 0, 0, 0, '0', NULL, '2023-08-01 14:58:23', '2023-08-01 14:58:23', 'A'),
(389, 5, 2, 13, NULL, '321', NULL, NULL, 'AJO FRASCO X 280 GRS', 'AJO FRASCO X 280 GRS', 0.00, 0, 1, 0, 0, 0, '0', NULL, '2023-08-01 14:58:23', '2023-08-01 14:58:23', 'A'),
(390, 5, 2, 13, NULL, '322', NULL, NULL, 'OREGANO FRASCO X 80 GRS', 'OREGANO FRASCO X 80 GRS', 0.00, 0, 1, 0, 0, 0, '0', NULL, '2023-08-01 14:58:23', '2023-08-01 14:58:23', 'A'),
(391, 5, 2, 13, NULL, '323', NULL, NULL, 'OREGANO FRASCO X 250 GRS', 'OREGANO FRASCO X 250 GRS', 0.00, 0, 1, 0, 0, 0, '0', NULL, '2023-08-01 14:58:23', '2023-08-01 14:58:23', 'A'),
(392, 7, 3, NULL, NULL, NULL, NULL, NULL, 'STICKERS TROQUELADO 20.6X7.6 - OREGANO X 250 GRS', 'STICKERS TROQUELADO 20.6X7.6 - OREGANO X 250 GRS', 0.00, 0, 0, 0, 1, 0, '0', NULL, '2023-08-04 09:33:58', '2023-08-04 09:33:58', 'A'),
(393, 7, 3, NULL, NULL, NULL, NULL, NULL, 'STICKERS TROQUELADO 20.6X7.6 - OREGANO X 80 GRS', 'STICKERS TROQUELADO 20.6X7.6 - OREGANO X 80 GRS', 0.00, 0, 0, 0, 1, 0, '0', NULL, '2023-08-04 09:34:31', '2023-08-04 09:34:31', 'A'),
(394, 7, 3, NULL, NULL, NULL, NULL, NULL, 'STICKERS TROQUELADO 20.6X7.6 - AJO X 280 GRS', 'STICKERS TROQUELADO 20.6X7.6 - AJO X 280 GRS', 0.00, 0, 0, 0, 1, 0, '0', NULL, '2023-08-04 09:34:44', '2023-08-04 09:34:44', 'A'),
(395, 7, 3, NULL, NULL, NULL, NULL, NULL, 'STICKERS TROQUELADO 20.6X7.6 - PIMIENTA X 230 GRS', 'STICKERS TROQUELADO 20.6X7.6 - PIMIENTA X 230 GRS', 0.00, 0, 0, 0, 1, 0, '0', NULL, '2023-08-04 09:35:13', '2023-08-04 09:35:13', 'A'),
(396, 7, 3, NULL, NULL, NULL, NULL, NULL, 'STICKERS TROQUELADO 20.6X7.6 - COMINO X 230 GRS', 'STICKERS TROQUELADO 20.6X7.6 - COMINO X 230 GRS', 0.00, 0, 0, 0, 1, 0, '0', NULL, '2023-08-04 09:35:30', '2023-08-04 09:35:30', 'A'),
(398, 6, 2, 16, NULL, NULL, NULL, NULL, 'BOLSA PALILLO MOLIDO BATAN X 01 KG', 'BOLSA PALILLO MOLIDO BATAN X 01 KG', 0.00, 0, 1, 0, 0, 0, '21', NULL, '2023-08-07 15:42:21', '2023-08-07 15:42:21', 'A'),
(400, 6, 2, 17, NULL, NULL, NULL, NULL, 'BOLSA KION MOLIDO BATAN X 01 KG', 'BOLSA KION MOLIDO BATAN X 01 KG', 0.00, 0, 1, 0, 0, 0, '21', NULL, '2023-08-09 16:57:43', '2023-08-09 16:57:43', 'A'),
(401, 6, 2, 17, NULL, NULL, NULL, NULL, 'BOLSA PIMIENTA MOLIDO BATAN X 01 KG', 'BOLSA PIMIENTA MOLIDO BATAN X 01 KG', 0.00, 0, 1, 0, 0, 0, '21', NULL, '2023-08-09 16:57:58', '2023-08-09 16:57:58', 'A'),
(402, 6, 2, 17, NULL, NULL, NULL, NULL, 'BOLSA COMINO MOLIDO BATAN X 01 KG', 'BOLSA COMINO MOLIDO BATAN X 01 KG', 0.00, 0, 1, 0, 0, 0, '21', NULL, '2023-08-09 16:58:06', '2023-08-09 16:58:06', 'A'),
(403, 6, 2, 17, NULL, NULL, NULL, NULL, ' BOLSA  AJO MOLIDO BATAN X 01 KG', ' BOLSA  AJO MOLIDO BATAN X 01 KG', 0.00, 0, 1, 0, 0, 0, '21', NULL, '2023-08-09 16:58:13', '2023-08-09 16:58:13', 'A'),
(404, NULL, NULL, NULL, NULL, NULL, NULL, NULL, 'BOLSA OREGANO BATAN X 01 KG', 'BOLSA OREGANO BATAN X 01 KG', 0.00, 0, 1, 0, 0, 21, NULL, NULL, '2023-08-09 16:58:25', '2023-08-09 16:58:25', 'A');

-- --------------------------------------------------------

--
-- Estructura de tabla para la tabla `producto_agregacion_trazabilidad`
--

CREATE TABLE `producto_agregacion_trazabilidad` (
  `id` int(11) NOT NULL,
  `idProdAgr` int(11) NOT NULL,
  `idEntSto` int(11) NOT NULL,
  `canProdAgrTra` decimal(13,3) DEFAULT 0.000,
  `fecActProdAgrTra` datetime DEFAULT current_timestamp(),
  `fecCreProdAgrTra` datetime DEFAULT current_timestamp(),
  `estReg` char(1) DEFAULT 'A'
) ENGINE=InnoDB DEFAULT CHARSET=utf8 COLLATE=utf8_general_ci;

--
-- Volcado de datos para la tabla `producto_agregacion_trazabilidad`
--

INSERT INTO `producto_agregacion_trazabilidad` (`id`, `idProdAgr`, `idEntSto`, `canProdAgrTra`, `fecActProdAgrTra`, `fecCreProdAgrTra`, `estReg`) VALUES
(4, 4, 24, 1.000, '2023-08-24 08:55:33', '2023-08-24 08:55:33', 'A'),
(5, 5, 24, 5.000, '2023-08-24 08:56:36', '2023-08-24 08:56:36', 'A'),
(6, 6, 24, 0.050, '2023-08-28 07:40:49', '2023-08-28 07:40:49', 'A'),
(7, 7, 24, 0.050, '2023-08-28 07:41:25', '2023-08-28 07:41:25', 'A'),
(8, 8, 24, 0.050, '2023-08-28 07:41:32', '2023-08-28 07:41:32', 'A'),
(9, 9, 24, 0.050, '2023-08-28 07:41:47', '2023-08-28 07:41:47', 'A'),
(10, 10, 24, 0.050, '2023-08-28 07:41:55', '2023-08-28 07:41:55', 'A'),
(11, 11, 24, 0.050, '2023-08-28 07:43:06', '2023-08-28 07:43:06', 'A'),
(12, 12, 24, 0.050, '2023-08-28 07:44:09', '2023-08-28 07:44:09', 'A'),
(13, 13, 24, 0.050, '2023-08-28 07:48:54', '2023-08-28 07:48:54', 'A'),
(14, 14, 24, 0.050, '2023-08-28 08:23:39', '2023-08-28 08:23:39', 'A');

-- --------------------------------------------------------

--
-- Estructura de tabla para la tabla `producto_devolucion_trazabilidad`
--

CREATE TABLE `producto_devolucion_trazabilidad` (
  `id` int(11) NOT NULL,
  `idProdDev` int(11) NOT NULL,
  `idEntSto` int(11) NOT NULL,
  `canProdDevTra` decimal(13,3) DEFAULT 0.000,
  `fecActProdDevTra` datetime DEFAULT current_timestamp(),
  `fecCreProdDevTra` datetime DEFAULT current_timestamp(),
  `estReg` char(1) DEFAULT 'A'
) ENGINE=InnoDB DEFAULT CHARSET=utf8 COLLATE=utf8_general_ci;

-- --------------------------------------------------------

--
-- Estructura de tabla para la tabla `proveedor`
--

CREATE TABLE `proveedor` (
  `id` int(11) NOT NULL,
  `codProv` char(15) NOT NULL,
  `nomProv` char(20) DEFAULT NULL,
  `apeProv` char(20) DEFAULT NULL,
  `desProv` char(40) DEFAULT NULL,
  `docProv` varchar(100) DEFAULT NULL,
  `fecCreProv` datetime DEFAULT current_timestamp(),
  `fecActProv` datetime DEFAULT current_timestamp(),
  `estReg` char(1) DEFAULT 'A'
) ENGINE=InnoDB DEFAULT CHARSET=utf8 COLLATE=utf8_general_ci;

--
-- Volcado de datos para la tabla `proveedor`
--

INSERT INTO `proveedor` (`id`, `codProv`, `nomProv`, `apeProv`, `desProv`, `docProv`, `fecCreProv`, `fecActProv`, `estReg`) VALUES
(1, '00', 'EMARANSAC', 'EMARANSAC', 'Proceso interno', '20120914279', '2023-04-03 09:57:32', '2023-04-03 09:57:32', 'A'),
(2, '01', 'FRANCISCA MENDOZA L.', 'FRANCISCA MENDOZA L.', 'No hay descripcion', '29505088', '2023-04-03 09:57:32', '2023-04-03 09:57:32', 'A'),
(3, '02', 'MENDOZA ESCALANTE VI', 'MENDOZA ESCALANTE VI', 'No hay descripcion', '29501711', '2023-04-03 09:57:32', '2023-04-03 09:57:32', 'A'),
(4, '03', 'JIMMY SALAS', 'JIMMY SALAS', 'No hay descripcion', '40234985', '2023-04-03 09:57:32', '2023-04-03 09:57:32', 'A'),
(5, '04', 'GLADYS OLIVIA RUELAS', 'GLADYS OLIVIA RUELAS', 'No hay descripcion', '1340725', '2023-04-03 09:57:32', '2023-04-03 09:57:32', 'A'),
(6, '05', 'ACERO MUSAJA JOSE AN', 'ACERO MUSAJA JOSE AN', 'No hay descripcion', '414531', '2023-04-03 09:57:32', '2023-04-03 09:57:32', 'A'),
(7, '06', 'MM GENERALES', 'MM GENERALES', 'No hay descripcion', NULL, '2023-04-03 09:57:32', '2023-04-03 09:57:32', 'A'),
(8, '07', 'GRANIMPEX', 'GRANIMPEX', 'No hay descripcion', NULL, '2023-04-03 09:57:32', '2023-04-03 09:57:32', 'A'),
(9, '08', 'FELICITAS CUBA', 'FELICITAS CUBA', 'No hay descripcion', NULL, '2023-04-03 09:57:32', '2023-04-03 09:57:32', 'A'),
(10, '09', 'PLATER\'S FOOD S.A.C.', 'PLATER\'S FOOD S.A.C.', 'No hay descripcion', '20566122384', '2023-04-03 09:57:32', '2023-04-03 09:57:32', 'A'),
(11, '10', 'FRUTOS Y ESPECIAS', 'FRUTOS Y ESPECIAS', 'No hay descripcion', '20207845044', '2023-04-03 09:57:32', '2023-04-03 09:57:32', 'A'),
(12, '11', 'COMVER', 'COMVER', 'No hay descripcion', '20602384323', '2023-04-03 09:57:32', '2023-04-03 09:57:32', 'A'),
(13, '12', 'URQUIZO PINTO RICARD', 'URQUIZO PINTO RICARD', 'No hay descripcion', NULL, '2023-04-03 09:57:32', '2023-04-03 09:57:32', 'A'),
(14, '13', 'MAS VENTAS', 'MAS VENTAS', 'No hay descripcion', '20497803463', '2023-04-03 09:57:32', '2023-04-03 09:57:32', 'A'),
(15, '15', 'AGROINDUSTRIAS ANDE', 'AGROINDUSTRIAS ANDE', 'No hay descripcion', '20503978157', '2023-04-03 09:57:32', '2023-04-03 09:57:32', 'A'),
(16, '16', 'CONSORCIO GLM', 'CONSORCIO GLM', 'No hay descripcion', '20517160432', '2023-04-03 09:57:32', '2023-04-03 09:57:32', 'A'),
(17, '17', 'ALITECNO', 'ALITECNO', 'No hay descripcion', '20474807101', '2023-04-03 09:57:32', '2023-04-03 09:57:32', 'A'),
(18, '18', 'LINROS', 'LINROS', 'No hay descripcion', '20168406887', '2023-04-03 09:57:32', '2023-04-03 09:57:32', 'A'),
(19, '19', 'INTERINSUMOS', 'INTERINSUMOS', 'No hay descripcion', '20498279628', '2023-04-03 09:57:32', '2023-04-03 09:57:32', 'A'),
(20, '20', 'QUIMICOS VALENCIA', 'QUIMICOS VALENCIA', 'No hay descripcion', '20603300557', '2023-04-03 09:57:32', '2023-04-03 09:57:32', 'A'),
(21, '21', 'THOMAS', 'THOMAS', 'No hay descripcion', NULL, '2023-04-03 09:57:32', '2023-04-03 09:57:32', 'A'),
(22, '22', 'MADEX SAC', 'MADEX SAC', 'No hay descripcion', '20539412907', '2023-04-03 09:57:32', '2023-04-03 09:57:32', 'A'),
(23, '23', 'AJINOMOTO DEL PERU', 'AJINOMOTO DEL PERU', 'No hay descripcion', '20100085063', '2023-04-03 09:57:32', '2023-04-03 09:57:32', 'A'),
(24, '24', 'GTM', 'GTM', 'No hay descripcion', NULL, '2023-04-03 09:57:32', '2023-04-03 09:57:32', 'A'),
(25, '25', 'UNION PLAST', 'UNION PLAST', 'No hay descripcion', '20102262361', '2023-04-03 09:57:32', '2023-04-03 09:57:32', 'A'),
(26, '26', 'TRUPAL', 'TRUPAL', 'No hay descripcion', NULL, '2023-04-03 09:57:32', '2023-04-03 09:57:32', 'A'),
(27, '27', 'LAPICES Y CONEXOS', 'LAPICES Y CONEXOS', 'No hay descripcion', '20100190100', '2023-04-03 09:57:32', '2023-04-03 09:57:32', 'A'),
(28, '28', 'ENVOLTURAS PERU SAC', 'ENVOLTURAS PERU SAC', 'No hay descripcion', NULL, '2023-04-03 09:57:32', '2023-04-03 09:57:32', 'A'),
(29, '29', 'INDUMEXEM', 'INDUMEXEM', 'No hay descripcion', '20136570332', '2023-04-03 09:57:32', '2023-04-03 09:57:32', 'A'),
(30, '30', 'PRODUCTOS CADYPLASTI', 'PRODUCTOS CADYPLASTI', 'No hay descripcion', NULL, '2023-04-03 09:57:32', '2023-04-03 09:57:32', 'A'),
(31, '31', 'SMP DISTRIBUCIONES S', 'SMP DISTRIBUCIONES S', 'No hay descripcion', '20264804427', '2023-04-03 09:57:32', '2023-04-03 09:57:32', 'A'),
(32, '32', 'PACKING TECH', 'PACKING TECH', 'No hay descripcion', '20602703828', '2023-04-03 09:57:32', '2023-04-03 09:57:32', 'A'),
(33, '33', 'NEGOCIACIONES DIEKAT', 'NEGOCIACIONES DIEKAT', 'No hay descripcion', '20548077835', '2023-04-03 09:57:32', '2023-04-03 09:57:32', 'A'),
(34, '34', 'HUANCA MERMA ALEX', 'HUANCA MERMA ALEX', 'No hay descripcion', NULL, '2023-04-03 09:57:32', '2023-04-03 09:57:32', 'A'),
(35, '35', 'CAMACHO TARQUI LUZMI', 'CAMACHO TARQUI LUZMI', 'No hay descripcion', '10293793234', '2023-04-03 09:57:32', '2023-04-03 09:57:32', 'A'),
(36, '36', 'GOICOCHEA GOICOCHEA', 'GOICOCHEA GOICOCHEA', 'No hay descripcion', NULL, '2023-04-03 09:57:32', '2023-04-03 09:57:32', 'A'),
(37, '37', 'CORPORACION DE INDUS', 'CORPORACION DE INDUS', 'No hay descripcion', '20100654025', '2023-04-03 09:57:32', '2023-04-03 09:57:32', 'A'),
(38, '38', 'PRODUCTOS DIVERSOS E', 'PRODUCTOS DIVERSOS E', 'No hay descripcion', NULL, '2023-04-03 09:57:32', '2023-04-03 09:57:32', 'A'),
(39, '39', 'ASEPTIC SOLUTIONS PE', 'ASEPTIC SOLUTIONS PE', 'No hay descripcion', '20543514455', '2023-04-03 09:57:32', '2023-04-03 09:57:32', 'A'),
(40, '40', '2S DISTRIBUIDORA COM', '2S DISTRIBUIDORA COM', 'No hay descripcion', NULL, '2023-04-03 09:57:32', '2023-04-03 09:57:32', 'A'),
(41, '41', 'RODPAZ SAC', 'RODPAZ SAC', 'No hay descripcion', '20498652795', '2023-04-03 09:57:32', '2023-04-03 09:57:32', 'A'),
(42, '43', 'DELTA QUIMICA', 'DELTA QUIMICA', 'No hay descripcion', NULL, '2023-04-03 09:57:32', '2023-04-03 09:57:32', 'A'),
(43, '44', 'TECNICA SA', 'TECNICA SA', 'No hay descripcion', '20454944543', '2023-04-03 09:57:32', '2023-04-03 09:57:32', 'A'),
(44, '45', 'SAPOLIO', 'SAPOLIO', 'No hay descripcion', NULL, '2023-04-03 09:57:32', '2023-04-03 09:57:32', 'A'),
(45, '46', 'S & M DISTRIBUIDORA', 'S & M DISTRIBUIDORA', 'No hay descripcion', NULL, '2023-04-03 09:57:32', '2023-04-03 09:57:32', 'A'),
(46, '47', 'HORTUS S.A.', 'HORTUS S.A.', 'No hay descripcion', '20101637221', '2023-04-03 09:57:32', '2023-04-03 09:57:32', 'A'),
(47, '48', 'CIFUMIGA E.I.R.L.', 'CIFUMIGA E.I.R.L.', 'No hay descripcion', '20455477957', '2023-04-03 09:57:32', '2023-04-03 09:57:32', 'A'),
(48, '49', 'NARUSERVICES E.I.R.L', 'NARUSERVICES E.I.R.L', 'No hay descripcion', '_', '2023-04-03 09:57:32', '2023-04-03 09:57:32', 'A'),
(49, '50', 'BHIOS Laboratorios S', 'BHIOS Laboratorios S', 'No hay descripcion', '20454048033', '2023-04-03 09:57:32', '2023-04-03 09:57:32', 'A'),
(50, '51', 'SERVITECC E.I.R.L.', 'SERVITECC E.I.R.L.', 'No hay descripcion', '20100571243', '2023-04-03 09:57:32', '2023-04-03 09:57:32', 'A'),
(51, '52', 'AUTOSERVICIO DEL CAR', 'AUTOSERVICIO DEL CAR', 'No hay descripcion', NULL, '2023-04-03 09:57:32', '2023-04-03 09:57:32', 'A'),
(52, '53', 'CORPORACION LP VIDA', 'CORPORACION LP VIDA', 'No hay descripcion', '20603116268', '2023-04-03 09:57:32', '2023-04-03 09:57:32', 'A'),
(53, '54', 'UNIGRAF S.A.C.', 'UNIGRAF S.A.C.', 'No hay descripcion', '20113367955', '2023-04-03 09:57:32', '2023-04-03 09:57:32', 'A'),
(54, '55', 'LATINOAMERICANA E.I.', 'LATINOAMERICANA E.I.', 'No hay descripcion', '20206432692', '2023-04-03 09:57:32', '2023-04-03 09:57:32', 'A'),
(55, '56', 'ABRIL ARAGON JOSE LU', 'ABRIL ARAGON JOSE LU', 'No hay descripcion', '10460238396', '2023-04-03 09:57:32', '2023-04-03 09:57:32', 'A'),
(56, '57', 'DELGADO TICONA CARME', 'DELGADO TICONA CARME', 'No hay descripcion', '10294439663', '2023-04-03 09:57:32', '2023-04-03 09:57:32', 'A'),
(57, '58', 'FBK PERU S.A.C.', 'FBK PERU S.A.C.', 'No hay descripcion', '20511013080', '2023-04-03 09:57:32', '2023-04-03 09:57:32', 'A'),
(58, '59', 'EXPORT SUPERFOODS SA', 'EXPORT SUPERFOODS SA', 'No hay descripcion', '20601658403', '2023-04-03 09:57:32', '2023-04-03 09:57:32', 'A'),
(59, '60', 'CARLOS ORLANDO NAJAR', 'CARLOS ORLANDO NAJAR', 'No hay descripcion', '30851008', '2023-04-03 09:57:32', '2023-04-03 09:57:32', 'A'),
(60, '61', 'GERALDINE TORRES ZEG', 'GERALDINE TORRES ZEG', 'No hay descripcion', '72920604', '2023-04-03 09:57:32', '2023-04-03 09:57:32', 'A'),
(61, '62', 'ZARAVIA HUAYTA SHARI', 'ZARAVIA HUAYTA SHARI', 'No hay descripcion', NULL, '2023-04-03 09:57:32', '2023-04-03 09:57:32', 'A'),
(62, '63', 'ORTIZ FONSECA HELLEN', 'ORTIZ FONSECA HELLEN', 'No hay descripcion', '73381911', '2023-04-03 09:57:32', '2023-04-03 09:57:32', 'A'),
(63, '64', 'PLASTIGESA EIRL', 'PLASTIGESA EIRL', 'No hay descripcion', '20497420378', '2023-04-03 09:57:32', '2023-04-03 09:57:32', 'A'),
(64, '65', 'PANAMERICA INDUSTRIA', 'PANAMERICA INDUSTRIA', 'No hay descripcion', '20454450460', '2023-04-03 09:57:32', '2023-04-03 09:57:32', 'A'),
(65, '66', 'ANDERS PERU', 'ANDERS PERU', 'No hay descripcion', '20100281245', '2023-04-03 09:57:32', '2023-04-03 09:57:32', 'A');

-- --------------------------------------------------------

--
-- Estructura de tabla para la tabla `requisicion`
--

CREATE TABLE `requisicion` (
  `id` int(11) NOT NULL,
  `idProdc` int(11) NOT NULL,
  `idReqEst` int(11) NOT NULL,
  `idAre` int(11) NOT NULL,
  `codReq` char(12) DEFAULT NULL,
  `fecPedReq` datetime DEFAULT current_timestamp(),
  `fecEntReq` datetime DEFAULT NULL,
  `fecCreReq` datetime DEFAULT current_timestamp(),
  `fecActReq` datetime DEFAULT current_timestamp(),
  `estReg` char(1) DEFAULT 'A'
) ENGINE=InnoDB DEFAULT CHARSET=utf8 COLLATE=utf8_general_ci;

--
-- Volcado de datos para la tabla `requisicion`
--

INSERT INTO `requisicion` (`id`, `idProdc`, `idReqEst`, `idAre`, `codReq`, `fecPedReq`, `fecEntReq`, `fecCreReq`, `fecActReq`, `estReg`) VALUES
(49, 20, 1, 2, NULL, '2023-08-07 11:56:47', NULL, '2023-08-07 11:56:47', '2023-08-07 11:56:47', 'A'),
(50, 20, 1, 6, NULL, '2023-08-07 11:56:47', NULL, '2023-08-07 11:56:47', '2023-08-07 11:56:47', 'A'),
(51, 21, 1, 2, NULL, '2023-08-07 11:59:49', NULL, '2023-08-07 11:59:49', '2023-08-07 11:59:49', 'A'),
(52, 21, 1, 6, NULL, '2023-08-07 11:59:49', NULL, '2023-08-07 11:59:49', '2023-08-07 11:59:49', 'A'),
(53, 22, 1, 2, NULL, '2023-08-07 12:55:44', NULL, '2023-08-07 12:55:44', '2023-08-07 12:55:44', 'A'),
(54, 22, 1, 5, NULL, '2023-08-07 12:55:44', NULL, '2023-08-07 12:55:44', '2023-08-07 12:55:44', 'A'),
(55, 22, 1, 6, NULL, '2023-08-07 12:55:44', NULL, '2023-08-07 12:55:44', '2023-08-07 12:55:44', 'A'),
(56, 23, 1, 2, NULL, '2023-08-09 08:56:27', NULL, '2023-08-09 08:56:27', '2023-08-09 08:56:27', 'A'),
(57, 23, 1, 5, NULL, '2023-08-09 08:56:27', NULL, '2023-08-09 08:56:27', '2023-08-09 08:56:27', 'A'),
(58, 23, 1, 6, NULL, '2023-08-09 08:56:27', NULL, '2023-08-09 08:56:27', '2023-08-09 08:56:27', 'A'),
(59, 24, 1, 7, NULL, '2023-08-09 12:39:19', NULL, '2023-08-09 12:39:19', '2023-08-09 12:39:19', 'A'),
(60, 24, 1, 5, NULL, '2023-08-09 12:39:19', NULL, '2023-08-09 12:39:19', '2023-08-09 12:39:19', 'A'),
(61, 24, 1, 6, NULL, '2023-08-09 12:39:19', NULL, '2023-08-09 12:39:19', '2023-08-09 12:39:19', 'A'),
(62, 25, 1, 7, NULL, '2023-08-09 13:11:09', NULL, '2023-08-09 13:11:09', '2023-08-09 13:11:09', 'A'),
(63, 25, 1, 5, NULL, '2023-08-09 13:11:09', NULL, '2023-08-09 13:11:09', '2023-08-09 13:11:09', 'A'),
(64, 25, 1, 6, NULL, '2023-08-09 13:11:09', NULL, '2023-08-09 13:11:09', '2023-08-09 13:11:09', 'A'),
(65, 26, 1, 7, NULL, '2023-08-09 15:31:03', NULL, '2023-08-09 15:31:03', '2023-08-09 15:31:03', 'A'),
(66, 26, 1, 5, NULL, '2023-08-09 15:31:03', NULL, '2023-08-09 15:31:03', '2023-08-09 15:31:03', 'A'),
(67, 26, 1, 6, NULL, '2023-08-09 15:31:03', NULL, '2023-08-09 15:31:03', '2023-08-09 15:31:03', 'A'),
(68, 27, 1, 2, NULL, '2023-08-11 12:07:54', NULL, '2023-08-11 12:07:54', '2023-08-11 12:07:54', 'A'),
(69, 27, 1, 5, NULL, '2023-08-11 12:07:54', NULL, '2023-08-11 12:07:54', '2023-08-11 12:07:54', 'A'),
(70, 27, 1, 6, NULL, '2023-08-11 12:07:54', NULL, '2023-08-11 12:07:54', '2023-08-11 12:07:54', 'A'),
(71, 28, 1, 2, NULL, '2023-08-12 14:15:22', NULL, '2023-08-12 14:15:22', '2023-08-12 14:15:22', 'A'),
(72, 28, 1, 5, NULL, '2023-08-12 14:15:22', NULL, '2023-08-12 14:15:22', '2023-08-12 14:15:22', 'A'),
(73, 28, 1, 6, NULL, '2023-08-12 14:15:22', NULL, '2023-08-12 14:15:22', '2023-08-12 14:15:22', 'A'),
(74, 29, 2, 2, NULL, '2023-08-12 14:28:12', NULL, '2023-08-12 14:28:12', '2023-08-12 14:28:12', 'A'),
(75, 29, 1, 5, NULL, '2023-08-12 14:28:12', NULL, '2023-08-12 14:28:12', '2023-08-12 14:28:12', 'A'),
(76, 29, 1, 6, NULL, '2023-08-12 14:28:12', NULL, '2023-08-12 14:28:12', '2023-08-12 14:28:12', 'A'),
(77, 30, 1, 2, NULL, '2023-08-17 16:49:42', NULL, '2023-08-17 16:49:42', '2023-08-17 16:49:42', 'A'),
(78, 30, 1, 5, NULL, '2023-08-17 16:49:42', NULL, '2023-08-17 16:49:42', '2023-08-17 16:49:42', 'A'),
(79, 30, 1, 6, NULL, '2023-08-17 16:49:42', NULL, '2023-08-17 16:49:42', '2023-08-17 16:49:42', 'A'),
(80, 31, 1, 2, NULL, '2023-08-18 07:30:59', NULL, '2023-08-18 07:30:59', '2023-08-18 07:30:59', 'A'),
(81, 31, 1, 5, NULL, '2023-08-18 07:30:59', NULL, '2023-08-18 07:30:59', '2023-08-18 07:30:59', 'A'),
(82, 31, 1, 6, NULL, '2023-08-18 07:30:59', NULL, '2023-08-18 07:30:59', '2023-08-18 07:30:59', 'A'),
(92, 36, 1, 6, NULL, '2023-08-18 10:47:04', NULL, '2023-08-18 10:47:04', '2023-08-18 10:47:04', 'A'),
(94, 37, 1, 6, NULL, '2023-08-18 10:52:53', NULL, '2023-08-18 10:52:53', '2023-08-18 10:52:53', 'A'),
(95, 38, 1, 2, NULL, '2023-08-18 11:17:25', NULL, '2023-08-18 11:17:25', '2023-08-18 11:17:25', 'A'),
(96, 38, 1, 5, NULL, '2023-08-18 11:17:25', NULL, '2023-08-18 11:17:25', '2023-08-18 11:17:25', 'A'),
(97, 38, 1, 6, NULL, '2023-08-18 11:17:25', NULL, '2023-08-18 11:17:25', '2023-08-18 11:17:25', 'A'),
(99, 39, 1, 6, NULL, '2023-08-21 09:09:31', NULL, '2023-08-21 09:09:31', '2023-08-21 09:09:31', 'A'),
(101, 40, 1, 6, NULL, '2023-08-21 09:09:44', NULL, '2023-08-21 09:09:44', '2023-08-21 09:09:44', 'A'),
(102, 41, 1, 2, NULL, '2023-08-21 10:33:52', NULL, '2023-08-21 10:33:52', '2023-08-21 10:33:52', 'A'),
(103, 41, 1, 5, NULL, '2023-08-21 10:33:52', NULL, '2023-08-21 10:33:52', '2023-08-21 10:33:52', 'A'),
(104, 41, 1, 6, NULL, '2023-08-21 10:33:52', NULL, '2023-08-21 10:33:52', '2023-08-21 10:33:52', 'A'),
(106, 43, 1, 5, NULL, '2023-08-21 12:36:10', NULL, '2023-08-21 12:36:10', '2023-08-21 12:36:10', 'A'),
(107, 43, 1, 6, NULL, '2023-08-21 12:36:10', NULL, '2023-08-21 12:36:10', '2023-08-21 12:36:10', 'A'),
(109, 44, 1, 5, NULL, '2023-08-21 12:36:46', NULL, '2023-08-21 12:36:46', '2023-08-21 12:36:46', 'A'),
(110, 44, 1, 6, NULL, '2023-08-21 12:36:46', NULL, '2023-08-21 12:36:46', '2023-08-21 12:36:46', 'A'),
(112, 45, 1, 5, NULL, '2023-08-21 12:37:25', NULL, '2023-08-21 12:37:25', '2023-08-21 12:37:25', 'A'),
(113, 45, 1, 6, NULL, '2023-08-21 12:37:25', NULL, '2023-08-21 12:37:25', '2023-08-21 12:37:25', 'A'),
(115, 51, 1, 5, NULL, '2023-08-21 12:44:59', NULL, '2023-08-21 12:44:59', '2023-08-21 12:44:59', 'A'),
(116, 51, 1, 6, NULL, '2023-08-21 12:44:59', NULL, '2023-08-21 12:44:59', '2023-08-21 12:44:59', 'A'),
(118, 52, 1, 5, NULL, '2023-08-21 12:45:18', NULL, '2023-08-21 12:45:18', '2023-08-21 12:45:18', 'A'),
(119, 52, 1, 6, NULL, '2023-08-21 12:45:18', NULL, '2023-08-21 12:45:18', '2023-08-21 12:45:18', 'A'),
(121, 54, 1, 5, NULL, '2023-08-21 12:46:51', NULL, '2023-08-21 12:46:51', '2023-08-21 12:46:51', 'A'),
(122, 54, 1, 6, NULL, '2023-08-21 12:46:51', NULL, '2023-08-21 12:46:51', '2023-08-21 12:46:51', 'A'),
(124, 55, 1, 5, NULL, '2023-08-21 12:47:04', NULL, '2023-08-21 12:47:04', '2023-08-21 12:47:04', 'A'),
(125, 55, 1, 6, NULL, '2023-08-21 12:47:04', NULL, '2023-08-21 12:47:04', '2023-08-21 12:47:04', 'A'),
(136, 71, 1, 5, NULL, '2023-08-21 13:07:42', NULL, '2023-08-21 13:07:42', '2023-08-21 13:07:42', 'A'),
(137, 71, 1, 6, NULL, '2023-08-21 13:07:42', NULL, '2023-08-21 13:07:42', '2023-08-21 13:07:42', 'A'),
(175, 106, 1, 6, NULL, '2023-08-21 15:08:14', NULL, '2023-08-21 15:08:14', '2023-08-21 15:08:14', 'A'),
(177, 107, 1, 6, NULL, '2023-08-21 15:08:36', NULL, '2023-08-21 15:08:36', '2023-08-21 15:08:36', 'A'),
(180, 112, 1, 5, NULL, '2023-08-21 15:16:27', NULL, '2023-08-21 15:16:27', '2023-08-21 15:16:27', 'A'),
(182, 113, 1, 5, NULL, '2023-08-21 15:19:24', NULL, '2023-08-21 15:19:24', '2023-08-21 15:19:24', 'A'),
(184, 114, 1, 5, NULL, '2023-08-21 15:21:02', NULL, '2023-08-21 15:21:02', '2023-08-21 15:21:02', 'A'),
(186, 115, 1, 5, NULL, '2023-08-21 15:21:44', NULL, '2023-08-21 15:21:44', '2023-08-21 15:21:44', 'A'),
(188, 116, 1, 5, NULL, '2023-08-21 15:22:31', NULL, '2023-08-21 15:22:31', '2023-08-21 15:22:31', 'A'),
(189, 117, 1, 5, NULL, '2023-08-21 15:24:47', NULL, '2023-08-21 15:24:47', '2023-08-21 15:24:47', 'A'),
(190, 118, 1, 5, NULL, '2023-08-21 15:25:34', NULL, '2023-08-21 15:25:34', '2023-08-21 15:25:34', 'A'),
(191, 119, 1, 5, NULL, '2023-08-21 15:25:47', NULL, '2023-08-21 15:25:47', '2023-08-21 15:25:47', 'A'),
(193, 120, 1, 5, NULL, '2023-08-21 15:27:59', NULL, '2023-08-21 15:27:59', '2023-08-21 15:27:59', 'A'),
(195, 121, 1, 5, NULL, '2023-08-21 15:29:39', NULL, '2023-08-21 15:29:39', '2023-08-21 15:29:39', 'A'),
(196, 121, 1, 6, NULL, '2023-08-21 15:29:39', NULL, '2023-08-21 15:29:39', '2023-08-21 15:29:39', 'A'),
(197, 122, 1, 5, NULL, '2023-08-21 15:30:15', NULL, '2023-08-21 15:30:15', '2023-08-21 15:30:15', 'A'),
(199, 123, 1, 5, NULL, '2023-08-21 15:31:01', NULL, '2023-08-21 15:31:01', '2023-08-21 15:31:01', 'A'),
(201, 124, 1, 5, NULL, '2023-08-21 15:31:22', NULL, '2023-08-21 15:31:22', '2023-08-21 15:31:22', 'A'),
(203, 125, 1, 5, NULL, '2023-08-21 15:31:39', NULL, '2023-08-21 15:31:39', '2023-08-21 15:31:39', 'A'),
(205, 126, 1, 5, NULL, '2023-08-21 15:31:47', NULL, '2023-08-21 15:31:47', '2023-08-21 15:31:47', 'A'),
(207, 127, 1, 5, NULL, '2023-08-21 15:31:59', NULL, '2023-08-21 15:31:59', '2023-08-21 15:31:59', 'A'),
(209, 128, 1, 5, NULL, '2023-08-21 15:32:15', NULL, '2023-08-21 15:32:15', '2023-08-21 15:32:15', 'A'),
(210, 128, 1, 6, NULL, '2023-08-21 15:32:15', NULL, '2023-08-21 15:32:15', '2023-08-21 15:32:15', 'A'),
(211, 129, 1, 5, NULL, '2023-08-21 15:32:22', NULL, '2023-08-21 15:32:22', '2023-08-21 15:32:22', 'A'),
(213, 130, 1, 5, NULL, '2023-08-21 15:32:42', NULL, '2023-08-21 15:32:42', '2023-08-21 15:32:42', 'A'),
(215, 131, 1, 5, NULL, '2023-08-21 15:33:58', NULL, '2023-08-21 15:33:58', '2023-08-21 15:33:58', 'A'),
(217, 132, 1, 5, NULL, '2023-08-21 15:34:03', NULL, '2023-08-21 15:34:03', '2023-08-21 15:34:03', 'A'),
(219, 133, 1, 5, NULL, '2023-08-21 15:34:23', NULL, '2023-08-21 15:34:23', '2023-08-21 15:34:23', 'A'),
(221, 134, 1, 5, NULL, '2023-08-21 15:34:34', NULL, '2023-08-21 15:34:34', '2023-08-21 15:34:34', 'A'),
(222, 134, 1, 6, NULL, '2023-08-21 15:34:34', NULL, '2023-08-21 15:34:34', '2023-08-21 15:34:34', 'A'),
(223, 135, 1, 5, NULL, '2023-08-21 15:35:25', NULL, '2023-08-21 15:35:25', '2023-08-21 15:35:25', 'A'),
(224, 135, 1, 6, NULL, '2023-08-21 15:35:25', NULL, '2023-08-21 15:35:25', '2023-08-21 15:35:25', 'A'),
(225, 136, 1, 5, NULL, '2023-08-21 15:35:30', NULL, '2023-08-21 15:35:30', '2023-08-21 15:35:30', 'A'),
(226, 136, 1, 6, NULL, '2023-08-21 15:35:30', NULL, '2023-08-21 15:35:30', '2023-08-21 15:35:30', 'A'),
(227, 137, 1, 5, NULL, '2023-08-21 15:36:09', NULL, '2023-08-21 15:36:09', '2023-08-21 15:36:09', 'A'),
(228, 137, 1, 6, NULL, '2023-08-21 15:36:09', NULL, '2023-08-21 15:36:09', '2023-08-21 15:36:09', 'A'),
(229, 138, 1, 5, NULL, '2023-08-21 15:37:04', NULL, '2023-08-21 15:37:04', '2023-08-21 15:37:04', 'A'),
(230, 138, 1, 6, NULL, '2023-08-21 15:37:04', NULL, '2023-08-21 15:37:04', '2023-08-21 15:37:04', 'A'),
(231, 139, 1, 5, NULL, '2023-08-21 15:37:27', NULL, '2023-08-21 15:37:27', '2023-08-21 15:37:27', 'A'),
(233, 140, 1, 5, NULL, '2023-08-21 15:37:53', NULL, '2023-08-21 15:37:53', '2023-08-21 15:37:53', 'A'),
(235, 141, 1, 5, NULL, '2023-08-21 15:40:19', NULL, '2023-08-21 15:40:19', '2023-08-21 15:40:19', 'A'),
(236, 141, 1, 6, NULL, '2023-08-21 15:40:19', NULL, '2023-08-21 15:40:19', '2023-08-21 15:40:19', 'A'),
(238, 142, 1, 5, NULL, '2023-08-21 16:55:37', NULL, '2023-08-21 16:55:37', '2023-08-21 16:55:37', 'A'),
(239, 142, 1, 6, NULL, '2023-08-21 16:55:37', NULL, '2023-08-21 16:55:37', '2023-08-21 16:55:37', 'A'),
(241, 143, 1, 5, NULL, '2023-08-21 16:55:39', NULL, '2023-08-21 16:55:39', '2023-08-21 16:55:39', 'A'),
(242, 143, 1, 6, NULL, '2023-08-21 16:55:39', NULL, '2023-08-21 16:55:39', '2023-08-21 16:55:39', 'A'),
(244, 144, 1, 6, NULL, '2023-08-21 16:56:12', NULL, '2023-08-21 16:56:12', '2023-08-21 16:56:12', 'A'),
(246, 145, 1, 6, NULL, '2023-08-21 16:56:22', NULL, '2023-08-21 16:56:22', '2023-08-21 16:56:22', 'A'),
(248, 146, 1, 5, NULL, '2023-08-22 06:38:04', NULL, '2023-08-22 06:38:04', '2023-08-22 06:38:04', 'A'),
(249, 146, 1, 6, NULL, '2023-08-22 06:38:04', NULL, '2023-08-22 06:38:04', '2023-08-22 06:38:04', 'A'),
(251, 147, 1, 5, NULL, '2023-08-22 06:39:16', NULL, '2023-08-22 06:39:16', '2023-08-22 06:39:16', 'A'),
(252, 147, 1, 6, NULL, '2023-08-22 06:39:16', NULL, '2023-08-22 06:39:16', '2023-08-22 06:39:16', 'A'),
(253, 148, 1, 2, NULL, '2023-08-22 06:43:20', NULL, '2023-08-22 06:43:20', '2023-08-22 06:43:20', 'A'),
(254, 148, 1, 5, NULL, '2023-08-22 06:43:20', NULL, '2023-08-22 06:43:20', '2023-08-22 06:43:20', 'A'),
(255, 148, 1, 6, NULL, '2023-08-22 06:43:20', NULL, '2023-08-22 06:43:20', '2023-08-22 06:43:20', 'A'),
(256, 149, 1, 2, NULL, '2023-08-22 06:43:32', NULL, '2023-08-22 06:43:32', '2023-08-22 06:43:32', 'A'),
(257, 149, 1, 5, NULL, '2023-08-22 06:43:32', NULL, '2023-08-22 06:43:32', '2023-08-22 06:43:32', 'A'),
(258, 149, 1, 6, NULL, '2023-08-22 06:43:32', NULL, '2023-08-22 06:43:32', '2023-08-22 06:43:32', 'A'),
(259, 150, 1, 2, NULL, '2023-08-22 06:43:57', NULL, '2023-08-22 06:43:57', '2023-08-22 06:43:57', 'A'),
(260, 150, 1, 5, NULL, '2023-08-22 06:43:57', NULL, '2023-08-22 06:43:57', '2023-08-22 06:43:57', 'A'),
(261, 150, 1, 6, NULL, '2023-08-22 06:43:57', NULL, '2023-08-22 06:43:57', '2023-08-22 06:43:57', 'A'),
(262, 151, 1, 2, NULL, '2023-08-22 06:44:04', NULL, '2023-08-22 06:44:04', '2023-08-22 06:44:04', 'A'),
(263, 151, 1, 5, NULL, '2023-08-22 06:44:04', NULL, '2023-08-22 06:44:04', '2023-08-22 06:44:04', 'A'),
(264, 151, 1, 6, NULL, '2023-08-22 06:44:04', NULL, '2023-08-22 06:44:04', '2023-08-22 06:44:04', 'A'),
(266, 152, 1, 5, NULL, '2023-08-22 06:44:17', NULL, '2023-08-22 06:44:17', '2023-08-22 06:44:17', 'A'),
(267, 152, 1, 6, NULL, '2023-08-22 06:44:17', NULL, '2023-08-22 06:44:17', '2023-08-22 06:44:17', 'A'),
(268, 153, 1, 2, NULL, '2023-08-22 06:46:22', NULL, '2023-08-22 06:46:22', '2023-08-22 06:46:22', 'A'),
(269, 153, 1, 5, NULL, '2023-08-22 06:46:22', NULL, '2023-08-22 06:46:22', '2023-08-22 06:46:22', 'A'),
(270, 153, 1, 6, NULL, '2023-08-22 06:46:22', NULL, '2023-08-22 06:46:22', '2023-08-22 06:46:22', 'A'),
(271, 154, 1, 2, NULL, '2023-08-22 06:46:27', NULL, '2023-08-22 06:46:27', '2023-08-22 06:46:27', 'A'),
(272, 154, 1, 5, NULL, '2023-08-22 06:46:27', NULL, '2023-08-22 06:46:27', '2023-08-22 06:46:27', 'A'),
(273, 154, 1, 6, NULL, '2023-08-22 06:46:27', NULL, '2023-08-22 06:46:27', '2023-08-22 06:46:27', 'A'),
(275, 155, 1, 5, NULL, '2023-08-22 06:47:48', NULL, '2023-08-22 06:47:48', '2023-08-22 06:47:48', 'A'),
(276, 155, 1, 6, NULL, '2023-08-22 06:47:48', NULL, '2023-08-22 06:47:48', '2023-08-22 06:47:48', 'A'),
(278, 156, 1, 5, NULL, '2023-08-22 06:51:12', NULL, '2023-08-22 06:51:12', '2023-08-22 06:51:12', 'A'),
(279, 156, 1, 6, NULL, '2023-08-22 06:51:12', NULL, '2023-08-22 06:51:12', '2023-08-22 06:51:12', 'A'),
(281, 157, 1, 5, NULL, '2023-08-22 06:51:18', NULL, '2023-08-22 06:51:18', '2023-08-22 06:51:18', 'A'),
(282, 157, 1, 6, NULL, '2023-08-22 06:51:18', NULL, '2023-08-22 06:51:18', '2023-08-22 06:51:18', 'A'),
(284, 158, 1, 5, NULL, '2023-08-22 06:51:38', NULL, '2023-08-22 06:51:38', '2023-08-22 06:51:38', 'A'),
(285, 158, 1, 6, NULL, '2023-08-22 06:51:38', NULL, '2023-08-22 06:51:38', '2023-08-22 06:51:38', 'A'),
(287, 159, 1, 5, NULL, '2023-08-22 06:52:00', NULL, '2023-08-22 06:52:00', '2023-08-22 06:52:00', 'A'),
(288, 159, 1, 6, NULL, '2023-08-22 06:52:00', NULL, '2023-08-22 06:52:00', '2023-08-22 06:52:00', 'A'),
(291, 162, 1, 2, NULL, '2023-08-22 06:53:04', NULL, '2023-08-22 06:53:04', '2023-08-22 06:53:04', 'A'),
(292, 162, 1, 5, NULL, '2023-08-22 06:53:04', NULL, '2023-08-22 06:53:04', '2023-08-22 06:53:04', 'A'),
(293, 162, 1, 6, NULL, '2023-08-22 06:53:04', NULL, '2023-08-22 06:53:04', '2023-08-22 06:53:04', 'A'),
(294, 163, 1, 2, NULL, '2023-08-22 06:53:22', NULL, '2023-08-22 06:53:22', '2023-08-22 06:53:22', 'A'),
(295, 163, 1, 5, NULL, '2023-08-22 06:53:22', NULL, '2023-08-22 06:53:22', '2023-08-22 06:53:22', 'A'),
(296, 163, 1, 6, NULL, '2023-08-22 06:53:22', NULL, '2023-08-22 06:53:22', '2023-08-22 06:53:22', 'A'),
(297, 164, 1, 2, NULL, '2023-08-22 07:02:00', NULL, '2023-08-22 07:02:00', '2023-08-22 07:02:00', 'A'),
(299, 165, 1, 2, NULL, '2023-08-22 07:02:22', NULL, '2023-08-22 07:02:22', '2023-08-22 07:02:22', 'A'),
(301, 166, 1, 2, NULL, '2023-08-22 07:03:16', NULL, '2023-08-22 07:03:16', '2023-08-22 07:03:16', 'A'),
(302, 166, 1, 5, NULL, '2023-08-22 07:03:16', NULL, '2023-08-22 07:03:16', '2023-08-22 07:03:16', 'A'),
(303, 166, 1, 6, NULL, '2023-08-22 07:03:16', NULL, '2023-08-22 07:03:16', '2023-08-22 07:03:16', 'A'),
(304, 170, 1, 2, NULL, '2023-08-22 07:07:24', NULL, '2023-08-22 07:07:24', '2023-08-22 07:07:24', 'A'),
(305, 170, 1, 5, NULL, '2023-08-22 07:07:24', NULL, '2023-08-22 07:07:24', '2023-08-22 07:07:24', 'A'),
(307, 171, 1, 2, NULL, '2023-08-22 07:07:56', NULL, '2023-08-22 07:07:56', '2023-08-22 07:07:56', 'A'),
(308, 171, 1, 5, NULL, '2023-08-22 07:07:56', NULL, '2023-08-22 07:07:56', '2023-08-22 07:07:56', 'A'),
(309, 171, 1, 6, NULL, '2023-08-22 07:07:56', NULL, '2023-08-22 07:07:56', '2023-08-22 07:07:56', 'A'),
(310, 172, 1, 2, NULL, '2023-08-22 07:08:46', NULL, '2023-08-22 07:08:46', '2023-08-22 07:08:46', 'A'),
(311, 172, 1, 5, NULL, '2023-08-22 07:08:46', NULL, '2023-08-22 07:08:46', '2023-08-22 07:08:46', 'A'),
(313, 173, 1, 2, NULL, '2023-08-22 07:09:24', NULL, '2023-08-22 07:09:24', '2023-08-22 07:09:24', 'A'),
(314, 173, 1, 5, NULL, '2023-08-22 07:09:24', NULL, '2023-08-22 07:09:24', '2023-08-22 07:09:24', 'A'),
(315, 173, 1, 6, NULL, '2023-08-22 07:09:24', NULL, '2023-08-22 07:09:24', '2023-08-22 07:09:24', 'A'),
(316, 174, 1, 2, NULL, '2023-08-22 07:09:42', NULL, '2023-08-22 07:09:42', '2023-08-22 07:09:42', 'A'),
(317, 174, 1, 5, NULL, '2023-08-22 07:09:42', NULL, '2023-08-22 07:09:42', '2023-08-22 07:09:42', 'A'),
(319, 175, 1, 2, NULL, '2023-08-22 07:10:53', NULL, '2023-08-22 07:10:53', '2023-08-22 07:10:53', 'A'),
(320, 175, 1, 5, NULL, '2023-08-22 07:10:53', NULL, '2023-08-22 07:10:53', '2023-08-22 07:10:53', 'A'),
(322, 176, 1, 2, NULL, '2023-08-22 07:13:45', NULL, '2023-08-22 07:13:45', '2023-08-22 07:13:45', 'A'),
(323, 176, 1, 5, NULL, '2023-08-22 07:13:45', NULL, '2023-08-22 07:13:45', '2023-08-22 07:13:45', 'A'),
(324, 176, 1, 6, NULL, '2023-08-22 07:13:45', NULL, '2023-08-22 07:13:45', '2023-08-22 07:13:45', 'A'),
(325, 177, 1, 2, NULL, '2023-08-22 07:15:29', NULL, '2023-08-22 07:15:29', '2023-08-22 07:15:29', 'A'),
(326, 177, 1, 5, NULL, '2023-08-22 07:15:29', NULL, '2023-08-22 07:15:29', '2023-08-22 07:15:29', 'A'),
(327, 177, 1, 6, NULL, '2023-08-22 07:15:29', NULL, '2023-08-22 07:15:29', '2023-08-22 07:15:29', 'A'),
(328, 178, 1, 2, NULL, '2023-08-22 07:23:07', NULL, '2023-08-22 07:23:07', '2023-08-22 07:23:07', 'A'),
(329, 178, 1, 5, NULL, '2023-08-22 07:23:07', NULL, '2023-08-22 07:23:07', '2023-08-22 07:23:07', 'A'),
(330, 178, 1, 6, NULL, '2023-08-22 07:23:07', NULL, '2023-08-22 07:23:07', '2023-08-22 07:23:07', 'A'),
(331, 179, 1, 2, NULL, '2023-08-22 07:27:49', NULL, '2023-08-22 07:27:49', '2023-08-22 07:27:49', 'A'),
(332, 179, 1, 5, NULL, '2023-08-22 07:27:49', NULL, '2023-08-22 07:27:49', '2023-08-22 07:27:49', 'A'),
(333, 179, 1, 6, NULL, '2023-08-22 07:27:49', NULL, '2023-08-22 07:27:49', '2023-08-22 07:27:49', 'A'),
(334, 180, 1, 2, NULL, '2023-08-22 07:29:09', NULL, '2023-08-22 07:29:09', '2023-08-22 07:29:09', 'A'),
(335, 180, 1, 5, NULL, '2023-08-22 07:29:09', NULL, '2023-08-22 07:29:09', '2023-08-22 07:29:09', 'A'),
(336, 180, 1, 6, NULL, '2023-08-22 07:29:09', NULL, '2023-08-22 07:29:09', '2023-08-22 07:29:09', 'A'),
(337, 181, 1, 2, NULL, '2023-08-22 07:29:14', NULL, '2023-08-22 07:29:14', '2023-08-22 07:29:14', 'A'),
(338, 181, 1, 5, NULL, '2023-08-22 07:29:14', NULL, '2023-08-22 07:29:14', '2023-08-22 07:29:14', 'A'),
(339, 181, 1, 6, NULL, '2023-08-22 07:29:14', NULL, '2023-08-22 07:29:14', '2023-08-22 07:29:14', 'A'),
(340, 182, 1, 2, NULL, '2023-08-22 07:29:27', NULL, '2023-08-22 07:29:27', '2023-08-22 07:29:27', 'A'),
(341, 182, 1, 5, NULL, '2023-08-22 07:29:27', NULL, '2023-08-22 07:29:27', '2023-08-22 07:29:27', 'A'),
(342, 182, 1, 6, NULL, '2023-08-22 07:29:27', NULL, '2023-08-22 07:29:27', '2023-08-22 07:29:27', 'A'),
(343, 183, 1, 2, NULL, '2023-08-22 07:29:31', NULL, '2023-08-22 07:29:31', '2023-08-22 07:29:31', 'A'),
(344, 183, 1, 5, NULL, '2023-08-22 07:29:31', NULL, '2023-08-22 07:29:31', '2023-08-22 07:29:31', 'A'),
(345, 183, 1, 6, NULL, '2023-08-22 07:29:31', NULL, '2023-08-22 07:29:31', '2023-08-22 07:29:31', 'A'),
(346, 184, 1, 2, NULL, '2023-08-22 07:29:46', NULL, '2023-08-22 07:29:46', '2023-08-22 07:29:46', 'A'),
(347, 184, 1, 5, NULL, '2023-08-22 07:29:46', NULL, '2023-08-22 07:29:46', '2023-08-22 07:29:46', 'A'),
(348, 184, 1, 6, NULL, '2023-08-22 07:29:46', NULL, '2023-08-22 07:29:46', '2023-08-22 07:29:46', 'A'),
(349, 185, 1, 2, NULL, '2023-08-22 07:29:47', NULL, '2023-08-22 07:29:47', '2023-08-22 07:29:47', 'A'),
(350, 185, 1, 5, NULL, '2023-08-22 07:29:47', NULL, '2023-08-22 07:29:47', '2023-08-22 07:29:47', 'A'),
(351, 185, 1, 6, NULL, '2023-08-22 07:29:47', NULL, '2023-08-22 07:29:47', '2023-08-22 07:29:47', 'A'),
(352, 186, 1, 2, NULL, '2023-08-22 07:29:48', NULL, '2023-08-22 07:29:48', '2023-08-22 07:29:48', 'A'),
(353, 186, 1, 5, NULL, '2023-08-22 07:29:48', NULL, '2023-08-22 07:29:48', '2023-08-22 07:29:48', 'A'),
(354, 186, 1, 6, NULL, '2023-08-22 07:29:48', NULL, '2023-08-22 07:29:48', '2023-08-22 07:29:48', 'A'),
(355, 187, 1, 2, NULL, '2023-08-22 07:29:50', NULL, '2023-08-22 07:29:50', '2023-08-22 07:29:50', 'A'),
(356, 187, 1, 5, NULL, '2023-08-22 07:29:50', NULL, '2023-08-22 07:29:50', '2023-08-22 07:29:50', 'A'),
(357, 187, 1, 6, NULL, '2023-08-22 07:29:50', NULL, '2023-08-22 07:29:50', '2023-08-22 07:29:50', 'A'),
(358, 188, 1, 2, NULL, '2023-08-22 07:29:51', NULL, '2023-08-22 07:29:51', '2023-08-22 07:29:51', 'A'),
(359, 188, 1, 5, NULL, '2023-08-22 07:29:51', NULL, '2023-08-22 07:29:51', '2023-08-22 07:29:51', 'A'),
(360, 188, 1, 6, NULL, '2023-08-22 07:29:51', NULL, '2023-08-22 07:29:51', '2023-08-22 07:29:51', 'A'),
(361, 189, 1, 2, NULL, '2023-08-22 07:29:53', NULL, '2023-08-22 07:29:53', '2023-08-22 07:29:53', 'A'),
(362, 189, 1, 5, NULL, '2023-08-22 07:29:53', NULL, '2023-08-22 07:29:53', '2023-08-22 07:29:53', 'A'),
(363, 189, 1, 6, NULL, '2023-08-22 07:29:53', NULL, '2023-08-22 07:29:53', '2023-08-22 07:29:53', 'A');

-- --------------------------------------------------------

--
-- Estructura de tabla para la tabla `requisicion_detalle`
--

CREATE TABLE `requisicion_detalle` (
  `id` int(11) NOT NULL,
  `idProdt` int(11) NOT NULL,
  `idReq` int(11) NOT NULL,
  `idReqDetEst` int(11) NOT NULL,
  `canReqDet` decimal(10,3) DEFAULT NULL,
  `fecCreReqDet` datetime DEFAULT current_timestamp(),
  `fecActReqDet` datetime DEFAULT current_timestamp(),
  `estReg` char(1) DEFAULT 'A',
  `idProdFin` varchar(5) DEFAULT NULL
) ENGINE=InnoDB DEFAULT CHARSET=utf8 COLLATE=utf8_general_ci;

--
-- Volcado de datos para la tabla `requisicion_detalle`
--

INSERT INTO `requisicion_detalle` (`id`, `idProdt`, `idReq`, `idReqDetEst`, `canReqDet`, `fecCreReqDet`, `fecActReqDet`, `estReg`, `idProdFin`) VALUES
(15, 174, 49, 1, 5.600, '2023-08-07 11:56:47', '2023-08-07 11:56:47', 'A', NULL),
(16, 172, 49, 1, 5.600, '2023-08-07 11:56:47', '2023-08-07 11:56:47', 'A', NULL),
(17, 176, 49, 1, 5.600, '2023-08-07 11:56:47', '2023-08-07 11:56:47', 'A', NULL),
(18, 160, 49, 1, 3.360, '2023-08-07 11:56:47', '2023-08-07 11:56:47', 'A', NULL),
(19, 180, 49, 1, 3.360, '2023-08-07 11:56:47', '2023-08-07 11:56:47', 'A', NULL),
(20, 273, 50, 1, 7.140, '2023-08-07 11:56:47', '2023-08-07 11:56:47', 'A', NULL),
(21, 257, 50, 1, 500.000, '2023-08-07 11:56:47', '2023-08-07 11:56:47', 'A', NULL),
(22, 321, 50, 1, 500.000, '2023-08-07 11:56:47', '2023-08-07 11:56:47', 'A', NULL),
(23, 349, 50, 1, 500.000, '2023-08-07 11:56:47', '2023-08-07 11:56:47', 'A', NULL),
(24, 276, 50, 1, 100.000, '2023-08-07 11:56:47', '2023-08-07 11:56:47', 'A', NULL),
(25, 259, 50, 1, 500.000, '2023-08-07 11:56:47', '2023-08-07 11:56:47', 'A', NULL),
(26, 179, 51, 1, 80.300, '2023-08-07 11:59:49', '2023-08-07 11:59:49', 'A', NULL),
(27, 174, 51, 1, 5.500, '2023-08-07 11:59:49', '2023-08-07 11:59:49', 'A', NULL),
(28, 175, 51, 1, 3.300, '2023-08-07 11:59:49', '2023-08-07 11:59:49', 'A', NULL),
(29, 184, 51, 1, 5.500, '2023-08-07 11:59:49', '2023-08-07 11:59:49', 'A', NULL),
(30, 171, 51, 1, 5.500, '2023-08-07 11:59:49', '2023-08-07 11:59:49', 'A', NULL),
(31, 172, 51, 1, 3.300, '2023-08-07 11:59:49', '2023-08-07 11:59:49', 'A', NULL),
(32, 160, 51, 1, 3.300, '2023-08-07 11:59:49', '2023-08-07 11:59:49', 'A', NULL),
(33, 180, 51, 1, 3.300, '2023-08-07 11:59:49', '2023-08-07 11:59:49', 'A', NULL),
(34, 273, 52, 1, 7.140, '2023-08-07 11:59:49', '2023-08-07 11:59:49', 'A', NULL),
(35, 257, 52, 1, 500.000, '2023-08-07 11:59:49', '2023-08-07 11:59:49', 'A', NULL),
(36, 321, 52, 1, 500.000, '2023-08-07 11:59:49', '2023-08-07 11:59:49', 'A', NULL),
(37, 351, 52, 1, 500.000, '2023-08-07 11:59:49', '2023-08-07 11:59:49', 'A', NULL),
(38, 276, 52, 1, 100.000, '2023-08-07 11:59:49', '2023-08-07 11:59:49', 'A', NULL),
(39, 259, 52, 1, 500.000, '2023-08-07 11:59:49', '2023-08-07 11:59:49', 'A', NULL),
(40, 147, 53, 1, 446.119, '2023-08-07 12:55:44', '2023-08-07 12:55:44', 'A', NULL),
(41, 164, 53, 1, 446.119, '2023-08-07 12:55:44', '2023-08-07 12:55:44', 'A', NULL),
(42, 178, 53, 1, 2379.444, '2023-08-07 12:55:44', '2023-08-07 12:55:44', 'A', NULL),
(43, 168, 53, 1, 746.375, '2023-08-07 12:55:44', '2023-08-07 12:55:44', 'A', NULL),
(44, 182, 53, 1, 162.070, '2023-08-07 12:55:44', '2023-08-07 12:55:44', 'A', NULL),
(45, 183, 53, 1, 28.149, '2023-08-07 12:55:44', '2023-08-07 12:55:44', 'A', NULL),
(46, 185, 53, 1, 11.942, '2023-08-07 12:55:44', '2023-08-07 12:55:44', 'A', NULL),
(47, 181, 53, 1, 44.783, '2023-08-07 12:55:44', '2023-08-07 12:55:44', 'A', NULL),
(48, 227, 54, 1, 5.897, '2023-08-07 12:55:44', '2023-08-07 12:55:44', 'A', NULL),
(49, 227, 54, 1, 0.330, '2023-08-07 12:55:44', '2023-08-07 12:55:44', 'A', NULL),
(50, 227, 54, 1, 289.150, '2023-08-07 12:55:44', '2023-08-07 12:55:44', 'A', NULL),
(51, 273, 55, 1, 3.600, '2023-08-07 12:55:44', '2023-08-07 12:55:44', 'A', NULL),
(52, 276, 55, 1, 108.000, '2023-08-07 12:55:44', '2023-08-07 12:55:44', 'A', NULL),
(53, 273, 55, 1, 1.000, '2023-08-07 12:55:44', '2023-08-07 12:55:44', 'A', NULL),
(54, 337, 55, 1, 56.000, '2023-08-07 12:55:44', '2023-08-07 12:55:44', 'A', NULL),
(55, 262, 55, 1, 56.000, '2023-08-07 12:55:44', '2023-08-07 12:55:44', 'A', NULL),
(56, 288, 55, 1, 150.000, '2023-08-07 12:55:44', '2023-08-07 12:55:44', 'A', NULL),
(57, 267, 55, 1, 150.000, '2023-08-07 12:55:44', '2023-08-07 12:55:44', 'A', NULL),
(58, 270, 55, 1, 15.000, '2023-08-07 12:55:44', '2023-08-07 12:55:44', 'A', NULL),
(59, 319, 55, 1, 240.000, '2023-08-07 12:55:44', '2023-08-07 12:55:44', 'A', NULL),
(60, 315, 55, 1, 240.000, '2023-08-07 12:55:44', '2023-08-07 12:55:44', 'A', NULL),
(61, 306, 55, 1, 240.000, '2023-08-07 12:55:44', '2023-08-07 12:55:44', 'A', NULL),
(62, 273, 55, 1, 0.998, '2023-08-07 12:55:44', '2023-08-07 12:55:44', 'A', NULL),
(63, 258, 55, 1, 240.000, '2023-08-07 12:55:44', '2023-08-07 12:55:44', 'A', NULL),
(64, 256, 55, 1, 240.000, '2023-08-07 12:55:44', '2023-08-07 12:55:44', 'A', NULL),
(65, 275, 55, 1, 39.998, '2023-08-07 12:55:44', '2023-08-07 12:55:44', 'A', NULL),
(66, 273, 55, 1, 1.000, '2023-08-07 12:55:44', '2023-08-07 12:55:44', 'A', NULL),
(67, 328, 55, 1, 100.000, '2023-08-07 12:55:44', '2023-08-07 12:55:44', 'A', NULL),
(68, 262, 55, 1, 100.000, '2023-08-07 12:55:44', '2023-08-07 12:55:44', 'A', NULL),
(69, 273, 55, 1, 1.000, '2023-08-07 12:55:44', '2023-08-07 12:55:44', 'A', NULL),
(70, 344, 55, 1, 30.000, '2023-08-07 12:55:44', '2023-08-07 12:55:44', 'A', NULL),
(71, 262, 55, 1, 30.000, '2023-08-07 12:55:44', '2023-08-07 12:55:44', 'A', NULL),
(72, 257, 55, 1, 100.000, '2023-08-07 12:55:44', '2023-08-07 12:55:44', 'A', NULL),
(73, 321, 55, 1, 100.000, '2023-08-07 12:55:44', '2023-08-07 12:55:44', 'A', NULL),
(74, 259, 55, 1, 100.000, '2023-08-07 12:55:44', '2023-08-07 12:55:44', 'A', NULL),
(75, 394, 55, 1, 100.000, '2023-08-07 12:55:44', '2023-08-07 12:55:44', 'A', NULL),
(76, 277, 55, 1, 11.111, '2023-08-07 12:55:44', '2023-08-07 12:55:44', 'A', NULL),
(77, 273, 55, 1, 2.777, '2023-08-07 12:55:44', '2023-08-07 12:55:44', 'A', NULL),
(78, 242, 55, 1, 7000.000, '2023-08-07 12:55:44', '2023-08-07 12:55:44', 'A', NULL),
(79, 273, 55, 1, 500.000, '2023-08-07 12:55:44', '2023-08-07 12:55:44', 'A', NULL),
(80, 144, 56, 1, 2173.512, '2023-08-09 08:56:27', '2023-08-09 08:56:27', 'A', NULL),
(81, 167, 56, 1, 2173.512, '2023-08-09 08:56:27', '2023-08-09 08:56:27', 'A', NULL),
(82, 178, 56, 1, 431.453, '2023-08-09 08:56:27', '2023-08-09 08:56:27', 'A', NULL),
(83, 224, 57, 1, 315.000, '2023-08-09 08:56:27', '2023-08-09 08:56:27', 'A', NULL),
(84, 224, 57, 1, 2.293, '2023-08-09 08:56:27', '2023-08-09 08:56:27', 'A', NULL),
(85, 224, 57, 1, 0.330, '2023-08-09 08:56:27', '2023-08-09 08:56:27', 'A', NULL),
(86, 239, 58, 1, 5000.000, '2023-08-09 08:56:27', '2023-08-09 08:56:27', 'A', NULL),
(87, 273, 58, 1, 357.100, '2023-08-09 08:56:27', '2023-08-09 08:56:27', 'A', NULL),
(88, 276, 58, 1, 42.000, '2023-08-09 08:56:27', '2023-08-09 08:56:27', 'A', NULL),
(89, 273, 58, 1, 1.400, '2023-08-09 08:56:27', '2023-08-09 08:56:27', 'A', NULL),
(90, 273, 58, 1, 2.000, '2023-08-09 08:56:27', '2023-08-09 08:56:27', 'A', NULL),
(91, 327, 58, 1, 100.000, '2023-08-09 08:56:27', '2023-08-09 08:56:27', 'A', NULL),
(92, 262, 58, 1, 100.000, '2023-08-09 08:56:27', '2023-08-09 08:56:27', 'A', NULL),
(93, 315, 58, 1, 240.000, '2023-08-09 08:56:27', '2023-08-09 08:56:27', 'A', NULL),
(94, 273, 58, 1, 0.998, '2023-08-09 08:56:27', '2023-08-09 08:56:27', 'A', NULL),
(95, 319, 58, 1, 240.000, '2023-08-09 08:56:27', '2023-08-09 08:56:27', 'A', NULL),
(96, 258, 58, 1, 240.000, '2023-08-09 08:56:27', '2023-08-09 08:56:27', 'A', NULL),
(97, 256, 58, 1, 240.000, '2023-08-09 08:56:27', '2023-08-09 08:56:27', 'A', NULL),
(98, 275, 58, 1, 39.998, '2023-08-09 08:56:27', '2023-08-09 08:56:27', 'A', NULL),
(99, 267, 58, 1, 150.000, '2023-08-09 08:56:27', '2023-08-09 08:56:27', 'A', NULL),
(100, 286, 58, 1, 150.000, '2023-08-09 08:56:27', '2023-08-09 08:56:27', 'A', NULL),
(101, 270, 58, 1, 15.000, '2023-08-09 08:56:27', '2023-08-09 08:56:27', 'A', NULL),
(102, 336, 58, 1, 50.000, '2023-08-09 08:56:27', '2023-08-09 08:56:27', 'A', NULL),
(103, 261, 58, 1, 50.000, '2023-08-09 08:56:27', '2023-08-09 08:56:27', 'A', NULL),
(104, 273, 58, 1, 1.000, '2023-08-09 08:56:27', '2023-08-09 08:56:27', 'A', NULL),
(105, 262, 58, 1, 45.990, '2023-08-09 08:56:27', '2023-08-09 08:56:27', 'A', NULL),
(106, 155, 59, 1, 815.425, '2023-08-09 12:39:19', '2023-08-09 12:39:19', 'A', NULL),
(107, 194, 59, 1, 407.862, '2023-08-09 12:39:19', '2023-08-09 12:39:19', 'A', NULL),
(108, 178, 59, 1, 1223.287, '2023-08-09 12:39:19', '2023-08-09 12:39:19', 'A', NULL),
(109, 162, 59, 1, 498.398, '2023-08-09 12:39:19', '2023-08-09 12:39:19', 'A', NULL),
(110, 184, 59, 1, 33.495, '2023-08-09 12:39:19', '2023-08-09 12:39:19', 'A', NULL),
(111, 187, 59, 1, 9.562, '2023-08-09 12:39:19', '2023-08-09 12:39:19', 'A', NULL),
(112, 232, 60, 1, 0.594, '2023-08-09 12:39:19', '2023-08-09 12:39:19', 'A', NULL),
(113, 232, 60, 1, 33.330, '2023-08-09 12:39:19', '2023-08-09 12:39:19', 'A', NULL),
(114, 232, 60, 1, 113.000, '2023-08-09 12:39:19', '2023-08-09 12:39:19', 'A', NULL),
(115, 270, 61, 1, 29.999, '2023-08-09 12:39:19', '2023-08-09 12:39:19', 'A', NULL),
(116, 268, 61, 1, 180.000, '2023-08-09 12:39:19', '2023-08-09 12:39:19', 'A', NULL),
(117, 268, 61, 1, 10100.000, '2023-08-09 12:39:19', '2023-08-09 12:39:19', 'A', NULL),
(118, 269, 61, 1, 1010.000, '2023-08-09 12:39:19', '2023-08-09 12:39:19', 'A', NULL),
(119, 297, 61, 1, 1010.000, '2023-08-09 12:39:19', '2023-08-09 12:39:19', 'A', NULL),
(120, 293, 61, 1, 10100.000, '2023-08-09 12:39:19', '2023-08-09 12:39:19', 'A', NULL),
(121, 273, 61, 1, 56.055, '2023-08-09 12:39:19', '2023-08-09 12:39:19', 'A', NULL),
(122, 248, 61, 1, 2380.000, '2023-08-09 12:39:19', '2023-08-09 12:39:19', 'A', NULL),
(123, 273, 61, 1, 169.980, '2023-08-09 12:39:19', '2023-08-09 12:39:19', 'A', NULL),
(124, 128, 62, 1, 765.300, '2023-08-09 13:11:09', '2023-08-09 13:11:09', 'A', NULL),
(125, 130, 62, 1, 510.200, '2023-08-09 13:11:09', '2023-08-09 13:11:09', 'A', NULL),
(126, 178, 62, 1, 178.570, '2023-08-09 13:11:09', '2023-08-09 13:11:09', 'A', NULL),
(127, 129, 62, 1, 12.755, '2023-08-09 13:11:09', '2023-08-09 13:11:09', 'A', NULL),
(128, 184, 62, 1, 12.755, '2023-08-09 13:11:09', '2023-08-09 13:11:09', 'A', NULL),
(129, 163, 62, 1, 114.795, '2023-08-09 13:11:09', '2023-08-09 13:11:09', 'A', NULL),
(130, 187, 62, 1, 17.857, '2023-08-09 13:11:09', '2023-08-09 13:11:09', 'A', NULL),
(131, 182, 62, 1, 7.653, '2023-08-09 13:11:09', '2023-08-09 13:11:09', 'A', NULL),
(132, 173, 62, 1, 16.071, '2023-08-09 13:11:09', '2023-08-09 13:11:09', 'A', NULL),
(133, 233, 63, 1, 0.594, '2023-08-09 13:11:09', '2023-08-09 13:11:09', 'A', NULL),
(134, 233, 63, 1, 27.720, '2023-08-09 13:11:09', '2023-08-09 13:11:09', 'A', NULL),
(135, 233, 63, 1, 59.400, '2023-08-09 13:11:09', '2023-08-09 13:11:09', 'A', NULL),
(136, 268, 64, 1, 180.000, '2023-08-09 13:11:09', '2023-08-09 13:11:09', 'A', NULL),
(137, 270, 64, 1, 29.999, '2023-08-09 13:11:09', '2023-08-09 13:11:09', 'A', NULL),
(138, 268, 64, 1, 8400.000, '2023-08-09 13:11:09', '2023-08-09 13:11:09', 'A', NULL),
(139, 269, 64, 1, 840.000, '2023-08-09 13:11:09', '2023-08-09 13:11:09', 'A', NULL),
(140, 298, 64, 1, 840.000, '2023-08-09 13:11:09', '2023-08-09 13:11:09', 'A', NULL),
(141, 294, 64, 1, 8400.000, '2023-08-09 13:11:09', '2023-08-09 13:11:09', 'A', NULL),
(142, 273, 64, 1, 46.620, '2023-08-09 13:11:09', '2023-08-09 13:11:09', 'A', NULL),
(143, 273, 64, 1, 160.695, '2023-08-09 13:11:09', '2023-08-09 13:11:09', 'A', NULL),
(144, 249, 64, 1, 2250.000, '2023-08-09 13:11:09', '2023-08-09 13:11:09', 'A', NULL),
(145, 131, 65, 1, 573.000, '2023-08-09 15:31:03', '2023-08-09 15:31:03', 'A', NULL),
(146, 132, 65, 1, 668.500, '2023-08-09 15:31:03', '2023-08-09 15:31:03', 'A', NULL),
(147, 178, 65, 1, 133.700, '2023-08-09 15:31:03', '2023-08-09 15:31:03', 'A', NULL),
(148, 189, 65, 1, 38.200, '2023-08-09 15:31:03', '2023-08-09 15:31:03', 'A', NULL),
(149, 188, 65, 1, 9.550, '2023-08-09 15:31:03', '2023-08-09 15:31:03', 'A', NULL),
(150, 187, 65, 1, 19.100, '2023-08-09 15:31:03', '2023-08-09 15:31:03', 'A', NULL),
(151, 129, 65, 1, 22.920, '2023-08-09 15:31:03', '2023-08-09 15:31:03', 'A', NULL),
(152, 128, 65, 1, 28.650, '2023-08-09 15:31:03', '2023-08-09 15:31:03', 'A', NULL),
(153, 182, 65, 1, 76.400, '2023-08-09 15:31:03', '2023-08-09 15:31:03', 'A', NULL),
(154, 173, 65, 1, 28.650, '2023-08-09 15:31:03', '2023-08-09 15:31:03', 'A', NULL),
(155, 234, 66, 1, 44.875, '2023-08-09 15:31:03', '2023-08-09 15:31:03', 'A', NULL),
(156, 234, 66, 1, 0.594, '2023-08-09 15:31:03', '2023-08-09 15:31:03', 'A', NULL),
(157, 234, 66, 1, 20.196, '2023-08-09 15:31:03', '2023-08-09 15:31:03', 'A', NULL),
(158, 273, 67, 1, 121.401, '2023-08-09 15:31:03', '2023-08-09 15:31:03', 'A', NULL),
(159, 250, 67, 1, 1699.823, '2023-08-09 15:31:03', '2023-08-09 15:31:03', 'A', NULL),
(160, 268, 67, 1, 180.000, '2023-08-09 15:31:03', '2023-08-09 15:31:03', 'A', NULL),
(161, 270, 67, 1, 29.999, '2023-08-09 15:31:03', '2023-08-09 15:31:03', 'A', NULL),
(162, 268, 67, 1, 6120.000, '2023-08-09 15:31:03', '2023-08-09 15:31:03', 'A', NULL),
(163, 269, 67, 1, 612.000, '2023-08-09 15:31:03', '2023-08-09 15:31:03', 'A', NULL),
(164, 299, 67, 1, 612.000, '2023-08-09 15:31:03', '2023-08-09 15:31:03', 'A', NULL),
(165, 295, 67, 1, 6120.000, '2023-08-09 15:31:03', '2023-08-09 15:31:03', 'A', NULL),
(166, 273, 67, 1, 33.966, '2023-08-09 15:31:03', '2023-08-09 15:31:03', 'A', NULL),
(167, 150, 68, 1, 529.691, '2023-08-11 12:07:54', '2023-08-11 12:07:54', 'A', NULL),
(168, 167, 68, 1, 134.534, '2023-08-11 12:07:54', '2023-08-11 12:07:54', 'A', NULL),
(169, 178, 68, 1, 299.805, '2023-08-11 12:07:54', '2023-08-11 12:07:54', 'A', NULL),
(170, 181, 68, 1, 17.971, '2023-08-11 12:07:54', '2023-08-11 12:07:54', 'A', NULL),
(171, 230, 69, 1, 69.670, '2023-08-11 12:07:54', '2023-08-11 12:07:54', 'A', NULL),
(172, 230, 69, 1, 0.660, '2023-08-11 12:07:54', '2023-08-11 12:07:54', 'A', NULL),
(173, 236, 70, 1, 1276.000, '2023-08-11 12:07:54', '2023-08-11 12:07:54', 'A', NULL),
(174, 273, 70, 1, 91.132, '2023-08-11 12:07:54', '2023-08-11 12:07:54', 'A', NULL),
(175, 291, 70, 1, 300.000, '2023-08-11 12:07:54', '2023-08-11 12:07:54', 'A', NULL),
(176, 267, 70, 1, 300.000, '2023-08-11 12:07:54', '2023-08-11 12:07:54', 'A', NULL),
(177, 270, 70, 1, 30.000, '2023-08-11 12:07:54', '2023-08-11 12:07:54', 'A', NULL),
(178, 330, 70, 1, 201.000, '2023-08-11 12:07:54', '2023-08-11 12:07:54', 'A', NULL),
(179, 273, 70, 1, 2.010, '2023-08-11 12:07:54', '2023-08-11 12:07:54', 'A', NULL),
(180, 260, 70, 1, 201.000, '2023-08-11 12:07:54', '2023-08-11 12:07:54', 'A', NULL),
(181, 273, 70, 1, 2.000, '2023-08-11 12:07:54', '2023-08-11 12:07:54', 'A', NULL),
(182, 339, 70, 1, 100.000, '2023-08-11 12:07:54', '2023-08-11 12:07:54', 'A', NULL),
(183, 261, 70, 1, 100.000, '2023-08-11 12:07:54', '2023-08-11 12:07:54', 'A', NULL),
(184, 273, 70, 1, 2.000, '2023-08-11 12:07:54', '2023-08-11 12:07:54', 'A', NULL),
(185, 346, 70, 1, 50.000, '2023-08-11 12:07:54', '2023-08-11 12:07:54', 'A', NULL),
(186, 262, 70, 1, 50.000, '2023-08-11 12:07:54', '2023-08-11 12:07:54', 'A', NULL),
(187, 262, 70, 1, 50.000, '2023-08-11 12:07:54', '2023-08-11 12:07:54', 'A', NULL),
(188, 315, 70, 1, 480.000, '2023-08-11 12:07:54', '2023-08-11 12:07:54', 'A', NULL),
(189, 319, 70, 1, 480.000, '2023-08-11 12:07:54', '2023-08-11 12:07:54', 'A', NULL),
(190, 309, 70, 1, 480.000, '2023-08-11 12:07:54', '2023-08-11 12:07:54', 'A', NULL),
(191, 273, 70, 1, 1.997, '2023-08-11 12:07:54', '2023-08-11 12:07:54', 'A', NULL),
(192, 275, 70, 1, 79.997, '2023-08-11 12:07:54', '2023-08-11 12:07:54', 'A', NULL),
(193, 256, 70, 1, 480.000, '2023-08-11 12:07:54', '2023-08-11 12:07:54', 'A', NULL),
(194, 258, 70, 1, 480.000, '2023-08-11 12:07:54', '2023-08-11 12:07:54', 'A', NULL),
(195, 178, 71, 1, 1697.101, '2023-08-12 14:15:22', '2023-08-12 14:15:22', 'A', NULL),
(196, 141, 71, 1, 1497.355, '2023-08-12 14:15:22', '2023-08-12 14:15:22', 'A', NULL),
(197, 167, 71, 1, 599.238, '2023-08-12 14:15:22', '2023-08-12 14:15:22', 'A', NULL),
(198, 156, 71, 1, 399.492, '2023-08-12 14:15:22', '2023-08-12 14:15:22', 'A', NULL),
(199, 158, 71, 1, 299.372, '2023-08-12 14:15:22', '2023-08-12 14:15:22', 'A', NULL),
(200, 182, 71, 1, 149.933, '2023-08-12 14:15:22', '2023-08-12 14:15:22', 'A', NULL),
(201, 151, 71, 1, 49.813, '2023-08-12 14:15:22', '2023-08-12 14:15:22', 'A', NULL),
(202, 142, 71, 1, 49.813, '2023-08-12 14:15:22', '2023-08-12 14:15:22', 'A', NULL),
(203, 147, 71, 1, 33.044, '2023-08-12 14:15:22', '2023-08-12 14:15:22', 'A', NULL),
(204, 145, 71, 1, 49.813, '2023-08-12 14:15:22', '2023-08-12 14:15:22', 'A', NULL),
(205, 181, 71, 1, 106.531, '2023-08-12 14:15:22', '2023-08-12 14:15:22', 'A', NULL),
(206, 225, 72, 1, 244.000, '2023-08-12 14:15:22', '2023-08-12 14:15:22', 'A', NULL),
(207, 225, 72, 1, 0.330, '2023-08-12 14:15:22', '2023-08-12 14:15:22', 'A', NULL),
(208, 225, 72, 1, 2.457, '2023-08-12 14:15:22', '2023-08-12 14:15:22', 'A', NULL),
(209, 273, 73, 1, 415.664, '2023-08-12 14:15:22', '2023-08-12 14:15:22', 'A', NULL),
(210, 240, 73, 1, 5820.000, '2023-08-12 14:15:22', '2023-08-12 14:15:22', 'A', NULL),
(211, 267, 73, 1, 150.000, '2023-08-12 14:15:22', '2023-08-12 14:15:22', 'A', NULL),
(212, 287, 73, 1, 150.000, '2023-08-12 14:15:22', '2023-08-12 14:15:22', 'A', NULL),
(213, 270, 73, 1, 15.000, '2023-08-12 14:15:22', '2023-08-12 14:15:22', 'A', NULL),
(214, 273, 73, 1, 1.500, '2023-08-12 14:15:22', '2023-08-12 14:15:22', 'A', NULL),
(215, 276, 73, 1, 45.000, '2023-08-12 14:15:22', '2023-08-12 14:15:22', 'A', NULL),
(216, 149, 74, 1, 186.138, '2023-08-12 14:28:12', '2023-08-12 14:28:12', 'A', NULL),
(217, 152, 74, 1, 66.169, '2023-08-12 14:28:12', '2023-08-12 14:28:12', 'A', NULL),
(218, 154, 74, 1, 15.537, '2023-08-12 14:28:12', '2023-08-12 14:28:12', 'A', NULL),
(219, 153, 74, 1, 12.445, '2023-08-12 14:28:12', '2023-08-12 14:28:12', 'A', NULL),
(220, 159, 74, 1, 110.153, '2023-08-12 14:28:12', '2023-08-12 14:28:12', 'A', NULL),
(221, 147, 74, 1, 7.266, '2023-08-12 14:28:12', '2023-08-12 14:28:12', 'A', NULL),
(222, 178, 74, 1, 155.141, '2023-08-12 14:28:12', '2023-08-12 14:28:12', 'A', NULL),
(223, 182, 74, 1, 80.624, '2023-08-12 14:28:12', '2023-08-12 14:28:12', 'A', NULL),
(224, 151, 74, 1, 62.072, '2023-08-12 14:28:12', '2023-08-12 14:28:12', 'A', NULL),
(225, 181, 74, 2, 77.532, '2023-08-12 14:28:12', '2023-08-12 14:28:12', 'A', NULL),
(226, 229, 75, 1, 70.000, '2023-08-12 14:28:12', '2023-08-12 14:28:12', 'A', NULL),
(227, 229, 75, 1, 0.660, '2023-08-12 14:28:12', '2023-08-12 14:28:12', 'A', NULL),
(228, 244, 76, 1, 1519.841, '2023-08-12 14:28:12', '2023-08-12 14:28:12', 'A', NULL),
(229, 273, 76, 1, 108.547, '2023-08-12 14:28:12', '2023-08-12 14:28:12', 'A', NULL),
(230, 290, 76, 1, 300.000, '2023-08-12 14:28:12', '2023-08-12 14:28:12', 'A', NULL),
(231, 267, 76, 1, 300.000, '2023-08-12 14:28:12', '2023-08-12 14:28:12', 'A', NULL),
(232, 270, 76, 1, 30.000, '2023-08-12 14:28:12', '2023-08-12 14:28:12', 'A', NULL),
(233, 141, 77, 1, 2392.941, '2023-08-17 16:49:42', '2023-08-17 16:49:42', 'A', NULL),
(234, 178, 77, 1, 2990.981, '2023-08-17 16:49:42', '2023-08-17 16:49:42', 'A', NULL),
(235, 167, 77, 1, 1620.115, '2023-08-17 16:49:42', '2023-08-17 16:49:42', 'A', NULL),
(236, 156, 77, 1, 523.578, '2023-08-17 16:49:42', '2023-08-17 16:49:42', 'A', NULL),
(237, 147, 77, 1, 43.109, '2023-08-17 16:49:42', '2023-08-17 16:49:42', 'A', NULL),
(238, 142, 77, 1, 32.136, '2023-08-17 16:49:42', '2023-08-17 16:49:42', 'A', NULL),
(239, 182, 77, 1, 35.271, '2023-08-17 16:49:42', '2023-08-17 16:49:42', 'A', NULL),
(240, 181, 77, 1, 199.085, '2023-08-17 16:49:42', '2023-08-17 16:49:42', 'A', NULL),
(241, 221, 78, 1, 550.000, '2023-08-17 16:49:42', '2023-08-17 16:49:42', 'A', NULL),
(242, 221, 78, 1, 3.250, '2023-08-17 16:49:42', '2023-08-17 16:49:42', 'A', NULL),
(243, 236, 79, 1, 7700.000, '2023-08-17 16:49:42', '2023-08-17 16:49:42', 'A', NULL),
(244, 273, 79, 1, 549.934, '2023-08-17 16:49:42', '2023-08-17 16:49:42', 'A', NULL),
(245, 276, 79, 1, 59.524, '2023-08-17 16:49:42', '2023-08-17 16:49:42', 'A', NULL),
(246, 273, 79, 1, 1.984, '2023-08-17 16:49:42', '2023-08-17 16:49:42', 'A', NULL),
(247, 315, 79, 1, 240.000, '2023-08-17 16:49:42', '2023-08-17 16:49:42', 'A', NULL),
(248, 300, 79, 1, 240.000, '2023-08-17 16:49:42', '2023-08-17 16:49:42', 'A', NULL),
(249, 319, 79, 1, 240.000, '2023-08-17 16:49:42', '2023-08-17 16:49:42', 'A', NULL),
(250, 273, 79, 1, 0.998, '2023-08-17 16:49:42', '2023-08-17 16:49:42', 'A', NULL),
(251, 258, 79, 1, 240.000, '2023-08-17 16:49:42', '2023-08-17 16:49:42', 'A', NULL),
(252, 256, 79, 1, 240.000, '2023-08-17 16:49:42', '2023-08-17 16:49:42', 'A', NULL),
(253, 275, 79, 1, 39.998, '2023-08-17 16:49:42', '2023-08-17 16:49:42', 'A', NULL),
(254, 151, 80, 1, 533.021, '2023-08-18 07:30:59', '2023-08-18 07:30:59', 'A', NULL),
(255, 181, 80, 1, 31.979, '2023-08-18 07:30:59', '2023-08-18 07:30:59', 'A', NULL),
(256, 231, 81, 1, 0.660, '2023-08-18 07:30:59', '2023-08-18 07:30:59', 'A', NULL),
(257, 231, 81, 1, 103.181, '2023-08-18 07:30:59', '2023-08-18 07:30:59', 'A', NULL),
(258, 292, 82, 1, 300.000, '2023-08-18 07:30:59', '2023-08-18 07:30:59', 'A', NULL),
(259, 267, 82, 1, 300.000, '2023-08-18 07:30:59', '2023-08-18 07:30:59', 'A', NULL),
(260, 270, 82, 1, 30.000, '2023-08-18 07:30:59', '2023-08-18 07:30:59', 'A', NULL),
(261, 315, 82, 1, 240.000, '2023-08-18 07:30:59', '2023-08-18 07:30:59', 'A', NULL),
(262, 319, 82, 1, 240.000, '2023-08-18 07:30:59', '2023-08-18 07:30:59', 'A', NULL),
(263, 310, 82, 1, 240.000, '2023-08-18 07:30:59', '2023-08-18 07:30:59', 'A', NULL),
(264, 273, 82, 1, 0.998, '2023-08-18 07:30:59', '2023-08-18 07:30:59', 'A', NULL),
(265, 258, 82, 1, 240.000, '2023-08-18 07:30:59', '2023-08-18 07:30:59', 'A', NULL),
(266, 256, 82, 1, 240.000, '2023-08-18 07:30:59', '2023-08-18 07:30:59', 'A', NULL),
(267, 275, 82, 1, 39.998, '2023-08-18 07:30:59', '2023-08-18 07:30:59', 'A', NULL),
(268, 273, 82, 1, 134.985, '2023-08-18 07:30:59', '2023-08-18 07:30:59', 'A', NULL),
(269, 246, 82, 1, 1889.755, '2023-08-18 07:30:59', '2023-08-18 07:30:59', 'A', NULL),
(278, 261, 92, 1, 15.000, '2023-08-18 10:47:04', '2023-08-18 10:47:04', 'A', NULL),
(279, 341, 92, 1, 15.000, '2023-08-18 10:47:04', '2023-08-18 10:47:04', 'A', NULL),
(280, 315, 94, 1, 286.000, '2023-08-18 10:52:53', '2023-08-18 10:52:53', 'A', NULL),
(281, 273, 94, 1, 1.190, '2023-08-18 10:52:53', '2023-08-18 10:52:53', 'A', NULL),
(282, 313, 94, 1, 286.000, '2023-08-18 10:52:53', '2023-08-18 10:52:53', 'A', NULL),
(283, 319, 94, 1, 286.000, '2023-08-18 10:52:53', '2023-08-18 10:52:53', 'A', NULL),
(284, 258, 94, 1, 286.000, '2023-08-18 10:52:53', '2023-08-18 10:52:53', 'A', NULL),
(285, 256, 94, 1, 286.000, '2023-08-18 10:52:53', '2023-08-18 10:52:53', 'A', NULL),
(286, 275, 94, 1, 47.665, '2023-08-18 10:52:53', '2023-08-18 10:52:53', 'A', NULL),
(287, 142, 95, 1, 4975.040, '2023-08-18 11:17:25', '2023-08-18 11:17:25', 'A', NULL),
(288, 167, 95, 1, 2487.142, '2023-08-18 11:17:25', '2023-08-18 11:17:25', 'A', NULL),
(289, 181, 95, 1, 99.818, '2023-08-18 11:17:25', '2023-08-18 11:17:25', 'A', NULL),
(290, 222, 96, 1, 812.500, '2023-08-18 11:17:25', '2023-08-18 11:17:25', 'A', NULL),
(291, 273, 97, 1, 1062.798, '2023-08-18 11:17:25', '2023-08-18 11:17:25', 'A', NULL),
(292, 237, 97, 1, 14880.952, '2023-08-18 11:17:25', '2023-08-18 11:17:25', 'A', NULL),
(293, 315, 97, 1, 240.000, '2023-08-18 11:17:25', '2023-08-18 11:17:25', 'A', NULL),
(294, 273, 97, 1, 0.998, '2023-08-18 11:17:25', '2023-08-18 11:17:25', 'A', NULL),
(295, 301, 97, 1, 240.000, '2023-08-18 11:17:25', '2023-08-18 11:17:25', 'A', NULL),
(296, 319, 97, 1, 240.000, '2023-08-18 11:17:25', '2023-08-18 11:17:25', 'A', NULL),
(297, 258, 97, 1, 240.000, '2023-08-18 11:17:25', '2023-08-18 11:17:25', 'A', NULL),
(298, 256, 97, 1, 240.000, '2023-08-18 11:17:25', '2023-08-18 11:17:25', 'A', NULL),
(299, 275, 97, 1, 39.998, '2023-08-18 11:17:25', '2023-08-18 11:17:25', 'A', NULL),
(300, 342, 97, 1, 50.000, '2023-08-18 11:17:25', '2023-08-18 11:17:25', 'A', NULL),
(301, 273, 97, 1, 2.000, '2023-08-18 11:17:25', '2023-08-18 11:17:25', 'A', NULL),
(302, 262, 97, 1, 50.000, '2023-08-18 11:17:25', '2023-08-18 11:17:25', 'A', NULL),
(303, 261, 99, 1, 15.000, '2023-08-21 09:09:31', '2023-08-21 09:09:31', 'A', NULL),
(304, 341, 99, 1, 15.000, '2023-08-21 09:09:31', '2023-08-21 09:09:31', 'A', NULL),
(305, 261, 101, 1, 15.000, '2023-08-21 09:09:44', '2023-08-21 09:09:44', 'A', NULL),
(306, 341, 101, 1, 15.000, '2023-08-21 09:09:44', '2023-08-21 09:09:44', 'A', NULL),
(307, 149, 102, 1, 0.241, '2023-08-21 10:33:52', '2023-08-21 10:33:52', 'A', NULL),
(308, 152, 102, 1, 0.086, '2023-08-21 10:33:52', '2023-08-21 10:33:52', 'A', NULL),
(309, 154, 102, 1, 0.020, '2023-08-21 10:33:52', '2023-08-21 10:33:52', 'A', NULL),
(310, 153, 102, 1, 0.016, '2023-08-21 10:33:52', '2023-08-21 10:33:52', 'A', NULL),
(311, 159, 102, 1, 0.143, '2023-08-21 10:33:52', '2023-08-21 10:33:52', 'A', NULL),
(312, 147, 102, 1, 0.009, '2023-08-21 10:33:52', '2023-08-21 10:33:52', 'A', NULL),
(313, 178, 102, 1, 0.201, '2023-08-21 10:33:52', '2023-08-21 10:33:52', 'A', NULL),
(314, 182, 102, 1, 0.104, '2023-08-21 10:33:52', '2023-08-21 10:33:52', 'A', NULL),
(315, 151, 102, 1, 0.080, '2023-08-21 10:33:52', '2023-08-21 10:33:52', 'A', NULL),
(316, 181, 102, 1, 0.100, '2023-08-21 10:33:52', '2023-08-21 10:33:52', 'A', NULL),
(317, 229, 103, 1, 0.108, '2023-08-21 10:33:52', '2023-08-21 10:33:52', 'A', NULL),
(318, 244, 104, 1, 1.984, '2023-08-21 10:33:52', '2023-08-21 10:33:52', 'A', NULL),
(319, 273, 104, 1, 0.142, '2023-08-21 10:33:52', '2023-08-21 10:33:52', 'A', NULL),
(320, 229, 106, 1, 0.092, '2023-08-21 12:36:10', '2023-08-21 12:36:10', 'A', NULL),
(321, 290, 107, 1, 41.667, '2023-08-21 12:36:10', '2023-08-21 12:36:10', 'A', NULL),
(322, 267, 107, 1, 41.667, '2023-08-21 12:36:10', '2023-08-21 12:36:10', 'A', NULL),
(323, 270, 107, 1, 4.167, '2023-08-21 12:36:10', '2023-08-21 12:36:10', 'A', NULL),
(324, 229, 109, 1, 0.092, '2023-08-21 12:36:46', '2023-08-21 12:36:46', 'A', NULL),
(325, 290, 110, 1, 41.667, '2023-08-21 12:36:46', '2023-08-21 12:36:46', 'A', NULL),
(326, 267, 110, 1, 41.667, '2023-08-21 12:36:46', '2023-08-21 12:36:46', 'A', NULL),
(327, 270, 110, 1, 4.167, '2023-08-21 12:36:46', '2023-08-21 12:36:46', 'A', NULL),
(328, 229, 112, 1, 0.092, '2023-08-21 12:37:25', '2023-08-21 12:37:25', 'A', NULL),
(329, 290, 113, 1, 41.667, '2023-08-21 12:37:25', '2023-08-21 12:37:25', 'A', NULL),
(330, 267, 113, 1, 41.667, '2023-08-21 12:37:25', '2023-08-21 12:37:25', 'A', NULL),
(331, 270, 113, 1, 4.167, '2023-08-21 12:37:25', '2023-08-21 12:37:25', 'A', NULL),
(332, 229, 115, 1, 0.092, '2023-08-21 12:44:59', '2023-08-21 12:44:59', 'A', NULL),
(333, 290, 116, 1, 41.667, '2023-08-21 12:44:59', '2023-08-21 12:44:59', 'A', NULL),
(334, 267, 116, 1, 41.667, '2023-08-21 12:44:59', '2023-08-21 12:44:59', 'A', NULL),
(335, 270, 116, 1, 4.167, '2023-08-21 12:44:59', '2023-08-21 12:44:59', 'A', NULL),
(336, 229, 118, 1, 0.092, '2023-08-21 12:45:18', '2023-08-21 12:45:18', 'A', NULL),
(337, 290, 119, 1, 41.667, '2023-08-21 12:45:18', '2023-08-21 12:45:18', 'A', NULL),
(338, 267, 119, 1, 41.667, '2023-08-21 12:45:18', '2023-08-21 12:45:18', 'A', NULL),
(339, 270, 119, 1, 4.167, '2023-08-21 12:45:18', '2023-08-21 12:45:18', 'A', NULL),
(340, 229, 121, 1, 0.092, '2023-08-21 12:46:51', '2023-08-21 12:46:51', 'A', NULL),
(341, 290, 122, 1, 41.667, '2023-08-21 12:46:51', '2023-08-21 12:46:51', 'A', NULL),
(342, 267, 122, 1, 41.667, '2023-08-21 12:46:51', '2023-08-21 12:46:51', 'A', NULL),
(343, 270, 122, 1, 4.167, '2023-08-21 12:46:51', '2023-08-21 12:46:51', 'A', NULL),
(344, 229, 124, 1, 0.092, '2023-08-21 12:47:04', '2023-08-21 12:47:04', 'A', NULL),
(345, 290, 125, 1, 41.667, '2023-08-21 12:47:04', '2023-08-21 12:47:04', 'A', NULL),
(346, 267, 125, 1, 41.667, '2023-08-21 12:47:04', '2023-08-21 12:47:04', 'A', NULL),
(347, 270, 125, 1, 4.167, '2023-08-21 12:47:04', '2023-08-21 12:47:04', 'A', NULL),
(348, 229, 136, 1, 0.092, '2023-08-21 13:07:42', '2023-08-21 13:07:42', 'A', NULL),
(349, 290, 137, 1, 41.667, '2023-08-21 13:07:42', '2023-08-21 13:07:42', 'A', NULL),
(350, 267, 137, 1, 41.667, '2023-08-21 13:07:42', '2023-08-21 13:07:42', 'A', NULL),
(351, 270, 137, 1, 4.167, '2023-08-21 13:07:42', '2023-08-21 13:07:42', 'A', NULL),
(352, 275, 175, 1, 3.333, '2023-08-21 15:08:14', '2023-08-21 15:08:14', 'A', NULL),
(353, 275, 177, 1, 3.333, '2023-08-21 15:08:36', '2023-08-21 15:08:36', 'A', NULL),
(354, 275, 224, 1, 3.333, '2023-08-21 15:35:25', '2023-08-21 15:35:25', 'A', '152'),
(355, 275, 226, 1, 3.333, '2023-08-21 15:35:30', '2023-08-21 15:35:30', 'A', '153'),
(356, 275, 228, 1, 3.333, '2023-08-21 15:36:09', '2023-08-21 15:36:09', 'A', '154'),
(357, 275, 230, 1, 3.333, '2023-08-21 15:37:04', '2023-08-21 15:37:04', 'A', '155'),
(358, 315, 236, 1, 20.000, '2023-08-21 15:40:19', '2023-08-21 15:40:19', 'A', '158'),
(359, 273, 236, 1, 0.083, '2023-08-21 15:40:19', '2023-08-21 15:40:19', 'A', '158'),
(360, 313, 236, 1, 20.000, '2023-08-21 15:40:19', '2023-08-21 15:40:19', 'A', '158'),
(361, 319, 236, 1, 20.000, '2023-08-21 15:40:19', '2023-08-21 15:40:19', 'A', '158'),
(362, 258, 236, 1, 20.000, '2023-08-21 15:40:19', '2023-08-21 15:40:19', 'A', '158'),
(363, 256, 236, 1, 20.000, '2023-08-21 15:40:19', '2023-08-21 15:40:19', 'A', '158'),
(364, 275, 236, 1, 3.333, '2023-08-21 15:40:19', '2023-08-21 15:40:19', 'A', '158'),
(365, 228, 238, 1, 0.163, '2023-08-21 16:55:37', '2023-08-21 16:55:37', 'A', '160'),
(366, 222, 238, 1, 0.108, '2023-08-21 16:55:37', '2023-08-21 16:55:37', 'A', '160'),
(367, 243, 239, 1, 2.976, '2023-08-21 16:55:37', '2023-08-21 16:55:37', 'A', '160'),
(368, 273, 239, 1, 0.213, '2023-08-21 16:55:37', '2023-08-21 16:55:37', 'A', '160'),
(369, 273, 239, 1, 0.142, '2023-08-21 16:55:37', '2023-08-21 16:55:37', 'A', '160'),
(370, 237, 239, 1, 1.984, '2023-08-21 16:55:37', '2023-08-21 16:55:37', 'A', '160'),
(371, 228, 241, 1, 0.163, '2023-08-21 16:55:39', '2023-08-21 16:55:39', 'A', '162'),
(372, 222, 241, 1, 0.108, '2023-08-21 16:55:39', '2023-08-21 16:55:39', 'A', '162'),
(373, 243, 242, 1, 2.976, '2023-08-21 16:55:39', '2023-08-21 16:55:39', 'A', '162'),
(374, 273, 242, 1, 0.213, '2023-08-21 16:55:39', '2023-08-21 16:55:39', 'A', '162'),
(375, 273, 242, 1, 0.142, '2023-08-21 16:55:39', '2023-08-21 16:55:39', 'A', '162'),
(376, 237, 242, 1, 1.984, '2023-08-21 16:55:39', '2023-08-21 16:55:39', 'A', '162'),
(377, 243, 244, 1, 2.976, '2023-08-21 16:56:12', '2023-08-21 16:56:12', 'A', '164'),
(378, 273, 244, 1, 0.213, '2023-08-21 16:56:12', '2023-08-21 16:56:12', 'A', '164'),
(379, 273, 244, 1, 0.142, '2023-08-21 16:56:12', '2023-08-21 16:56:12', 'A', '164'),
(380, 237, 244, 1, 1.984, '2023-08-21 16:56:12', '2023-08-21 16:56:12', 'A', '164'),
(381, 243, 246, 1, 2.976, '2023-08-21 16:56:22', '2023-08-21 16:56:22', 'A', '166'),
(382, 273, 246, 1, 0.213, '2023-08-21 16:56:22', '2023-08-21 16:56:22', 'A', '166'),
(383, 273, 246, 1, 0.142, '2023-08-21 16:56:22', '2023-08-21 16:56:22', 'A', '166'),
(384, 237, 246, 1, 1.984, '2023-08-21 16:56:22', '2023-08-21 16:56:22', 'A', '166'),
(385, 227, 248, 1, 0.406, '2023-08-22 06:38:04', '2023-08-22 06:38:04', 'A', '168'),
(386, 273, 249, 1, 0.248, '2023-08-22 06:38:04', '2023-08-22 06:38:04', 'A', '168'),
(387, 276, 249, 1, 7.440, '2023-08-22 06:38:04', '2023-08-22 06:38:04', 'A', '168'),
(388, 273, 249, 1, 0.179, '2023-08-22 06:38:04', '2023-08-22 06:38:04', 'A', '168'),
(389, 337, 249, 1, 10.000, '2023-08-22 06:38:04', '2023-08-22 06:38:04', 'A', '168'),
(390, 261, 249, 1, 10.000, '2023-08-22 06:38:04', '2023-08-22 06:38:04', 'A', '168'),
(391, 227, 251, 1, 0.406, '2023-08-22 06:39:16', '2023-08-22 06:39:16', 'A', '170'),
(392, 273, 252, 1, 0.248, '2023-08-22 06:39:16', '2023-08-22 06:39:16', 'A', '170'),
(393, 276, 252, 1, 7.440, '2023-08-22 06:39:16', '2023-08-22 06:39:16', 'A', '170'),
(394, 273, 252, 1, 0.179, '2023-08-22 06:39:16', '2023-08-22 06:39:16', 'A', '170'),
(395, 337, 252, 1, 10.000, '2023-08-22 06:39:16', '2023-08-22 06:39:16', 'A', '170'),
(396, 261, 252, 1, 10.000, '2023-08-22 06:39:16', '2023-08-22 06:39:16', 'A', '170'),
(397, 227, 254, 1, 0.406, '2023-08-22 06:43:20', '2023-08-22 06:43:20', 'A', '172'),
(398, 273, 255, 1, 0.248, '2023-08-22 06:43:20', '2023-08-22 06:43:20', 'A', '172'),
(399, 276, 255, 1, 7.440, '2023-08-22 06:43:20', '2023-08-22 06:43:20', 'A', '172'),
(400, 273, 255, 1, 0.179, '2023-08-22 06:43:20', '2023-08-22 06:43:20', 'A', '172'),
(401, 337, 255, 1, 10.000, '2023-08-22 06:43:20', '2023-08-22 06:43:20', 'A', '172'),
(402, 261, 255, 1, 10.000, '2023-08-22 06:43:20', '2023-08-22 06:43:20', 'A', '172'),
(403, 227, 257, 1, 0.406, '2023-08-22 06:43:32', '2023-08-22 06:43:32', 'A', '174'),
(404, 273, 258, 1, 0.248, '2023-08-22 06:43:32', '2023-08-22 06:43:32', 'A', '174'),
(405, 276, 258, 1, 7.440, '2023-08-22 06:43:32', '2023-08-22 06:43:32', 'A', '174'),
(406, 273, 258, 1, 0.179, '2023-08-22 06:43:32', '2023-08-22 06:43:32', 'A', '174'),
(407, 337, 258, 1, 10.000, '2023-08-22 06:43:32', '2023-08-22 06:43:32', 'A', '174'),
(408, 261, 258, 1, 10.000, '2023-08-22 06:43:32', '2023-08-22 06:43:32', 'A', '174'),
(409, 147, 259, 1, 10.460, '2023-08-22 06:43:57', '2023-08-22 06:43:57', 'A', NULL),
(410, 164, 259, 1, 10.460, '2023-08-22 06:43:57', '2023-08-22 06:43:57', 'A', NULL),
(411, 178, 259, 1, 55.790, '2023-08-22 06:43:57', '2023-08-22 06:43:57', 'A', NULL),
(412, 168, 259, 1, 17.500, '2023-08-22 06:43:57', '2023-08-22 06:43:57', 'A', NULL),
(413, 182, 259, 1, 3.800, '2023-08-22 06:43:57', '2023-08-22 06:43:57', 'A', NULL),
(414, 183, 259, 1, 0.660, '2023-08-22 06:43:57', '2023-08-22 06:43:57', 'A', NULL),
(415, 185, 259, 1, 0.280, '2023-08-22 06:43:57', '2023-08-22 06:43:57', 'A', NULL),
(416, 181, 259, 1, 1.050, '2023-08-22 06:43:57', '2023-08-22 06:43:57', 'A', NULL),
(417, 227, 260, 1, 0.406, '2023-08-22 06:43:57', '2023-08-22 06:43:57', 'A', '176'),
(418, 273, 261, 1, 0.248, '2023-08-22 06:43:57', '2023-08-22 06:43:57', 'A', '176'),
(419, 276, 261, 1, 7.440, '2023-08-22 06:43:57', '2023-08-22 06:43:57', 'A', '176'),
(420, 273, 261, 1, 0.179, '2023-08-22 06:43:57', '2023-08-22 06:43:57', 'A', '176'),
(421, 337, 261, 1, 10.000, '2023-08-22 06:43:57', '2023-08-22 06:43:57', 'A', '176'),
(422, 261, 261, 1, 10.000, '2023-08-22 06:43:57', '2023-08-22 06:43:57', 'A', '176'),
(423, 147, 262, 1, 10.460, '2023-08-22 06:44:04', '2023-08-22 06:44:04', 'A', NULL),
(424, 164, 262, 1, 10.460, '2023-08-22 06:44:04', '2023-08-22 06:44:04', 'A', NULL),
(425, 178, 262, 1, 55.790, '2023-08-22 06:44:04', '2023-08-22 06:44:04', 'A', NULL),
(426, 168, 262, 1, 17.500, '2023-08-22 06:44:04', '2023-08-22 06:44:04', 'A', NULL),
(427, 182, 262, 1, 3.800, '2023-08-22 06:44:04', '2023-08-22 06:44:04', 'A', NULL),
(428, 183, 262, 1, 0.660, '2023-08-22 06:44:04', '2023-08-22 06:44:04', 'A', NULL),
(429, 185, 262, 1, 0.280, '2023-08-22 06:44:04', '2023-08-22 06:44:04', 'A', NULL),
(430, 181, 262, 1, 1.050, '2023-08-22 06:44:04', '2023-08-22 06:44:04', 'A', NULL),
(431, 227, 263, 1, 0.406, '2023-08-22 06:44:04', '2023-08-22 06:44:04', 'A', '178'),
(432, 273, 264, 1, 0.248, '2023-08-22 06:44:04', '2023-08-22 06:44:04', 'A', '178'),
(433, 276, 264, 1, 7.440, '2023-08-22 06:44:04', '2023-08-22 06:44:04', 'A', '178'),
(434, 273, 264, 1, 0.179, '2023-08-22 06:44:04', '2023-08-22 06:44:04', 'A', '178'),
(435, 337, 264, 1, 10.000, '2023-08-22 06:44:04', '2023-08-22 06:44:04', 'A', '178'),
(436, 261, 264, 1, 10.000, '2023-08-22 06:44:04', '2023-08-22 06:44:04', 'A', '178'),
(437, 227, 266, 1, 0.406, '2023-08-22 06:44:17', '2023-08-22 06:44:17', 'A', '180'),
(438, 273, 267, 1, 0.248, '2023-08-22 06:44:17', '2023-08-22 06:44:17', 'A', '180'),
(439, 276, 267, 1, 7.440, '2023-08-22 06:44:17', '2023-08-22 06:44:17', 'A', '180'),
(440, 273, 267, 1, 0.179, '2023-08-22 06:44:17', '2023-08-22 06:44:17', 'A', '180'),
(441, 337, 267, 1, 10.000, '2023-08-22 06:44:17', '2023-08-22 06:44:17', 'A', '180'),
(442, 261, 267, 1, 10.000, '2023-08-22 06:44:17', '2023-08-22 06:44:17', 'A', '180'),
(443, 147, 268, 1, 10.460, '2023-08-22 06:46:22', '2023-08-22 06:46:22', 'A', '2'),
(444, 164, 268, 1, 10.460, '2023-08-22 06:46:22', '2023-08-22 06:46:22', 'A', '2'),
(445, 178, 268, 1, 55.790, '2023-08-22 06:46:22', '2023-08-22 06:46:22', 'A', '2'),
(446, 168, 268, 1, 17.500, '2023-08-22 06:46:22', '2023-08-22 06:46:22', 'A', '2'),
(447, 182, 268, 1, 3.800, '2023-08-22 06:46:22', '2023-08-22 06:46:22', 'A', '2'),
(448, 183, 268, 1, 0.660, '2023-08-22 06:46:22', '2023-08-22 06:46:22', 'A', '2'),
(449, 185, 268, 1, 0.280, '2023-08-22 06:46:22', '2023-08-22 06:46:22', 'A', '2'),
(450, 181, 268, 1, 1.050, '2023-08-22 06:46:22', '2023-08-22 06:46:22', 'A', '2'),
(451, 227, 269, 1, 0.406, '2023-08-22 06:46:22', '2023-08-22 06:46:22', 'A', '182'),
(452, 273, 270, 1, 0.248, '2023-08-22 06:46:22', '2023-08-22 06:46:22', 'A', '182'),
(453, 276, 270, 1, 7.440, '2023-08-22 06:46:22', '2023-08-22 06:46:22', 'A', '182'),
(454, 273, 270, 1, 0.179, '2023-08-22 06:46:22', '2023-08-22 06:46:22', 'A', '182'),
(455, 337, 270, 1, 10.000, '2023-08-22 06:46:22', '2023-08-22 06:46:22', 'A', '182'),
(456, 261, 270, 1, 10.000, '2023-08-22 06:46:22', '2023-08-22 06:46:22', 'A', '182'),
(457, 147, 271, 1, 10.460, '2023-08-22 06:46:27', '2023-08-22 06:46:27', 'A', '2'),
(458, 164, 271, 1, 10.460, '2023-08-22 06:46:27', '2023-08-22 06:46:27', 'A', '2'),
(459, 178, 271, 1, 55.790, '2023-08-22 06:46:27', '2023-08-22 06:46:27', 'A', '2'),
(460, 168, 271, 1, 17.500, '2023-08-22 06:46:27', '2023-08-22 06:46:27', 'A', '2'),
(461, 182, 271, 1, 3.800, '2023-08-22 06:46:27', '2023-08-22 06:46:27', 'A', '2'),
(462, 183, 271, 1, 0.660, '2023-08-22 06:46:27', '2023-08-22 06:46:27', 'A', '2'),
(463, 185, 271, 1, 0.280, '2023-08-22 06:46:27', '2023-08-22 06:46:27', 'A', '2'),
(464, 181, 271, 1, 1.050, '2023-08-22 06:46:27', '2023-08-22 06:46:27', 'A', '2'),
(465, 227, 272, 1, 0.406, '2023-08-22 06:46:27', '2023-08-22 06:46:27', 'A', '184'),
(466, 273, 273, 1, 0.248, '2023-08-22 06:46:27', '2023-08-22 06:46:27', 'A', '184'),
(467, 276, 273, 1, 7.440, '2023-08-22 06:46:27', '2023-08-22 06:46:27', 'A', '184'),
(468, 273, 273, 1, 0.179, '2023-08-22 06:46:27', '2023-08-22 06:46:27', 'A', '184'),
(469, 337, 273, 1, 10.000, '2023-08-22 06:46:27', '2023-08-22 06:46:27', 'A', '184'),
(470, 261, 273, 1, 10.000, '2023-08-22 06:46:27', '2023-08-22 06:46:27', 'A', '184'),
(471, 227, 275, 1, 0.406, '2023-08-22 06:47:48', '2023-08-22 06:47:48', 'A', '186'),
(472, 273, 276, 1, 0.248, '2023-08-22 06:47:48', '2023-08-22 06:47:48', 'A', '186'),
(473, 276, 276, 1, 7.440, '2023-08-22 06:47:48', '2023-08-22 06:47:48', 'A', '186'),
(474, 273, 276, 1, 0.179, '2023-08-22 06:47:48', '2023-08-22 06:47:48', 'A', '186'),
(475, 337, 276, 1, 10.000, '2023-08-22 06:47:48', '2023-08-22 06:47:48', 'A', '186'),
(476, 261, 276, 1, 10.000, '2023-08-22 06:47:48', '2023-08-22 06:47:48', 'A', '186'),
(477, 227, 278, 1, 0.406, '2023-08-22 06:51:12', '2023-08-22 06:51:12', 'A', '188'),
(478, 273, 279, 1, 0.248, '2023-08-22 06:51:12', '2023-08-22 06:51:12', 'A', '188'),
(479, 276, 279, 1, 7.440, '2023-08-22 06:51:12', '2023-08-22 06:51:12', 'A', '188'),
(480, 273, 279, 1, 0.179, '2023-08-22 06:51:12', '2023-08-22 06:51:12', 'A', '188'),
(481, 337, 279, 1, 10.000, '2023-08-22 06:51:12', '2023-08-22 06:51:12', 'A', '188'),
(482, 261, 279, 1, 10.000, '2023-08-22 06:51:12', '2023-08-22 06:51:12', 'A', '188'),
(483, 227, 281, 1, 0.406, '2023-08-22 06:51:18', '2023-08-22 06:51:18', 'A', '190'),
(484, 273, 282, 1, 0.248, '2023-08-22 06:51:18', '2023-08-22 06:51:18', 'A', '190'),
(485, 276, 282, 1, 7.440, '2023-08-22 06:51:18', '2023-08-22 06:51:18', 'A', '190'),
(486, 273, 282, 1, 0.179, '2023-08-22 06:51:18', '2023-08-22 06:51:18', 'A', '190'),
(487, 337, 282, 1, 10.000, '2023-08-22 06:51:18', '2023-08-22 06:51:18', 'A', '190'),
(488, 261, 282, 1, 10.000, '2023-08-22 06:51:18', '2023-08-22 06:51:18', 'A', '190'),
(489, 227, 284, 1, 0.406, '2023-08-22 06:51:38', '2023-08-22 06:51:38', 'A', '192'),
(490, 273, 285, 1, 0.248, '2023-08-22 06:51:38', '2023-08-22 06:51:38', 'A', '192'),
(491, 276, 285, 1, 7.440, '2023-08-22 06:51:38', '2023-08-22 06:51:38', 'A', '192'),
(492, 273, 285, 1, 0.179, '2023-08-22 06:51:38', '2023-08-22 06:51:38', 'A', '192'),
(493, 337, 285, 1, 10.000, '2023-08-22 06:51:38', '2023-08-22 06:51:38', 'A', '192'),
(494, 261, 285, 1, 10.000, '2023-08-22 06:51:38', '2023-08-22 06:51:38', 'A', '192'),
(495, 227, 287, 1, 0.406, '2023-08-22 06:52:00', '2023-08-22 06:52:00', 'A', '194'),
(496, 273, 288, 1, 0.248, '2023-08-22 06:52:00', '2023-08-22 06:52:00', 'A', '194'),
(497, 276, 288, 1, 7.440, '2023-08-22 06:52:00', '2023-08-22 06:52:00', 'A', '194'),
(498, 273, 288, 1, 0.179, '2023-08-22 06:52:00', '2023-08-22 06:52:00', 'A', '194'),
(499, 337, 288, 1, 10.000, '2023-08-22 06:52:00', '2023-08-22 06:52:00', 'A', '194'),
(500, 261, 288, 1, 10.000, '2023-08-22 06:52:00', '2023-08-22 06:52:00', 'A', '194'),
(501, 147, 291, 1, 10.460, '2023-08-22 06:53:04', '2023-08-22 06:53:04', 'A', '0'),
(502, 164, 291, 1, 10.460, '2023-08-22 06:53:04', '2023-08-22 06:53:04', 'A', '0'),
(503, 178, 291, 1, 55.790, '2023-08-22 06:53:04', '2023-08-22 06:53:04', 'A', '0'),
(504, 168, 291, 1, 17.500, '2023-08-22 06:53:04', '2023-08-22 06:53:04', 'A', '0'),
(505, 182, 291, 1, 3.800, '2023-08-22 06:53:04', '2023-08-22 06:53:04', 'A', '0'),
(506, 183, 291, 1, 0.660, '2023-08-22 06:53:04', '2023-08-22 06:53:04', 'A', '0'),
(507, 185, 291, 1, 0.280, '2023-08-22 06:53:04', '2023-08-22 06:53:04', 'A', '0'),
(508, 181, 291, 1, 1.050, '2023-08-22 06:53:04', '2023-08-22 06:53:04', 'A', '0'),
(509, 227, 292, 1, 0.406, '2023-08-22 06:53:04', '2023-08-22 06:53:04', 'A', '200'),
(510, 273, 293, 1, 0.248, '2023-08-22 06:53:04', '2023-08-22 06:53:04', 'A', '200'),
(511, 276, 293, 1, 7.440, '2023-08-22 06:53:04', '2023-08-22 06:53:04', 'A', '200'),
(512, 273, 293, 1, 0.179, '2023-08-22 06:53:04', '2023-08-22 06:53:04', 'A', '200'),
(513, 337, 293, 1, 10.000, '2023-08-22 06:53:04', '2023-08-22 06:53:04', 'A', '200'),
(514, 261, 293, 1, 10.000, '2023-08-22 06:53:04', '2023-08-22 06:53:04', 'A', '200'),
(515, 147, 294, 1, 10.460, '2023-08-22 06:53:22', '2023-08-22 06:53:22', 'A', '-1'),
(516, 164, 294, 1, 10.460, '2023-08-22 06:53:22', '2023-08-22 06:53:22', 'A', '-1'),
(517, 178, 294, 1, 55.790, '2023-08-22 06:53:22', '2023-08-22 06:53:22', 'A', '-1'),
(518, 168, 294, 1, 17.500, '2023-08-22 06:53:22', '2023-08-22 06:53:22', 'A', '-1'),
(519, 182, 294, 1, 3.800, '2023-08-22 06:53:22', '2023-08-22 06:53:22', 'A', '-1'),
(520, 183, 294, 1, 0.660, '2023-08-22 06:53:22', '2023-08-22 06:53:22', 'A', '-1'),
(521, 185, 294, 1, 0.280, '2023-08-22 06:53:22', '2023-08-22 06:53:22', 'A', '-1'),
(522, 181, 294, 1, 1.050, '2023-08-22 06:53:22', '2023-08-22 06:53:22', 'A', '-1'),
(523, 227, 295, 1, 0.406, '2023-08-22 06:53:22', '2023-08-22 06:53:22', 'A', '202'),
(524, 273, 296, 1, 0.248, '2023-08-22 06:53:22', '2023-08-22 06:53:22', 'A', '202'),
(525, 276, 296, 1, 7.440, '2023-08-22 06:53:22', '2023-08-22 06:53:22', 'A', '202'),
(526, 273, 296, 1, 0.179, '2023-08-22 06:53:22', '2023-08-22 06:53:22', 'A', '202'),
(527, 337, 296, 1, 10.000, '2023-08-22 06:53:22', '2023-08-22 06:53:22', 'A', '202'),
(528, 261, 296, 1, 10.000, '2023-08-22 06:53:22', '2023-08-22 06:53:22', 'A', '202'),
(529, 147, 297, 1, 10.460, '2023-08-22 07:02:00', '2023-08-22 07:02:00', 'A', '-1'),
(530, 164, 297, 1, 10.460, '2023-08-22 07:02:00', '2023-08-22 07:02:00', 'A', '-1'),
(531, 178, 297, 1, 55.790, '2023-08-22 07:02:00', '2023-08-22 07:02:00', 'A', '-1'),
(532, 168, 297, 1, 17.500, '2023-08-22 07:02:00', '2023-08-22 07:02:00', 'A', '-1'),
(533, 182, 297, 1, 3.800, '2023-08-22 07:02:00', '2023-08-22 07:02:00', 'A', '-1'),
(534, 183, 297, 1, 0.660, '2023-08-22 07:02:00', '2023-08-22 07:02:00', 'A', '-1'),
(535, 185, 297, 1, 0.280, '2023-08-22 07:02:00', '2023-08-22 07:02:00', 'A', '-1'),
(536, 181, 297, 1, 1.050, '2023-08-22 07:02:00', '2023-08-22 07:02:00', 'A', '-1'),
(537, 147, 299, 1, 10.460, '2023-08-22 07:02:22', '2023-08-22 07:02:22', 'A', '-1'),
(538, 164, 299, 1, 10.460, '2023-08-22 07:02:22', '2023-08-22 07:02:22', 'A', '-1'),
(539, 178, 299, 1, 55.790, '2023-08-22 07:02:22', '2023-08-22 07:02:22', 'A', '-1'),
(540, 168, 299, 1, 17.500, '2023-08-22 07:02:22', '2023-08-22 07:02:22', 'A', '-1'),
(541, 182, 299, 1, 3.800, '2023-08-22 07:02:22', '2023-08-22 07:02:22', 'A', '-1'),
(542, 183, 299, 1, 0.660, '2023-08-22 07:02:22', '2023-08-22 07:02:22', 'A', '-1'),
(543, 185, 299, 1, 0.280, '2023-08-22 07:02:22', '2023-08-22 07:02:22', 'A', '-1'),
(544, 181, 299, 1, 1.050, '2023-08-22 07:02:22', '2023-08-22 07:02:22', 'A', '-1'),
(545, 147, 301, 1, 10.460, '2023-08-22 07:03:16', '2023-08-22 07:03:16', 'A', '-1'),
(546, 164, 301, 1, 10.460, '2023-08-22 07:03:16', '2023-08-22 07:03:16', 'A', '-1'),
(547, 178, 301, 1, 55.790, '2023-08-22 07:03:16', '2023-08-22 07:03:16', 'A', '-1'),
(548, 168, 301, 1, 17.500, '2023-08-22 07:03:16', '2023-08-22 07:03:16', 'A', '-1'),
(549, 182, 301, 1, 3.800, '2023-08-22 07:03:16', '2023-08-22 07:03:16', 'A', '-1'),
(550, 183, 301, 1, 0.660, '2023-08-22 07:03:16', '2023-08-22 07:03:16', 'A', '-1'),
(551, 185, 301, 1, 0.280, '2023-08-22 07:03:16', '2023-08-22 07:03:16', 'A', '-1'),
(552, 181, 301, 1, 1.050, '2023-08-22 07:03:16', '2023-08-22 07:03:16', 'A', '-1'),
(553, 227, 302, 1, 0.406, '2023-08-22 07:03:16', '2023-08-22 07:03:16', 'A', '208'),
(554, 276, 303, 1, 7.440, '2023-08-22 07:03:16', '2023-08-22 07:03:16', 'A', '208'),
(555, 273, 303, 1, 0.179, '2023-08-22 07:03:16', '2023-08-22 07:03:16', 'A', '208'),
(556, 147, 304, 1, 10.460, '2023-08-22 07:07:24', '2023-08-22 07:07:24', 'A', '-1'),
(557, 164, 304, 1, 10.460, '2023-08-22 07:07:24', '2023-08-22 07:07:24', 'A', '-1'),
(558, 178, 304, 1, 55.790, '2023-08-22 07:07:24', '2023-08-22 07:07:24', 'A', '-1'),
(559, 168, 304, 1, 17.500, '2023-08-22 07:07:24', '2023-08-22 07:07:24', 'A', '-1'),
(560, 182, 304, 1, 3.800, '2023-08-22 07:07:24', '2023-08-22 07:07:24', 'A', '-1'),
(561, 183, 304, 1, 0.660, '2023-08-22 07:07:24', '2023-08-22 07:07:24', 'A', '-1'),
(562, 185, 304, 1, 0.280, '2023-08-22 07:07:24', '2023-08-22 07:07:24', 'A', '-1'),
(563, 181, 304, 1, 1.050, '2023-08-22 07:07:24', '2023-08-22 07:07:24', 'A', '-1'),
(564, 227, 305, 1, 0.406, '2023-08-22 07:07:24', '2023-08-22 07:07:24', 'A', '216'),
(565, 147, 307, 1, 10.460, '2023-08-22 07:07:56', '2023-08-22 07:07:56', 'A', '-1'),
(566, 164, 307, 1, 10.460, '2023-08-22 07:07:56', '2023-08-22 07:07:56', 'A', '-1'),
(567, 178, 307, 1, 55.790, '2023-08-22 07:07:56', '2023-08-22 07:07:56', 'A', '-1'),
(568, 168, 307, 1, 17.500, '2023-08-22 07:07:56', '2023-08-22 07:07:56', 'A', '-1'),
(569, 182, 307, 1, 3.800, '2023-08-22 07:07:56', '2023-08-22 07:07:56', 'A', '-1'),
(570, 183, 307, 1, 0.660, '2023-08-22 07:07:56', '2023-08-22 07:07:56', 'A', '-1'),
(571, 185, 307, 1, 0.280, '2023-08-22 07:07:56', '2023-08-22 07:07:56', 'A', '-1'),
(572, 181, 307, 1, 1.050, '2023-08-22 07:07:56', '2023-08-22 07:07:56', 'A', '-1'),
(573, 227, 308, 1, 0.406, '2023-08-22 07:07:56', '2023-08-22 07:07:56', 'A', '218'),
(574, 276, 309, 1, 7.440, '2023-08-22 07:07:56', '2023-08-22 07:07:56', 'A', '218'),
(575, 273, 309, 1, 0.179, '2023-08-22 07:07:56', '2023-08-22 07:07:56', 'A', '218'),
(576, 147, 310, 1, 10.460, '2023-08-22 07:08:46', '2023-08-22 07:08:46', 'A', '-1'),
(577, 164, 310, 1, 10.460, '2023-08-22 07:08:46', '2023-08-22 07:08:46', 'A', '-1'),
(578, 178, 310, 1, 55.790, '2023-08-22 07:08:46', '2023-08-22 07:08:46', 'A', '-1'),
(579, 168, 310, 1, 17.500, '2023-08-22 07:08:46', '2023-08-22 07:08:46', 'A', '-1'),
(580, 182, 310, 1, 3.800, '2023-08-22 07:08:46', '2023-08-22 07:08:46', 'A', '-1'),
(581, 183, 310, 1, 0.660, '2023-08-22 07:08:46', '2023-08-22 07:08:46', 'A', '-1'),
(582, 185, 310, 1, 0.280, '2023-08-22 07:08:46', '2023-08-22 07:08:46', 'A', '-1'),
(583, 181, 310, 1, 1.050, '2023-08-22 07:08:46', '2023-08-22 07:08:46', 'A', '-1'),
(584, 227, 311, 1, 0.406, '2023-08-22 07:08:46', '2023-08-22 07:08:46', 'A', '220'),
(585, 147, 313, 1, 10.460, '2023-08-22 07:09:24', '2023-08-22 07:09:24', 'A', '-1'),
(586, 164, 313, 1, 10.460, '2023-08-22 07:09:24', '2023-08-22 07:09:24', 'A', '-1'),
(587, 178, 313, 1, 55.790, '2023-08-22 07:09:24', '2023-08-22 07:09:24', 'A', '-1'),
(588, 168, 313, 1, 17.500, '2023-08-22 07:09:24', '2023-08-22 07:09:24', 'A', '-1'),
(589, 182, 313, 1, 3.800, '2023-08-22 07:09:24', '2023-08-22 07:09:24', 'A', '-1'),
(590, 183, 313, 1, 0.660, '2023-08-22 07:09:24', '2023-08-22 07:09:24', 'A', '-1'),
(591, 185, 313, 1, 0.280, '2023-08-22 07:09:24', '2023-08-22 07:09:24', 'A', '-1'),
(592, 181, 313, 1, 1.050, '2023-08-22 07:09:24', '2023-08-22 07:09:24', 'A', '-1'),
(593, 227, 314, 1, 0.406, '2023-08-22 07:09:24', '2023-08-22 07:09:24', 'A', '222'),
(594, 276, 315, 1, 7.440, '2023-08-22 07:09:24', '2023-08-22 07:09:24', 'A', '222'),
(595, 273, 315, 1, 0.179, '2023-08-22 07:09:24', '2023-08-22 07:09:24', 'A', '222'),
(596, 147, 316, 1, 10.460, '2023-08-22 07:09:42', '2023-08-22 07:09:42', 'A', '-1'),
(597, 164, 316, 1, 10.460, '2023-08-22 07:09:42', '2023-08-22 07:09:42', 'A', '-1'),
(598, 178, 316, 1, 55.790, '2023-08-22 07:09:42', '2023-08-22 07:09:42', 'A', '-1'),
(599, 168, 316, 1, 17.500, '2023-08-22 07:09:42', '2023-08-22 07:09:42', 'A', '-1'),
(600, 182, 316, 1, 3.800, '2023-08-22 07:09:42', '2023-08-22 07:09:42', 'A', '-1'),
(601, 183, 316, 1, 0.660, '2023-08-22 07:09:42', '2023-08-22 07:09:42', 'A', '-1'),
(602, 185, 316, 1, 0.280, '2023-08-22 07:09:42', '2023-08-22 07:09:42', 'A', '-1'),
(603, 181, 316, 1, 1.050, '2023-08-22 07:09:42', '2023-08-22 07:09:42', 'A', '-1'),
(604, 227, 317, 1, 0.406, '2023-08-22 07:09:42', '2023-08-22 07:09:42', 'A', '224'),
(605, 147, 319, 1, 10.460, '2023-08-22 07:10:53', '2023-08-22 07:10:53', 'A', '-1'),
(606, 164, 319, 1, 10.460, '2023-08-22 07:10:53', '2023-08-22 07:10:53', 'A', '-1'),
(607, 178, 319, 1, 55.790, '2023-08-22 07:10:53', '2023-08-22 07:10:53', 'A', '-1'),
(608, 168, 319, 1, 17.500, '2023-08-22 07:10:53', '2023-08-22 07:10:53', 'A', '-1'),
(609, 182, 319, 1, 3.800, '2023-08-22 07:10:53', '2023-08-22 07:10:53', 'A', '-1'),
(610, 183, 319, 1, 0.660, '2023-08-22 07:10:53', '2023-08-22 07:10:53', 'A', '-1'),
(611, 185, 319, 1, 0.280, '2023-08-22 07:10:53', '2023-08-22 07:10:53', 'A', '-1'),
(612, 181, 319, 1, 1.050, '2023-08-22 07:10:53', '2023-08-22 07:10:53', 'A', '-1'),
(613, 227, 320, 1, 0.406, '2023-08-22 07:10:53', '2023-08-22 07:10:53', 'A', '226'),
(614, 147, 322, 1, 10.460, '2023-08-22 07:13:45', '2023-08-22 07:13:45', 'A', '-1'),
(615, 164, 322, 1, 10.460, '2023-08-22 07:13:45', '2023-08-22 07:13:45', 'A', '-1'),
(616, 178, 322, 1, 55.790, '2023-08-22 07:13:45', '2023-08-22 07:13:45', 'A', '-1'),
(617, 168, 322, 1, 17.500, '2023-08-22 07:13:45', '2023-08-22 07:13:45', 'A', '-1'),
(618, 182, 322, 1, 3.800, '2023-08-22 07:13:45', '2023-08-22 07:13:45', 'A', '-1'),
(619, 183, 322, 1, 0.660, '2023-08-22 07:13:45', '2023-08-22 07:13:45', 'A', '-1'),
(620, 185, 322, 1, 0.280, '2023-08-22 07:13:45', '2023-08-22 07:13:45', 'A', '-1'),
(621, 181, 322, 1, 1.050, '2023-08-22 07:13:45', '2023-08-22 07:13:45', 'A', '-1'),
(622, 227, 323, 1, 0.406, '2023-08-22 07:13:45', '2023-08-22 07:13:45', 'A', '228'),
(623, 276, 324, 1, 7.440, '2023-08-22 07:13:45', '2023-08-22 07:13:45', 'A', '227'),
(624, 273, 324, 1, 0.179, '2023-08-22 07:13:45', '2023-08-22 07:13:45', 'A', '228'),
(625, 147, 325, 1, 10.460, '2023-08-22 07:15:29', '2023-08-22 07:15:29', 'A', '-1'),
(626, 164, 325, 1, 10.460, '2023-08-22 07:15:29', '2023-08-22 07:15:29', 'A', '-1');
INSERT INTO `requisicion_detalle` (`id`, `idProdt`, `idReq`, `idReqDetEst`, `canReqDet`, `fecCreReqDet`, `fecActReqDet`, `estReg`, `idProdFin`) VALUES
(627, 178, 325, 1, 55.790, '2023-08-22 07:15:29', '2023-08-22 07:15:29', 'A', '-1'),
(628, 168, 325, 1, 17.500, '2023-08-22 07:15:29', '2023-08-22 07:15:29', 'A', '-1'),
(629, 182, 325, 1, 3.800, '2023-08-22 07:15:29', '2023-08-22 07:15:29', 'A', '-1'),
(630, 183, 325, 1, 0.660, '2023-08-22 07:15:29', '2023-08-22 07:15:29', 'A', '-1'),
(631, 185, 325, 1, 0.280, '2023-08-22 07:15:29', '2023-08-22 07:15:29', 'A', '-1'),
(632, 181, 325, 1, 1.050, '2023-08-22 07:15:29', '2023-08-22 07:15:29', 'A', '-1'),
(633, 227, 326, 1, 0.406, '2023-08-22 07:15:29', '2023-08-22 07:15:29', 'A', '229'),
(634, 276, 327, 1, 7.440, '2023-08-22 07:15:29', '2023-08-22 07:15:29', 'A', '229'),
(635, 273, 327, 1, 0.179, '2023-08-22 07:15:29', '2023-08-22 07:15:29', 'A', '230'),
(636, 147, 328, 1, 10.460, '2023-08-22 07:23:07', '2023-08-22 07:23:07', 'A', '-1'),
(637, 164, 328, 1, 10.460, '2023-08-22 07:23:07', '2023-08-22 07:23:07', 'A', '-1'),
(638, 178, 328, 1, 55.790, '2023-08-22 07:23:07', '2023-08-22 07:23:07', 'A', '-1'),
(639, 168, 328, 1, 17.500, '2023-08-22 07:23:07', '2023-08-22 07:23:07', 'A', '-1'),
(640, 182, 328, 1, 3.800, '2023-08-22 07:23:07', '2023-08-22 07:23:07', 'A', '-1'),
(641, 183, 328, 1, 0.660, '2023-08-22 07:23:07', '2023-08-22 07:23:07', 'A', '-1'),
(642, 185, 328, 1, 0.280, '2023-08-22 07:23:07', '2023-08-22 07:23:07', 'A', '-1'),
(643, 181, 328, 1, 1.050, '2023-08-22 07:23:07', '2023-08-22 07:23:07', 'A', '-1'),
(644, 227, 329, 1, 0.163, '2023-08-22 07:23:07', '2023-08-22 07:23:07', 'A', '231'),
(645, 273, 330, 1, 0.099, '2023-08-22 07:23:07', '2023-08-22 07:23:07', 'A', '231'),
(646, 276, 330, 1, 2.976, '2023-08-22 07:23:07', '2023-08-22 07:23:07', 'A', '231'),
(647, 273, 330, 1, 0.071, '2023-08-22 07:23:07', '2023-08-22 07:23:07', 'A', '232'),
(648, 337, 330, 1, 4.000, '2023-08-22 07:23:07', '2023-08-22 07:23:07', 'A', '232'),
(649, 261, 330, 1, 4.000, '2023-08-22 07:23:07', '2023-08-22 07:23:07', 'A', '232'),
(650, 147, 331, 1, 10.460, '2023-08-22 07:27:49', '2023-08-22 07:27:49', 'A', '-1'),
(651, 164, 331, 1, 10.460, '2023-08-22 07:27:49', '2023-08-22 07:27:49', 'A', '-1'),
(652, 178, 331, 1, 55.790, '2023-08-22 07:27:49', '2023-08-22 07:27:49', 'A', '-1'),
(653, 168, 331, 1, 17.500, '2023-08-22 07:27:49', '2023-08-22 07:27:49', 'A', '-1'),
(654, 182, 331, 1, 3.800, '2023-08-22 07:27:49', '2023-08-22 07:27:49', 'A', '-1'),
(655, 183, 331, 1, 0.660, '2023-08-22 07:27:49', '2023-08-22 07:27:49', 'A', '-1'),
(656, 185, 331, 1, 0.280, '2023-08-22 07:27:49', '2023-08-22 07:27:49', 'A', '-1'),
(657, 181, 331, 1, 1.050, '2023-08-22 07:27:49', '2023-08-22 07:27:49', 'A', '-1'),
(658, 227, 332, 1, 0.163, '2023-08-22 07:27:49', '2023-08-22 07:27:49', 'A', '233'),
(659, 273, 333, 1, 0.099, '2023-08-22 07:27:49', '2023-08-22 07:27:49', 'A', '233'),
(660, 276, 333, 1, 2.976, '2023-08-22 07:27:49', '2023-08-22 07:27:49', 'A', '233'),
(661, 273, 333, 1, 0.071, '2023-08-22 07:27:49', '2023-08-22 07:27:49', 'A', '234'),
(662, 337, 333, 1, 4.000, '2023-08-22 07:27:49', '2023-08-22 07:27:49', 'A', '234'),
(663, 261, 333, 1, 4.000, '2023-08-22 07:27:49', '2023-08-22 07:27:49', 'A', '234'),
(664, 147, 334, 1, 10.460, '2023-08-22 07:29:09', '2023-08-22 07:29:09', 'A', '-1'),
(665, 164, 334, 1, 10.460, '2023-08-22 07:29:09', '2023-08-22 07:29:09', 'A', '-1'),
(666, 178, 334, 1, 55.790, '2023-08-22 07:29:09', '2023-08-22 07:29:09', 'A', '-1'),
(667, 168, 334, 1, 17.500, '2023-08-22 07:29:09', '2023-08-22 07:29:09', 'A', '-1'),
(668, 182, 334, 1, 3.800, '2023-08-22 07:29:09', '2023-08-22 07:29:09', 'A', '-1'),
(669, 183, 334, 1, 0.660, '2023-08-22 07:29:09', '2023-08-22 07:29:09', 'A', '-1'),
(670, 185, 334, 1, 0.280, '2023-08-22 07:29:09', '2023-08-22 07:29:09', 'A', '-1'),
(671, 181, 334, 1, 1.050, '2023-08-22 07:29:09', '2023-08-22 07:29:09', 'A', '-1'),
(672, 227, 335, 1, 0.163, '2023-08-22 07:29:09', '2023-08-22 07:29:09', 'A', '235'),
(673, 273, 336, 1, 0.099, '2023-08-22 07:29:09', '2023-08-22 07:29:09', 'A', '235'),
(674, 276, 336, 1, 2.976, '2023-08-22 07:29:09', '2023-08-22 07:29:09', 'A', '235'),
(675, 273, 336, 1, 0.071, '2023-08-22 07:29:09', '2023-08-22 07:29:09', 'A', '236'),
(676, 337, 336, 1, 4.000, '2023-08-22 07:29:09', '2023-08-22 07:29:09', 'A', '236'),
(677, 261, 336, 1, 4.000, '2023-08-22 07:29:09', '2023-08-22 07:29:09', 'A', '236'),
(678, 147, 337, 1, 10.460, '2023-08-22 07:29:14', '2023-08-22 07:29:14', 'A', '-1'),
(679, 164, 337, 1, 10.460, '2023-08-22 07:29:14', '2023-08-22 07:29:14', 'A', '-1'),
(680, 178, 337, 1, 55.790, '2023-08-22 07:29:14', '2023-08-22 07:29:14', 'A', '-1'),
(681, 168, 337, 1, 17.500, '2023-08-22 07:29:14', '2023-08-22 07:29:14', 'A', '-1'),
(682, 182, 337, 1, 3.800, '2023-08-22 07:29:14', '2023-08-22 07:29:14', 'A', '-1'),
(683, 183, 337, 1, 0.660, '2023-08-22 07:29:14', '2023-08-22 07:29:14', 'A', '-1'),
(684, 185, 337, 1, 0.280, '2023-08-22 07:29:14', '2023-08-22 07:29:14', 'A', '-1'),
(685, 181, 337, 1, 1.050, '2023-08-22 07:29:14', '2023-08-22 07:29:14', 'A', '-1'),
(686, 227, 338, 1, 0.163, '2023-08-22 07:29:14', '2023-08-22 07:29:14', 'A', '237'),
(687, 273, 339, 1, 0.099, '2023-08-22 07:29:14', '2023-08-22 07:29:14', 'A', '237'),
(688, 276, 339, 1, 2.976, '2023-08-22 07:29:14', '2023-08-22 07:29:14', 'A', '237'),
(689, 273, 339, 1, 0.071, '2023-08-22 07:29:14', '2023-08-22 07:29:14', 'A', '238'),
(690, 337, 339, 1, 4.000, '2023-08-22 07:29:14', '2023-08-22 07:29:14', 'A', '238'),
(691, 261, 339, 1, 4.000, '2023-08-22 07:29:14', '2023-08-22 07:29:14', 'A', '238'),
(692, 147, 340, 1, 10.460, '2023-08-22 07:29:27', '2023-08-22 07:29:27', 'A', '-1'),
(693, 164, 340, 1, 10.460, '2023-08-22 07:29:27', '2023-08-22 07:29:27', 'A', '-1'),
(694, 178, 340, 1, 55.790, '2023-08-22 07:29:27', '2023-08-22 07:29:27', 'A', '-1'),
(695, 168, 340, 1, 17.500, '2023-08-22 07:29:27', '2023-08-22 07:29:27', 'A', '-1'),
(696, 182, 340, 1, 3.800, '2023-08-22 07:29:27', '2023-08-22 07:29:27', 'A', '-1'),
(697, 183, 340, 1, 0.660, '2023-08-22 07:29:27', '2023-08-22 07:29:27', 'A', '-1'),
(698, 185, 340, 1, 0.280, '2023-08-22 07:29:27', '2023-08-22 07:29:27', 'A', '-1'),
(699, 181, 340, 1, 1.050, '2023-08-22 07:29:27', '2023-08-22 07:29:27', 'A', '-1'),
(700, 227, 341, 1, 0.163, '2023-08-22 07:29:27', '2023-08-22 07:29:27', 'A', '239'),
(701, 273, 342, 1, 0.099, '2023-08-22 07:29:27', '2023-08-22 07:29:27', 'A', '239'),
(702, 276, 342, 1, 2.976, '2023-08-22 07:29:27', '2023-08-22 07:29:27', 'A', '239'),
(703, 273, 342, 1, 0.071, '2023-08-22 07:29:27', '2023-08-22 07:29:27', 'A', '240'),
(704, 337, 342, 1, 4.000, '2023-08-22 07:29:27', '2023-08-22 07:29:27', 'A', '240'),
(705, 261, 342, 1, 4.000, '2023-08-22 07:29:27', '2023-08-22 07:29:27', 'A', '240'),
(706, 147, 343, 1, 10.460, '2023-08-22 07:29:31', '2023-08-22 07:29:31', 'A', '-1'),
(707, 164, 343, 1, 10.460, '2023-08-22 07:29:31', '2023-08-22 07:29:31', 'A', '-1'),
(708, 178, 343, 1, 55.790, '2023-08-22 07:29:31', '2023-08-22 07:29:31', 'A', '-1'),
(709, 168, 343, 1, 17.500, '2023-08-22 07:29:31', '2023-08-22 07:29:31', 'A', '-1'),
(710, 182, 343, 1, 3.800, '2023-08-22 07:29:31', '2023-08-22 07:29:31', 'A', '-1'),
(711, 183, 343, 1, 0.660, '2023-08-22 07:29:31', '2023-08-22 07:29:31', 'A', '-1'),
(712, 185, 343, 1, 0.280, '2023-08-22 07:29:31', '2023-08-22 07:29:31', 'A', '-1'),
(713, 181, 343, 1, 1.050, '2023-08-22 07:29:31', '2023-08-22 07:29:31', 'A', '-1'),
(714, 227, 344, 1, 0.163, '2023-08-22 07:29:31', '2023-08-22 07:29:31', 'A', '241'),
(715, 273, 345, 1, 0.099, '2023-08-22 07:29:31', '2023-08-22 07:29:31', 'A', '241'),
(716, 276, 345, 1, 2.976, '2023-08-22 07:29:31', '2023-08-22 07:29:31', 'A', '241'),
(717, 273, 345, 1, 0.071, '2023-08-22 07:29:31', '2023-08-22 07:29:31', 'A', '242'),
(718, 337, 345, 1, 4.000, '2023-08-22 07:29:31', '2023-08-22 07:29:31', 'A', '242'),
(719, 261, 345, 1, 4.000, '2023-08-22 07:29:31', '2023-08-22 07:29:31', 'A', '242'),
(720, 147, 346, 1, 10.460, '2023-08-22 07:29:46', '2023-08-22 07:29:46', 'A', '-1'),
(721, 164, 346, 1, 10.460, '2023-08-22 07:29:46', '2023-08-22 07:29:46', 'A', '-1'),
(722, 178, 346, 1, 55.790, '2023-08-22 07:29:46', '2023-08-22 07:29:46', 'A', '-1'),
(723, 168, 346, 1, 17.500, '2023-08-22 07:29:46', '2023-08-22 07:29:46', 'A', '-1'),
(724, 182, 346, 1, 3.800, '2023-08-22 07:29:46', '2023-08-22 07:29:46', 'A', '-1'),
(725, 183, 346, 1, 0.660, '2023-08-22 07:29:46', '2023-08-22 07:29:46', 'A', '-1'),
(726, 185, 346, 1, 0.280, '2023-08-22 07:29:46', '2023-08-22 07:29:46', 'A', '-1'),
(727, 181, 346, 1, 1.050, '2023-08-22 07:29:46', '2023-08-22 07:29:46', 'A', '-1'),
(728, 227, 347, 1, 0.163, '2023-08-22 07:29:46', '2023-08-22 07:29:46', 'A', '243'),
(729, 273, 348, 1, 0.099, '2023-08-22 07:29:46', '2023-08-22 07:29:46', 'A', '243'),
(730, 276, 348, 1, 2.976, '2023-08-22 07:29:46', '2023-08-22 07:29:46', 'A', '243'),
(731, 273, 348, 1, 0.071, '2023-08-22 07:29:46', '2023-08-22 07:29:46', 'A', '244'),
(732, 337, 348, 1, 4.000, '2023-08-22 07:29:46', '2023-08-22 07:29:46', 'A', '244'),
(733, 261, 348, 1, 4.000, '2023-08-22 07:29:46', '2023-08-22 07:29:46', 'A', '244'),
(734, 147, 349, 1, 10.460, '2023-08-22 07:29:47', '2023-08-22 07:29:47', 'A', '-1'),
(735, 164, 349, 1, 10.460, '2023-08-22 07:29:47', '2023-08-22 07:29:47', 'A', '-1'),
(736, 178, 349, 1, 55.790, '2023-08-22 07:29:47', '2023-08-22 07:29:47', 'A', '-1'),
(737, 168, 349, 1, 17.500, '2023-08-22 07:29:47', '2023-08-22 07:29:47', 'A', '-1'),
(738, 182, 349, 1, 3.800, '2023-08-22 07:29:47', '2023-08-22 07:29:47', 'A', '-1'),
(739, 183, 349, 1, 0.660, '2023-08-22 07:29:47', '2023-08-22 07:29:47', 'A', '-1'),
(740, 185, 349, 1, 0.280, '2023-08-22 07:29:47', '2023-08-22 07:29:47', 'A', '-1'),
(741, 181, 349, 1, 1.050, '2023-08-22 07:29:47', '2023-08-22 07:29:47', 'A', '-1'),
(742, 227, 350, 1, 0.163, '2023-08-22 07:29:47', '2023-08-22 07:29:47', 'A', '245'),
(743, 273, 351, 1, 0.099, '2023-08-22 07:29:47', '2023-08-22 07:29:47', 'A', '245'),
(744, 276, 351, 1, 2.976, '2023-08-22 07:29:47', '2023-08-22 07:29:47', 'A', '245'),
(745, 273, 351, 1, 0.071, '2023-08-22 07:29:47', '2023-08-22 07:29:47', 'A', '246'),
(746, 337, 351, 1, 4.000, '2023-08-22 07:29:47', '2023-08-22 07:29:47', 'A', '246'),
(747, 261, 351, 1, 4.000, '2023-08-22 07:29:47', '2023-08-22 07:29:47', 'A', '246'),
(748, 147, 352, 1, 10.460, '2023-08-22 07:29:48', '2023-08-22 07:29:48', 'A', '-1'),
(749, 164, 352, 1, 10.460, '2023-08-22 07:29:48', '2023-08-22 07:29:48', 'A', '-1'),
(750, 178, 352, 1, 55.790, '2023-08-22 07:29:48', '2023-08-22 07:29:48', 'A', '-1'),
(751, 168, 352, 1, 17.500, '2023-08-22 07:29:48', '2023-08-22 07:29:48', 'A', '-1'),
(752, 182, 352, 1, 3.800, '2023-08-22 07:29:48', '2023-08-22 07:29:48', 'A', '-1'),
(753, 183, 352, 1, 0.660, '2023-08-22 07:29:48', '2023-08-22 07:29:48', 'A', '-1'),
(754, 185, 352, 1, 0.280, '2023-08-22 07:29:48', '2023-08-22 07:29:48', 'A', '-1'),
(755, 181, 352, 1, 1.050, '2023-08-22 07:29:48', '2023-08-22 07:29:48', 'A', '-1'),
(756, 227, 353, 1, 0.163, '2023-08-22 07:29:48', '2023-08-22 07:29:48', 'A', '247'),
(757, 273, 354, 1, 0.099, '2023-08-22 07:29:48', '2023-08-22 07:29:48', 'A', '247'),
(758, 276, 354, 1, 2.976, '2023-08-22 07:29:48', '2023-08-22 07:29:48', 'A', '247'),
(759, 273, 354, 1, 0.071, '2023-08-22 07:29:48', '2023-08-22 07:29:48', 'A', '248'),
(760, 337, 354, 1, 4.000, '2023-08-22 07:29:48', '2023-08-22 07:29:48', 'A', '248'),
(761, 261, 354, 1, 4.000, '2023-08-22 07:29:48', '2023-08-22 07:29:48', 'A', '248'),
(762, 147, 355, 1, 10.460, '2023-08-22 07:29:50', '2023-08-22 07:29:50', 'A', '-1'),
(763, 164, 355, 1, 10.460, '2023-08-22 07:29:50', '2023-08-22 07:29:50', 'A', '-1'),
(764, 178, 355, 1, 55.790, '2023-08-22 07:29:50', '2023-08-22 07:29:50', 'A', '-1'),
(765, 168, 355, 1, 17.500, '2023-08-22 07:29:50', '2023-08-22 07:29:50', 'A', '-1'),
(766, 182, 355, 1, 3.800, '2023-08-22 07:29:50', '2023-08-22 07:29:50', 'A', '-1'),
(767, 183, 355, 1, 0.660, '2023-08-22 07:29:50', '2023-08-22 07:29:50', 'A', '-1'),
(768, 185, 355, 1, 0.280, '2023-08-22 07:29:50', '2023-08-22 07:29:50', 'A', '-1'),
(769, 181, 355, 1, 1.050, '2023-08-22 07:29:50', '2023-08-22 07:29:50', 'A', '-1'),
(770, 227, 356, 1, 0.163, '2023-08-22 07:29:50', '2023-08-22 07:29:50', 'A', '249'),
(771, 273, 357, 1, 0.099, '2023-08-22 07:29:50', '2023-08-22 07:29:50', 'A', '249'),
(772, 276, 357, 1, 2.976, '2023-08-22 07:29:50', '2023-08-22 07:29:50', 'A', '249'),
(773, 273, 357, 1, 0.071, '2023-08-22 07:29:50', '2023-08-22 07:29:50', 'A', '250'),
(774, 337, 357, 1, 4.000, '2023-08-22 07:29:50', '2023-08-22 07:29:50', 'A', '250'),
(775, 261, 357, 1, 4.000, '2023-08-22 07:29:50', '2023-08-22 07:29:50', 'A', '250'),
(776, 147, 358, 1, 10.460, '2023-08-22 07:29:51', '2023-08-22 07:29:51', 'A', '-1'),
(777, 164, 358, 1, 10.460, '2023-08-22 07:29:51', '2023-08-22 07:29:51', 'A', '-1'),
(778, 178, 358, 1, 55.790, '2023-08-22 07:29:51', '2023-08-22 07:29:51', 'A', '-1'),
(779, 168, 358, 1, 17.500, '2023-08-22 07:29:51', '2023-08-22 07:29:51', 'A', '-1'),
(780, 182, 358, 1, 3.800, '2023-08-22 07:29:51', '2023-08-22 07:29:51', 'A', '-1'),
(781, 183, 358, 1, 0.660, '2023-08-22 07:29:51', '2023-08-22 07:29:51', 'A', '-1'),
(782, 185, 358, 1, 0.280, '2023-08-22 07:29:51', '2023-08-22 07:29:51', 'A', '-1'),
(783, 181, 358, 1, 1.050, '2023-08-22 07:29:51', '2023-08-22 07:29:51', 'A', '-1'),
(784, 227, 359, 1, 0.163, '2023-08-22 07:29:51', '2023-08-22 07:29:51', 'A', '251'),
(785, 273, 360, 1, 0.099, '2023-08-22 07:29:51', '2023-08-22 07:29:51', 'A', '251'),
(786, 276, 360, 1, 2.976, '2023-08-22 07:29:51', '2023-08-22 07:29:51', 'A', '251'),
(787, 273, 360, 1, 0.071, '2023-08-22 07:29:51', '2023-08-22 07:29:51', 'A', '252'),
(788, 337, 360, 1, 4.000, '2023-08-22 07:29:51', '2023-08-22 07:29:51', 'A', '252'),
(789, 261, 360, 1, 4.000, '2023-08-22 07:29:51', '2023-08-22 07:29:51', 'A', '252'),
(790, 147, 361, 1, 10.460, '2023-08-22 07:29:53', '2023-08-22 07:29:53', 'A', '-1'),
(791, 164, 361, 1, 10.460, '2023-08-22 07:29:53', '2023-08-22 07:29:53', 'A', '-1'),
(792, 178, 361, 1, 55.790, '2023-08-22 07:29:53', '2023-08-22 07:29:53', 'A', '-1'),
(793, 168, 361, 1, 17.500, '2023-08-22 07:29:53', '2023-08-22 07:29:53', 'A', '-1'),
(794, 182, 361, 1, 3.800, '2023-08-22 07:29:53', '2023-08-22 07:29:53', 'A', '-1'),
(795, 183, 361, 1, 0.660, '2023-08-22 07:29:53', '2023-08-22 07:29:53', 'A', '-1'),
(796, 185, 361, 1, 0.280, '2023-08-22 07:29:53', '2023-08-22 07:29:53', 'A', '-1'),
(797, 181, 361, 1, 1.050, '2023-08-22 07:29:53', '2023-08-22 07:29:53', 'A', '-1'),
(798, 227, 362, 1, 0.163, '2023-08-22 07:29:53', '2023-08-22 07:29:53', 'A', '253'),
(799, 273, 363, 1, 0.099, '2023-08-22 07:29:53', '2023-08-22 07:29:53', 'A', '253'),
(800, 276, 363, 1, 2.976, '2023-08-22 07:29:53', '2023-08-22 07:29:53', 'A', '253'),
(801, 273, 363, 1, 0.071, '2023-08-22 07:29:53', '2023-08-22 07:29:53', 'A', '254'),
(802, 337, 363, 1, 4.000, '2023-08-22 07:29:53', '2023-08-22 07:29:53', 'A', '254'),
(803, 261, 363, 1, 4.000, '2023-08-22 07:29:53', '2023-08-22 07:29:53', 'A', '254');

-- --------------------------------------------------------

--
-- Estructura de tabla para la tabla `requisicion_detalle_estado`
--

CREATE TABLE `requisicion_detalle_estado` (
  `id` int(11) NOT NULL,
  `desReqDetEst` char(20) DEFAULT NULL,
  `estReg` char(1) DEFAULT 'A'
) ENGINE=InnoDB DEFAULT CHARSET=utf8 COLLATE=utf8_general_ci;

--
-- Volcado de datos para la tabla `requisicion_detalle_estado`
--

INSERT INTO `requisicion_detalle_estado` (`id`, `desReqDetEst`, `estReg`) VALUES
(1, 'Requerido', 'A'),
(2, 'Completado', 'A');

-- --------------------------------------------------------

--
-- Estructura de tabla para la tabla `requisicion_estado`
--

CREATE TABLE `requisicion_estado` (
  `id` int(11) NOT NULL,
  `desReqEst` char(20) DEFAULT NULL,
  `estReg` char(1) DEFAULT 'A'
) ENGINE=InnoDB DEFAULT CHARSET=utf8 COLLATE=utf8_general_ci;

--
-- Volcado de datos para la tabla `requisicion_estado`
--

INSERT INTO `requisicion_estado` (`id`, `desReqEst`, `estReg`) VALUES
(1, 'Requerido', 'A'),
(2, 'En proceso', 'A'),
(3, 'Completado', 'A'),
(4, 'Verificado', 'A');

-- --------------------------------------------------------

--
-- Estructura de tabla para la tabla `requisicion_seleccion`
--

CREATE TABLE `requisicion_seleccion` (
  `id` int(11) NOT NULL,
  `idReqSelEst` int(11) NOT NULL,
  `codLotSel` char(3) DEFAULT NULL,
  `codReqSel` char(12) DEFAULT NULL,
  `canReqSel` decimal(3,1) DEFAULT 1.0,
  `fecPedReqSel` datetime DEFAULT current_timestamp(),
  `fecTerReqSel` datetime DEFAULT NULL,
  `fecCreReqSel` datetime DEFAULT current_timestamp(),
  `fecActReqSel` datetime DEFAULT current_timestamp(),
  `estReg` char(1) DEFAULT 'A'
) ENGINE=InnoDB DEFAULT CHARSET=utf8 COLLATE=utf8_general_ci;

-- --------------------------------------------------------

--
-- Estructura de tabla para la tabla `requisicion_seleccion_detalle`
--

CREATE TABLE `requisicion_seleccion_detalle` (
  `id` int(11) NOT NULL,
  `idReqSel` int(11) NOT NULL,
  `idMatPri` int(11) NOT NULL,
  `idReqSelDetEst` int(11) NOT NULL,
  `canReqSelDet` decimal(7,2) DEFAULT NULL,
  `fecCreReqSelDet` datetime DEFAULT current_timestamp(),
  `fecActReqSelDet` datetime DEFAULT current_timestamp(),
  `estReg` char(1) DEFAULT 'A'
) ENGINE=InnoDB DEFAULT CHARSET=utf8 COLLATE=utf8_general_ci;

-- --------------------------------------------------------

--
-- Estructura de tabla para la tabla `requisicion_seleccion_detalle_estado`
--

CREATE TABLE `requisicion_seleccion_detalle_estado` (
  `id` int(11) NOT NULL,
  `desReqSelDetEst` char(20) DEFAULT NULL,
  `estReg` char(1) DEFAULT 'A'
) ENGINE=InnoDB DEFAULT CHARSET=utf8 COLLATE=utf8_general_ci;

--
-- Volcado de datos para la tabla `requisicion_seleccion_detalle_estado`
--

INSERT INTO `requisicion_seleccion_detalle_estado` (`id`, `desReqSelDetEst`, `estReg`) VALUES
(1, 'Requerido', 'A'),
(2, 'Por seleccionar', 'A'),
(3, 'En proceso', 'A'),
(4, 'Seleccionado', 'A');

-- --------------------------------------------------------

--
-- Estructura de tabla para la tabla `requisicion_seleccion_estado`
--

CREATE TABLE `requisicion_seleccion_estado` (
  `id` int(11) NOT NULL,
  `desReqSelEst` char(20) DEFAULT NULL,
  `estReg` char(1) DEFAULT 'A'
) ENGINE=InnoDB DEFAULT CHARSET=utf8 COLLATE=utf8_general_ci;

--
-- Volcado de datos para la tabla `requisicion_seleccion_estado`
--

INSERT INTO `requisicion_seleccion_estado` (`id`, `desReqSelEst`, `estReg`) VALUES
(1, 'Requerido', 'A'),
(2, 'En proceso', 'A'),
(3, 'Completado', 'A');

-- --------------------------------------------------------

--
-- Estructura de tabla para la tabla `rol_usuario`
--

CREATE TABLE `rol_usuario` (
  `id` int(11) NOT NULL,
  `desRolUsu` char(60) DEFAULT NULL,
  `estReg` char(1) DEFAULT 'A'
) ENGINE=InnoDB DEFAULT CHARSET=utf8 COLLATE=utf8_general_ci;

--
-- Volcado de datos para la tabla `rol_usuario`
--

INSERT INTO `rol_usuario` (`id`, `desRolUsu`, `estReg`) VALUES
(1, 'Administrador', 'A'),
(2, 'Trabajador', 'A');

-- --------------------------------------------------------

--
-- Estructura de tabla para la tabla `salida_entrada_seleccion`
--

CREATE TABLE `salida_entrada_seleccion` (
  `id` int(11) NOT NULL,
  `idEntSto` int(11) NOT NULL,
  `idReqSel` int(11) NOT NULL,
  `idMatPri` int(11) NOT NULL,
  `idSalEntSelEst` int(11) NOT NULL,
  `canSalStoReqSel` decimal(13,3) DEFAULT 0.000,
  `canEntStoReqSel` decimal(13,3) DEFAULT 0.000,
  `merReqSel` decimal(13,3) DEFAULT 0.000,
  `fecSalStoReqSel` datetime DEFAULT current_timestamp(),
  `fecEntStoReqSel` datetime DEFAULT NULL,
  `fecCreSalEntSel` datetime DEFAULT current_timestamp(),
  `fecActSalEntSel` datetime DEFAULT current_timestamp(),
  `estReg` char(1) DEFAULT 'A'
) ENGINE=InnoDB DEFAULT CHARSET=utf8 COLLATE=utf8_general_ci;

-- --------------------------------------------------------

--
-- Estructura de tabla para la tabla `salida_entrada_seleccion_estado`
--

CREATE TABLE `salida_entrada_seleccion_estado` (
  `id` int(11) NOT NULL,
  `desSalEntSalEst` char(20) DEFAULT NULL,
  `estReg` char(1) DEFAULT 'A'
) ENGINE=InnoDB DEFAULT CHARSET=utf8 COLLATE=utf8_general_ci;

--
-- Volcado de datos para la tabla `salida_entrada_seleccion_estado`
--

INSERT INTO `salida_entrada_seleccion_estado` (`id`, `desSalEntSalEst`, `estReg`) VALUES
(1, 'Salida realizada', 'A'),
(2, 'Retorno realizado', 'A');

-- --------------------------------------------------------

--
-- Estructura de tabla para la tabla `salida_stock`
--

CREATE TABLE `salida_stock` (
  `id` int(11) NOT NULL,
  `idEntSto` int(11) NOT NULL,
  `idReq` int(11) NOT NULL,
  `idProdt` int(11) NOT NULL,
  `idAlm` int(11) DEFAULT NULL,
  `idEstSalSto` int(11) NOT NULL,
  `docSalSto` char(20) DEFAULT NULL,
  `canSalStoReq` decimal(10,3) DEFAULT NULL,
  `merSalStoReq` decimal(10,3) DEFAULT 0.000,
  `fecSalStoReq` datetime DEFAULT current_timestamp(),
  `fecCreSalStoReq` datetime DEFAULT current_timestamp(),
  `fecActSalStoReq` datetime DEFAULT current_timestamp(),
  `estReg` char(1) DEFAULT 'A'
) ENGINE=InnoDB DEFAULT CHARSET=utf8 COLLATE=utf8_general_ci;

--
-- Volcado de datos para la tabla `salida_stock`
--

INSERT INTO `salida_stock` (`id`, `idEntSto`, `idReq`, `idProdt`, `idAlm`, `idEstSalSto`, `docSalSto`, `canSalStoReq`, `merSalStoReq`, `fecSalStoReq`, `fecCreSalStoReq`, `fecActSalStoReq`, `estReg`) VALUES
(6, 36, 8, 224, 3, 1, NULL, 88.630, 0.000, '2023-05-24 13:18:23', '2023-05-24 13:18:23', '2023-05-24 13:18:23', 'A'),
(7, 35, 9, 239, 4, 1, NULL, 4600.000, 0.000, '2023-05-24 14:46:12', '2023-05-24 14:46:12', '2023-05-24 14:46:12', 'A'),
(8, 24, 9, 273, 4, 1, NULL, 328.000, 0.000, '2023-05-24 14:46:46', '2023-05-24 14:46:46', '2023-05-24 14:46:46', 'A'),
(9, 21, 7, 167, 2, 1, NULL, 2700.000, 0.000, '2023-05-24 14:47:09', '2023-05-24 14:47:09', '2023-05-24 14:47:09', 'A'),
(10, 21, 46, 167, 2, 1, NULL, 2047.050, 0.000, '2023-08-04 11:59:06', '2023-08-04 11:59:06', '2023-08-04 11:59:06', 'A'),
(11, 36, 47, 224, 3, 1, NULL, 265.000, 0.000, '2023-08-04 12:00:39', '2023-08-04 12:00:39', '2023-08-04 12:00:39', 'A'),
(12, 24, 48, 273, 4, 1, NULL, 347.000, 0.000, '2023-08-04 12:04:04', '2023-08-04 12:04:04', '2023-08-04 12:04:04', 'A'),
(13, 24, 48, 273, 4, 1, NULL, 1.000, 0.000, '2023-08-04 12:04:12', '2023-08-04 12:04:12', '2023-08-04 12:04:12', 'A'),
(14, 20, 74, 181, 2, 1, NULL, 77.532, 0.000, '2023-08-17 12:02:53', '2023-08-17 12:02:53', '2023-08-17 12:02:53', 'A');

-- --------------------------------------------------------

--
-- Estructura de tabla para la tabla `salida_stock_estado`
--

CREATE TABLE `salida_stock_estado` (
  `id` int(11) NOT NULL,
  `desSalStoEst` char(30) DEFAULT NULL,
  `estReg` char(1) DEFAULT 'A'
) ENGINE=InnoDB DEFAULT CHARSET=utf8 COLLATE=utf8_general_ci;

--
-- Volcado de datos para la tabla `salida_stock_estado`
--

INSERT INTO `salida_stock_estado` (`id`, `desSalStoEst`, `estReg`) VALUES
(1, 'Completado', 'A'),
(2, 'Incompleto', 'A');

-- --------------------------------------------------------

--
-- Estructura de tabla para la tabla `sub_clase`
--

CREATE TABLE `sub_clase` (
  `id` int(11) NOT NULL,
  `idCla` int(11) NOT NULL,
  `codSubCla` char(4) DEFAULT NULL,
  `desSubCla` char(60) DEFAULT NULL,
  `estReg` char(1) DEFAULT 'A'
) ENGINE=InnoDB DEFAULT CHARSET=utf8 COLLATE=utf8_general_ci;

--
-- Volcado de datos para la tabla `sub_clase`
--

INSERT INTO `sub_clase` (`id`, `idCla`, `codSubCla`, `desSubCla`, `estReg`) VALUES
(1, 1, '2401', 'FRESCO SIN SELECCIONAR', 'A'),
(2, 1, '2402', 'MM-PP SIN SELECCIONAR', 'A'),
(3, 1, '2403', 'MM-PP SELECCIONADO', 'A'),
(4, 1, '2404', 'PRODUCTO INTERMEDIO', 'A'),
(5, 1, '2405', 'INSUMO', 'A'),
(6, 1, '2406', 'PRODUCTO TP', 'A'),
(7, 2, '2101', 'DISPLAY X 42 SBS', 'A'),
(8, 2, '2102', 'DISPLAY X 27 SBS', 'A'),
(9, 2, '2103', 'DISPLAY X 84 SBS', 'A'),
(10, 2, '2104', 'DISPLAY X 100 SBS', 'A'),
(11, 2, '2105', 'DISPLAY X 126 SBS', 'A'),
(12, 2, '2106', 'PAQUETES X 02 SBS', 'A'),
(13, 2, '2107', 'FRASCOS', 'A'),
(14, 2, '2108', 'BOLSA X 42 SBS', 'A'),
(15, 2, '2109', 'BOLSA X 250 GRS', 'A'),
(16, 2, '2110', 'BOLSA X 500 GRS', 'A'),
(17, 2, '2111', 'BOLSA X 01 KGM', 'A'),
(18, 2, '2112', 'BOLSA X 05 KGM', 'A'),
(19, 2, '2113', 'FRESCO-DISPLAY X 24 SBS', 'A'),
(20, 2, '2114', 'FRESCO-TAPER X 24 SBS', 'A'),
(21, 2, '2115', 'FRESCO-PAQUETES X 03 SBS', 'A'),
(22, 2, '2116', 'BATAN-PAQUETES X 03 SBS', 'A'),
(23, 2, '2117', 'SALES PARRILLERAS', 'A'),
(24, 2, '2118', 'IRRADIADOS FRASCOS', 'A'),
(25, 2, '2119', 'IRRADIADOS SOBRES', 'A'),
(26, 2, '2120', 'IRRADIADOS SALES', 'A'),
(27, 3, '2601', 'ENV. IMPRESA DE 600 MM', 'A'),
(28, 3, '2602', 'ENV. CRISTAL 25U 300 MM', 'A'),
(29, 3, '2603', 'LAMINA PET BARVAL 300 MM', 'A'),
(30, 3, '2604', 'DISPLAY X 42 SBS', 'A'),
(31, 3, '2605', 'DISPLAY X 27 SBS', 'A'),
(32, 3, '2606', 'DISPLAY X 24 SBS', 'A'),
(33, 3, '2607', 'TAPERS', 'A'),
(34, 3, '2608', 'FRASCOS', 'A'),
(35, 3, '2609', 'BOLSAS', 'A'),
(36, 3, '2610', 'BOLSAS PPP', 'A'),
(37, 3, '2611', 'BOLSAS VARIOS', 'A'),
(38, 3, '2612', 'CAJAS', 'A'),
(39, 3, '2613', 'BOLSA POLIOLEFINA', 'A'),
(40, 3, '2614', 'EMBALAJES', 'A'),
(41, 3, '2501', 'CDG. DE BARRAS', 'A'),
(42, 3, '2502', 'DUN-14', 'A'),
(43, 3, '2503', 'ETQ. BARNIZADO', 'A'),
(44, 3, '2504', 'STICKERS REDONDOS 10.5X10.5 - 250', 'A'),
(45, 3, '2505', 'STICKERS REDONDOS 10.5X10.5 - 500', 'A'),
(46, 3, '2506', 'STICKERS REDONDOS 10.5X10.5 - 1KG', 'A'),
(47, 3, '2507', 'STICKERS REDONDOS 10.5X10.5 - 5KG', 'A'),
(48, 3, '2508', 'STICKERS TROQUELADO 20.6X7.6', 'A'),
(49, 3, '2509', 'AUXILIARES', 'A'),
(50, 4, '2301', 'FRESCO', 'A'),
(51, 4, '2302', 'POLVO', 'A'),
(52, 4, '2303', 'PRODUCTO TP', 'A'),
(53, 4, '2304', 'SAL PARRILLERA', 'A'),
(54, 5, '2001', 'ALIMENTOS DIFERENTES', 'A'),
(55, 5, '2002', 'ARTEFACTOS TECNOLOGICOS', 'A'),
(56, 5, '2003', 'MENAJERIA', 'A'),
(57, 5, '2004', 'PUBLICIDAD', 'A'),
(58, 5, '2005', 'ROPA DE CAMA', 'A');

-- --------------------------------------------------------

--
-- Estructura de tabla para la tabla `sub_sub_clase`
--

CREATE TABLE `sub_sub_clase` (
  `id` int(11) NOT NULL,
  `idSubCla` int(11) NOT NULL,
  `codSubSubCla` char(4) DEFAULT NULL,
  `desSubSubCla` char(60) DEFAULT NULL,
  `estReg` char(1) DEFAULT 'A'
) ENGINE=InnoDB DEFAULT CHARSET=utf8 COLLATE=utf8_general_ci;

-- --------------------------------------------------------

--
-- Estructura de tabla para la tabla `transferencia_almacenes`
--

CREATE TABLE `transferencia_almacenes` (
  `id` int(11) NOT NULL,
  `idAlmSal` int(11) NOT NULL,
  `idAlmDes` int(11) NOT NULL,
  `fecCreTraAlm` datetime DEFAULT current_timestamp(),
  `fecActTraAlm` datetime DEFAULT current_timestamp(),
  `estReg` char(1) DEFAULT 'A'
) ENGINE=InnoDB DEFAULT CHARSET=utf8 COLLATE=utf8_general_ci;

-- --------------------------------------------------------

--
-- Estructura de tabla para la tabla `transferencia_almacenes_detalle`
--

CREATE TABLE `transferencia_almacenes_detalle` (
  `id` int(11) NOT NULL,
  `idTraAlm` int(11) NOT NULL,
  `idProd` int(11) NOT NULL,
  `canTraAlmDet` decimal(10,3) DEFAULT NULL,
  `fecCreTraAlmDet` datetime DEFAULT current_timestamp(),
  `fecActTraAlmDet` datetime DEFAULT current_timestamp(),
  `estReg` char(1) DEFAULT 'A'
) ENGINE=InnoDB DEFAULT CHARSET=utf8 COLLATE=utf8_general_ci;

-- --------------------------------------------------------

--
-- Estructura de tabla para la tabla `usuario`
--

CREATE TABLE `usuario` (
  `id` int(11) NOT NULL,
  `idRolUsu` int(11) NOT NULL,
  `idAre` int(11) NOT NULL,
  `nomUsu` char(100) DEFAULT NULL,
  `apeUsu` char(100) DEFAULT NULL,
  `useUsu` char(100) DEFAULT NULL,
  `pasUsu` char(255) DEFAULT NULL,
  `fecCreUsu` datetime DEFAULT current_timestamp(),
  `fecActUsu` datetime DEFAULT current_timestamp(),
  `estReg` char(1) DEFAULT 'A'
) ENGINE=InnoDB DEFAULT CHARSET=utf8 COLLATE=utf8_general_ci;

--
-- Volcado de datos para la tabla `usuario`
--

INSERT INTO `usuario` (`id`, `idRolUsu`, `idAre`, `nomUsu`, `apeUsu`, `useUsu`, `pasUsu`, `fecCreUsu`, `fecActUsu`, `estReg`) VALUES
(1, 2, 1, 'Almacen test', 'Almacen test', 'almacen', 'almacen', '2023-02-13 00:00:00', '2023-02-13 00:00:00', 'A'),
(2, 2, 2, 'Molienda test', 'Molienda test', 'molienda', 'molienda', '2023-02-13 00:00:00', '2023-02-13 00:00:00', 'A'),
(3, 2, 3, 'Seleccion test', 'Seleccion test', 'seleccion', 'seleccion', '2023-02-13 14:52:04', '2023-02-13 14:52:04', 'A'),
(4, 2, 4, 'Produccion test', 'Produccion test', 'produccion', 'produccion', '2023-03-02 11:39:12', '2023-03-02 11:39:12', 'A'),
(5, 2, 7, 'Frescos test', 'Frescos test', 'frescos', 'frescos', '2023-03-15 08:17:00', '2023-03-15 08:17:00', 'A'),
(6, 2, 5, 'Test envasado', 'Test envasado', 'envasado', 'envasado', '2023-03-15 08:19:34', '2023-03-15 08:19:34', 'A'),
(7, 2, 6, 'Test encajado', 'Test encajado', 'encajonado', 'encajonado', '2023-03-15 08:19:34', '2023-03-15 08:19:34', 'A'),
(8, 1, 4, 'Produccion administrador', 'Produccion administrador', 'produccionA', 'produccionA', '2023-04-10 00:41:56', '2023-04-10 00:41:56', 'A'),
(9, 2, 1, 'Almacen2 test', 'Almacen2 test', 'almacen2', 'Alm@c3n2!', '2023-08-03 07:31:37', '2023-08-03 07:31:37', 'A');

--
-- Índices para tablas volcadas
--

--
-- Indices de la tabla `almacen`
--
ALTER TABLE `almacen`
  ADD PRIMARY KEY (`id`),
  ADD KEY `IX_Relationship53` (`idAre`);

--
-- Indices de la tabla `almacen_stock`
--
ALTER TABLE `almacen_stock`
  ADD PRIMARY KEY (`id`),
  ADD KEY `IX_Relationship46` (`idProd`),
  ADD KEY `IX_Relationship48` (`idAlm`);

--
-- Indices de la tabla `area`
--
ALTER TABLE `area`
  ADD PRIMARY KEY (`id`);

--
-- Indices de la tabla `clase`
--
ALTER TABLE `clase`
  ADD PRIMARY KEY (`id`);

--
-- Indices de la tabla `entrada_producto_final`
--
ALTER TABLE `entrada_producto_final`
  ADD PRIMARY KEY (`id`),
  ADD UNIQUE KEY `id` (`id`),
  ADD KEY `IX_Relationship90` (`idProdc`),
  ADD KEY `IX_Relationship91` (`idProdt`);

--
-- Indices de la tabla `entrada_stock`
--
ALTER TABLE `entrada_stock`
  ADD PRIMARY KEY (`id`),
  ADD KEY `IX_Relationship4` (`idProd`),
  ADD KEY `IX_Relationship5` (`idProv`),
  ADD KEY `IX_Relationship21` (`idEntStoEst`),
  ADD KEY `IX_Relationship52` (`idAlm`);

--
-- Indices de la tabla `entrada_stock_estado`
--
ALTER TABLE `entrada_stock_estado`
  ADD PRIMARY KEY (`id`);

--
-- Indices de la tabla `formula`
--
ALTER TABLE `formula`
  ADD PRIMARY KEY (`id`),
  ADD KEY `IX_Relationship50` (`idProd`),
  ADD KEY `IX_Relationship64` (`idTipFor`);

--
-- Indices de la tabla `formula_detalle`
--
ALTER TABLE `formula_detalle`
  ADD PRIMARY KEY (`id`),
  ADD KEY `IX_Relationship14` (`idFor`),
  ADD KEY `IX_Relationship15` (`idMatPri`),
  ADD KEY `IX_Relationship65` (`idAre`);

--
-- Indices de la tabla `formula_producto_terminado`
--
ALTER TABLE `formula_producto_terminado`
  ADD PRIMARY KEY (`id`),
  ADD KEY `IX_Relationship79` (`idProdFin`);

--
-- Indices de la tabla `formula_producto_terminado_detalle`
--
ALTER TABLE `formula_producto_terminado_detalle`
  ADD PRIMARY KEY (`id`),
  ADD KEY `IX_Relationship81` (`idForProdFin`),
  ADD KEY `IX_Relationship82` (`idProd`),
  ADD KEY `IX_Relationship83` (`idAre`),
  ADD KEY `IX_Relationship84` (`idAlm`);

--
-- Indices de la tabla `formula_tipo`
--
ALTER TABLE `formula_tipo`
  ADD PRIMARY KEY (`id`),
  ADD UNIQUE KEY `id` (`id`);

--
-- Indices de la tabla `medida`
--
ALTER TABLE `medida`
  ADD PRIMARY KEY (`id`);

--
-- Indices de la tabla `produccion`
--
ALTER TABLE `produccion`
  ADD PRIMARY KEY (`id`),
  ADD KEY `IX_Relationship35` (`idProdEst`),
  ADD KEY `IX_Relationship60` (`idProdTip`),
  ADD KEY `IX_Relationship61` (`idProdFinProgEst`),
  ADD KEY `IX_Relationship62` (`idProdIniProgEst`),
  ADD KEY `IX_Relationship63` (`idProdt`);

--
-- Indices de la tabla `produccion_agregacion`
--
ALTER TABLE `produccion_agregacion`
  ADD PRIMARY KEY (`id`),
  ADD KEY `IX_Relationship73` (`idProdc`),
  ADD KEY `IX_Relationship74` (`idProdt`),
  ADD KEY `IX_Relationship75` (`idAlm`),
  ADD KEY `IX_Relationship76` (`idProdAgrMot`);

--
-- Indices de la tabla `produccion_agregacion_motivo`
--
ALTER TABLE `produccion_agregacion_motivo`
  ADD PRIMARY KEY (`id`);

--
-- Indices de la tabla `produccion_devolucion`
--
ALTER TABLE `produccion_devolucion`
  ADD PRIMARY KEY (`id`),
  ADD KEY `IX_Relationship68` (`idProdc`),
  ADD KEY `IX_Relationship69` (`idProdt`),
  ADD KEY `IX_Relationship70` (`idAlm`),
  ADD KEY `IX_Relationship77` (`idProdDevMot`);

--
-- Indices de la tabla `produccion_devolucion_motivo`
--
ALTER TABLE `produccion_devolucion_motivo`
  ADD PRIMARY KEY (`id`);

--
-- Indices de la tabla `produccion_estado`
--
ALTER TABLE `produccion_estado`
  ADD PRIMARY KEY (`id`);

--
-- Indices de la tabla `produccion_fin_programado_estado`
--
ALTER TABLE `produccion_fin_programado_estado`
  ADD PRIMARY KEY (`id`),
  ADD UNIQUE KEY `id` (`id`);

--
-- Indices de la tabla `produccion_inicio_programado_estado`
--
ALTER TABLE `produccion_inicio_programado_estado`
  ADD PRIMARY KEY (`id`),
  ADD UNIQUE KEY `id` (`id`);

--
-- Indices de la tabla `produccion_producto_final`
--
ALTER TABLE `produccion_producto_final`
  ADD PRIMARY KEY (`id`),
  ADD KEY `IX_Relationship42` (`idProdc`),
  ADD KEY `IX_Relationship45` (`idProdcProdtFinEst`),
  ADD KEY `IX_Relationship51` (`idProdt`);

--
-- Indices de la tabla `produccion_producto_final_estado`
--
ALTER TABLE `produccion_producto_final_estado`
  ADD PRIMARY KEY (`id`);

--
-- Indices de la tabla `produccion_tipo`
--
ALTER TABLE `produccion_tipo`
  ADD PRIMARY KEY (`id`),
  ADD UNIQUE KEY `id` (`id`);

--
-- Indices de la tabla `producto`
--
ALTER TABLE `producto`
  ADD PRIMARY KEY (`id`),
  ADD KEY `IX_Relationship3` (`idMed`),
  ADD KEY `IX_Relationship57` (`idCla`),
  ADD KEY `IX_Relationship58` (`idSubCla`),
  ADD KEY `IX_Relationship59` (`idSubSubCla`);

--
-- Indices de la tabla `producto_agregacion_trazabilidad`
--
ALTER TABLE `producto_agregacion_trazabilidad`
  ADD PRIMARY KEY (`id`),
  ADD KEY `IX_Relationship94` (`idProdAgr`),
  ADD KEY `IX_Relationship95` (`idEntSto`);

--
-- Indices de la tabla `producto_devolucion_trazabilidad`
--
ALTER TABLE `producto_devolucion_trazabilidad`
  ADD PRIMARY KEY (`id`),
  ADD KEY `IX_Relationship92` (`idProdDev`),
  ADD KEY `IX_Relationship93` (`idEntSto`);

--
-- Indices de la tabla `proveedor`
--
ALTER TABLE `proveedor`
  ADD PRIMARY KEY (`id`);

--
-- Indices de la tabla `requisicion`
--
ALTER TABLE `requisicion`
  ADD PRIMARY KEY (`id`),
  ADD KEY `IX_Relationship26` (`idReqEst`),
  ADD KEY `IX_Relationship37` (`idProdc`),
  ADD KEY `IX_Relationship66` (`idAre`);

--
-- Indices de la tabla `requisicion_detalle`
--
ALTER TABLE `requisicion_detalle`
  ADD PRIMARY KEY (`id`),
  ADD KEY `IX_Relationship8` (`idProdt`),
  ADD KEY `IX_Relationship10` (`idReq`),
  ADD KEY `IX_Relationship27` (`idReqDetEst`);

--
-- Indices de la tabla `requisicion_detalle_estado`
--
ALTER TABLE `requisicion_detalle_estado`
  ADD PRIMARY KEY (`id`);

--
-- Indices de la tabla `requisicion_estado`
--
ALTER TABLE `requisicion_estado`
  ADD PRIMARY KEY (`id`);

--
-- Indices de la tabla `requisicion_seleccion`
--
ALTER TABLE `requisicion_seleccion`
  ADD PRIMARY KEY (`id`),
  ADD KEY `IX_Relationship23` (`idReqSelEst`);

--
-- Indices de la tabla `requisicion_seleccion_detalle`
--
ALTER TABLE `requisicion_seleccion_detalle`
  ADD PRIMARY KEY (`id`),
  ADD KEY `IX_Relationship16` (`idReqSel`),
  ADD KEY `IX_Relationship17` (`idMatPri`),
  ADD KEY `IX_Relationship25` (`idReqSelDetEst`);

--
-- Indices de la tabla `requisicion_seleccion_detalle_estado`
--
ALTER TABLE `requisicion_seleccion_detalle_estado`
  ADD PRIMARY KEY (`id`);

--
-- Indices de la tabla `requisicion_seleccion_estado`
--
ALTER TABLE `requisicion_seleccion_estado`
  ADD PRIMARY KEY (`id`);

--
-- Indices de la tabla `rol_usuario`
--
ALTER TABLE `rol_usuario`
  ADD PRIMARY KEY (`id`);

--
-- Indices de la tabla `salida_entrada_seleccion`
--
ALTER TABLE `salida_entrada_seleccion`
  ADD PRIMARY KEY (`id`),
  ADD KEY `IX_Relationship19` (`idEntSto`),
  ADD KEY `IX_Relationship22` (`idSalEntSelEst`),
  ADD KEY `IX_Relationship31` (`idReqSel`),
  ADD KEY `IX_Relationship32` (`idMatPri`);

--
-- Indices de la tabla `salida_entrada_seleccion_estado`
--
ALTER TABLE `salida_entrada_seleccion_estado`
  ADD PRIMARY KEY (`id`);

--
-- Indices de la tabla `salida_stock`
--
ALTER TABLE `salida_stock`
  ADD PRIMARY KEY (`id`),
  ADD KEY `IX_Relationship7` (`idEntSto`),
  ADD KEY `IX_Relationship28` (`idReq`),
  ADD KEY `IX_Relationship29` (`idProdt`),
  ADD KEY `IX_Relationship30` (`idEstSalSto`),
  ADD KEY `IX_Relationship67` (`idAlm`);

--
-- Indices de la tabla `salida_stock_estado`
--
ALTER TABLE `salida_stock_estado`
  ADD PRIMARY KEY (`id`);

--
-- Indices de la tabla `sub_clase`
--
ALTER TABLE `sub_clase`
  ADD PRIMARY KEY (`id`),
  ADD KEY `IX_Relationship55` (`idCla`);

--
-- Indices de la tabla `sub_sub_clase`
--
ALTER TABLE `sub_sub_clase`
  ADD PRIMARY KEY (`id`),
  ADD KEY `IX_Relationship56` (`idSubCla`);

--
-- Indices de la tabla `transferencia_almacenes`
--
ALTER TABLE `transferencia_almacenes`
  ADD PRIMARY KEY (`id`),
  ADD KEY `IX_Relationship85` (`idAlmSal`),
  ADD KEY `IX_Relationship86` (`idAlmDes`);

--
-- Indices de la tabla `transferencia_almacenes_detalle`
--
ALTER TABLE `transferencia_almacenes_detalle`
  ADD PRIMARY KEY (`id`),
  ADD KEY `IX_Relationship87` (`idProd`),
  ADD KEY `IX_Relationship89` (`idTraAlm`);

--
-- Indices de la tabla `usuario`
--
ALTER TABLE `usuario`
  ADD PRIMARY KEY (`id`),
  ADD KEY `IX_Relationship33` (`idRolUsu`),
  ADD KEY `IX_Relationship34` (`idAre`);

--
-- AUTO_INCREMENT de las tablas volcadas
--

--
-- AUTO_INCREMENT de la tabla `almacen`
--
ALTER TABLE `almacen`
  MODIFY `id` int(11) NOT NULL AUTO_INCREMENT, AUTO_INCREMENT=10;

--
-- AUTO_INCREMENT de la tabla `almacen_stock`
--
ALTER TABLE `almacen_stock`
  MODIFY `id` int(11) NOT NULL AUTO_INCREMENT, AUTO_INCREMENT=36;

--
-- AUTO_INCREMENT de la tabla `area`
--
ALTER TABLE `area`
  MODIFY `id` int(11) NOT NULL AUTO_INCREMENT, AUTO_INCREMENT=8;

--
-- AUTO_INCREMENT de la tabla `clase`
--
ALTER TABLE `clase`
  MODIFY `id` int(11) NOT NULL AUTO_INCREMENT, AUTO_INCREMENT=6;

--
-- AUTO_INCREMENT de la tabla `entrada_producto_final`
--
ALTER TABLE `entrada_producto_final`
  MODIFY `id` int(11) NOT NULL AUTO_INCREMENT;

--
-- AUTO_INCREMENT de la tabla `entrada_stock`
--
ALTER TABLE `entrada_stock`
  MODIFY `id` int(11) NOT NULL AUTO_INCREMENT, AUTO_INCREMENT=37;

--
-- AUTO_INCREMENT de la tabla `entrada_stock_estado`
--
ALTER TABLE `entrada_stock_estado`
  MODIFY `id` int(11) NOT NULL AUTO_INCREMENT, AUTO_INCREMENT=4;

--
-- AUTO_INCREMENT de la tabla `formula`
--
ALTER TABLE `formula`
  MODIFY `id` int(11) NOT NULL AUTO_INCREMENT, AUTO_INCREMENT=24;

--
-- AUTO_INCREMENT de la tabla `formula_detalle`
--
ALTER TABLE `formula_detalle`
  MODIFY `id` int(11) NOT NULL AUTO_INCREMENT, AUTO_INCREMENT=130;

--
-- AUTO_INCREMENT de la tabla `formula_producto_terminado`
--
ALTER TABLE `formula_producto_terminado`
  MODIFY `id` int(11) NOT NULL AUTO_INCREMENT, AUTO_INCREMENT=107;

--
-- AUTO_INCREMENT de la tabla `formula_producto_terminado_detalle`
--
ALTER TABLE `formula_producto_terminado_detalle`
  MODIFY `id` int(11) NOT NULL AUTO_INCREMENT, AUTO_INCREMENT=631;

--
-- AUTO_INCREMENT de la tabla `formula_tipo`
--
ALTER TABLE `formula_tipo`
  MODIFY `id` int(11) NOT NULL AUTO_INCREMENT, AUTO_INCREMENT=5;

--
-- AUTO_INCREMENT de la tabla `medida`
--
ALTER TABLE `medida`
  MODIFY `id` int(11) NOT NULL AUTO_INCREMENT, AUTO_INCREMENT=10;

--
-- AUTO_INCREMENT de la tabla `produccion`
--
ALTER TABLE `produccion`
  MODIFY `id` int(11) NOT NULL AUTO_INCREMENT, AUTO_INCREMENT=190;

--
-- AUTO_INCREMENT de la tabla `produccion_agregacion`
--
ALTER TABLE `produccion_agregacion`
  MODIFY `id` int(11) NOT NULL AUTO_INCREMENT, AUTO_INCREMENT=15;

--
-- AUTO_INCREMENT de la tabla `produccion_agregacion_motivo`
--
ALTER TABLE `produccion_agregacion_motivo`
  MODIFY `id` int(11) NOT NULL AUTO_INCREMENT, AUTO_INCREMENT=3;

--
-- AUTO_INCREMENT de la tabla `produccion_devolucion`
--
ALTER TABLE `produccion_devolucion`
  MODIFY `id` int(11) NOT NULL AUTO_INCREMENT;

--
-- AUTO_INCREMENT de la tabla `produccion_devolucion_motivo`
--
ALTER TABLE `produccion_devolucion_motivo`
  MODIFY `id` int(11) NOT NULL AUTO_INCREMENT, AUTO_INCREMENT=3;

--
-- AUTO_INCREMENT de la tabla `produccion_estado`
--
ALTER TABLE `produccion_estado`
  MODIFY `id` int(11) NOT NULL AUTO_INCREMENT, AUTO_INCREMENT=7;

--
-- AUTO_INCREMENT de la tabla `produccion_fin_programado_estado`
--
ALTER TABLE `produccion_fin_programado_estado`
  MODIFY `id` int(11) NOT NULL AUTO_INCREMENT, AUTO_INCREMENT=4;

--
-- AUTO_INCREMENT de la tabla `produccion_inicio_programado_estado`
--
ALTER TABLE `produccion_inicio_programado_estado`
  MODIFY `id` int(11) NOT NULL AUTO_INCREMENT, AUTO_INCREMENT=4;

--
-- AUTO_INCREMENT de la tabla `produccion_producto_final`
--
ALTER TABLE `produccion_producto_final`
  MODIFY `id` int(11) NOT NULL AUTO_INCREMENT, AUTO_INCREMENT=255;

--
-- AUTO_INCREMENT de la tabla `produccion_producto_final_estado`
--
ALTER TABLE `produccion_producto_final_estado`
  MODIFY `id` int(11) NOT NULL AUTO_INCREMENT, AUTO_INCREMENT=5;

--
-- AUTO_INCREMENT de la tabla `produccion_tipo`
--
ALTER TABLE `produccion_tipo`
  MODIFY `id` int(11) NOT NULL AUTO_INCREMENT, AUTO_INCREMENT=6;

--
-- AUTO_INCREMENT de la tabla `producto`
--
ALTER TABLE `producto`
  MODIFY `id` int(11) NOT NULL AUTO_INCREMENT, AUTO_INCREMENT=405;

--
-- AUTO_INCREMENT de la tabla `producto_agregacion_trazabilidad`
--
ALTER TABLE `producto_agregacion_trazabilidad`
  MODIFY `id` int(11) NOT NULL AUTO_INCREMENT, AUTO_INCREMENT=15;

--
-- AUTO_INCREMENT de la tabla `producto_devolucion_trazabilidad`
--
ALTER TABLE `producto_devolucion_trazabilidad`
  MODIFY `id` int(11) NOT NULL AUTO_INCREMENT;

--
-- AUTO_INCREMENT de la tabla `proveedor`
--
ALTER TABLE `proveedor`
  MODIFY `id` int(11) NOT NULL AUTO_INCREMENT, AUTO_INCREMENT=66;

--
-- AUTO_INCREMENT de la tabla `requisicion`
--
ALTER TABLE `requisicion`
  MODIFY `id` int(11) NOT NULL AUTO_INCREMENT, AUTO_INCREMENT=364;

--
-- AUTO_INCREMENT de la tabla `requisicion_detalle`
--
ALTER TABLE `requisicion_detalle`
  MODIFY `id` int(11) NOT NULL AUTO_INCREMENT, AUTO_INCREMENT=804;

--
-- AUTO_INCREMENT de la tabla `requisicion_detalle_estado`
--
ALTER TABLE `requisicion_detalle_estado`
  MODIFY `id` int(11) NOT NULL AUTO_INCREMENT, AUTO_INCREMENT=3;

--
-- AUTO_INCREMENT de la tabla `requisicion_estado`
--
ALTER TABLE `requisicion_estado`
  MODIFY `id` int(11) NOT NULL AUTO_INCREMENT, AUTO_INCREMENT=5;

--
-- AUTO_INCREMENT de la tabla `requisicion_seleccion`
--
ALTER TABLE `requisicion_seleccion`
  MODIFY `id` int(11) NOT NULL AUTO_INCREMENT, AUTO_INCREMENT=4;

--
-- AUTO_INCREMENT de la tabla `requisicion_seleccion_detalle`
--
ALTER TABLE `requisicion_seleccion_detalle`
  MODIFY `id` int(11) NOT NULL AUTO_INCREMENT, AUTO_INCREMENT=4;

--
-- AUTO_INCREMENT de la tabla `requisicion_seleccion_detalle_estado`
--
ALTER TABLE `requisicion_seleccion_detalle_estado`
  MODIFY `id` int(11) NOT NULL AUTO_INCREMENT, AUTO_INCREMENT=5;

--
-- AUTO_INCREMENT de la tabla `requisicion_seleccion_estado`
--
ALTER TABLE `requisicion_seleccion_estado`
  MODIFY `id` int(11) NOT NULL AUTO_INCREMENT, AUTO_INCREMENT=4;

--
-- AUTO_INCREMENT de la tabla `rol_usuario`
--
ALTER TABLE `rol_usuario`
  MODIFY `id` int(11) NOT NULL AUTO_INCREMENT, AUTO_INCREMENT=3;

--
-- AUTO_INCREMENT de la tabla `salida_entrada_seleccion`
--
ALTER TABLE `salida_entrada_seleccion`
  MODIFY `id` int(11) NOT NULL AUTO_INCREMENT, AUTO_INCREMENT=5;

--
-- AUTO_INCREMENT de la tabla `salida_entrada_seleccion_estado`
--
ALTER TABLE `salida_entrada_seleccion_estado`
  MODIFY `id` int(11) NOT NULL AUTO_INCREMENT, AUTO_INCREMENT=3;

--
-- AUTO_INCREMENT de la tabla `salida_stock`
--
ALTER TABLE `salida_stock`
  MODIFY `id` int(11) NOT NULL AUTO_INCREMENT, AUTO_INCREMENT=15;

--
-- AUTO_INCREMENT de la tabla `salida_stock_estado`
--
ALTER TABLE `salida_stock_estado`
  MODIFY `id` int(11) NOT NULL AUTO_INCREMENT, AUTO_INCREMENT=3;

--
-- AUTO_INCREMENT de la tabla `sub_clase`
--
ALTER TABLE `sub_clase`
  MODIFY `id` int(11) NOT NULL AUTO_INCREMENT, AUTO_INCREMENT=59;

--
-- AUTO_INCREMENT de la tabla `sub_sub_clase`
--
ALTER TABLE `sub_sub_clase`
  MODIFY `id` int(11) NOT NULL AUTO_INCREMENT;

--
-- AUTO_INCREMENT de la tabla `transferencia_almacenes`
--
ALTER TABLE `transferencia_almacenes`
  MODIFY `id` int(11) NOT NULL AUTO_INCREMENT;

--
-- AUTO_INCREMENT de la tabla `transferencia_almacenes_detalle`
--
ALTER TABLE `transferencia_almacenes_detalle`
  MODIFY `id` int(11) NOT NULL AUTO_INCREMENT;

--
-- AUTO_INCREMENT de la tabla `usuario`
--
ALTER TABLE `usuario`
  MODIFY `id` int(11) NOT NULL AUTO_INCREMENT, AUTO_INCREMENT=10;

--
-- Restricciones para tablas volcadas
--

--
-- Filtros para la tabla `almacen`
--
ALTER TABLE `almacen`
  ADD CONSTRAINT `Relationship53` FOREIGN KEY (`idAre`) REFERENCES `area` (`id`);

--
-- Filtros para la tabla `almacen_stock`
--
ALTER TABLE `almacen_stock`
  ADD CONSTRAINT `Relationship46` FOREIGN KEY (`idProd`) REFERENCES `producto` (`id`),
  ADD CONSTRAINT `Relationship48` FOREIGN KEY (`idAlm`) REFERENCES `almacen` (`id`);

--
-- Filtros para la tabla `entrada_producto_final`
--
ALTER TABLE `entrada_producto_final`
  ADD CONSTRAINT `Relationship90` FOREIGN KEY (`idProdc`) REFERENCES `produccion` (`id`),
  ADD CONSTRAINT `Relationship91` FOREIGN KEY (`idProdt`) REFERENCES `producto` (`id`);

--
-- Filtros para la tabla `entrada_stock`
--
ALTER TABLE `entrada_stock`
  ADD CONSTRAINT `Relationship21` FOREIGN KEY (`idEntStoEst`) REFERENCES `entrada_stock_estado` (`id`),
  ADD CONSTRAINT `Relationship4` FOREIGN KEY (`idProd`) REFERENCES `producto` (`id`),
  ADD CONSTRAINT `Relationship5` FOREIGN KEY (`idProv`) REFERENCES `proveedor` (`id`),
  ADD CONSTRAINT `Relationship52` FOREIGN KEY (`idAlm`) REFERENCES `almacen` (`id`);

--
-- Filtros para la tabla `formula`
--
ALTER TABLE `formula`
  ADD CONSTRAINT `Relationship50` FOREIGN KEY (`idProd`) REFERENCES `producto` (`id`),
  ADD CONSTRAINT `Relationship64` FOREIGN KEY (`idTipFor`) REFERENCES `formula_tipo` (`id`);

--
-- Filtros para la tabla `formula_detalle`
--
ALTER TABLE `formula_detalle`
  ADD CONSTRAINT `Relationship14` FOREIGN KEY (`idFor`) REFERENCES `formula` (`id`),
  ADD CONSTRAINT `Relationship15` FOREIGN KEY (`idMatPri`) REFERENCES `producto` (`id`),
  ADD CONSTRAINT `Relationship65` FOREIGN KEY (`idAre`) REFERENCES `area` (`id`);

--
-- Filtros para la tabla `formula_producto_terminado`
--
ALTER TABLE `formula_producto_terminado`
  ADD CONSTRAINT `Relationship79` FOREIGN KEY (`idProdFin`) REFERENCES `producto` (`id`);

--
-- Filtros para la tabla `formula_producto_terminado_detalle`
--
ALTER TABLE `formula_producto_terminado_detalle`
  ADD CONSTRAINT `Relationship81` FOREIGN KEY (`idForProdFin`) REFERENCES `formula_producto_terminado` (`id`),
  ADD CONSTRAINT `Relationship82` FOREIGN KEY (`idProd`) REFERENCES `producto` (`id`),
  ADD CONSTRAINT `Relationship83` FOREIGN KEY (`idAre`) REFERENCES `area` (`id`),
  ADD CONSTRAINT `Relationship84` FOREIGN KEY (`idAlm`) REFERENCES `almacen` (`id`);

--
-- Filtros para la tabla `produccion`
--
ALTER TABLE `produccion`
  ADD CONSTRAINT `Relationship35` FOREIGN KEY (`idProdEst`) REFERENCES `produccion_estado` (`id`),
  ADD CONSTRAINT `Relationship60` FOREIGN KEY (`idProdTip`) REFERENCES `produccion_tipo` (`id`),
  ADD CONSTRAINT `Relationship61` FOREIGN KEY (`idProdFinProgEst`) REFERENCES `produccion_fin_programado_estado` (`id`),
  ADD CONSTRAINT `Relationship62` FOREIGN KEY (`idProdIniProgEst`) REFERENCES `produccion_inicio_programado_estado` (`id`),
  ADD CONSTRAINT `Relationship63` FOREIGN KEY (`idProdt`) REFERENCES `producto` (`id`);

--
-- Filtros para la tabla `produccion_agregacion`
--
ALTER TABLE `produccion_agregacion`
  ADD CONSTRAINT `Relationship73` FOREIGN KEY (`idProdc`) REFERENCES `produccion` (`id`),
  ADD CONSTRAINT `Relationship74` FOREIGN KEY (`idProdt`) REFERENCES `producto` (`id`),
  ADD CONSTRAINT `Relationship75` FOREIGN KEY (`idAlm`) REFERENCES `almacen` (`id`),
  ADD CONSTRAINT `Relationship76` FOREIGN KEY (`idProdAgrMot`) REFERENCES `produccion_agregacion_motivo` (`id`);

--
-- Filtros para la tabla `produccion_devolucion`
--
ALTER TABLE `produccion_devolucion`
  ADD CONSTRAINT `Relationship68` FOREIGN KEY (`idProdc`) REFERENCES `produccion` (`id`),
  ADD CONSTRAINT `Relationship69` FOREIGN KEY (`idProdt`) REFERENCES `producto` (`id`),
  ADD CONSTRAINT `Relationship70` FOREIGN KEY (`idAlm`) REFERENCES `almacen` (`id`),
  ADD CONSTRAINT `Relationship77` FOREIGN KEY (`idProdDevMot`) REFERENCES `produccion_devolucion_motivo` (`id`);

--
-- Filtros para la tabla `produccion_producto_final`
--
ALTER TABLE `produccion_producto_final`
  ADD CONSTRAINT `Relationship42` FOREIGN KEY (`idProdc`) REFERENCES `produccion` (`id`),
  ADD CONSTRAINT `Relationship45` FOREIGN KEY (`idProdcProdtFinEst`) REFERENCES `produccion_producto_final_estado` (`id`),
  ADD CONSTRAINT `Relationship51` FOREIGN KEY (`idProdt`) REFERENCES `producto` (`id`);

--
-- Filtros para la tabla `producto`
--
ALTER TABLE `producto`
  ADD CONSTRAINT `Relationship3` FOREIGN KEY (`idMed`) REFERENCES `medida` (`id`),
  ADD CONSTRAINT `Relationship57` FOREIGN KEY (`idCla`) REFERENCES `clase` (`id`),
  ADD CONSTRAINT `Relationship58` FOREIGN KEY (`idSubCla`) REFERENCES `sub_clase` (`id`),
  ADD CONSTRAINT `Relationship59` FOREIGN KEY (`idSubSubCla`) REFERENCES `sub_sub_clase` (`id`);

--
-- Filtros para la tabla `producto_agregacion_trazabilidad`
--
ALTER TABLE `producto_agregacion_trazabilidad`
  ADD CONSTRAINT `Relationship94` FOREIGN KEY (`idProdAgr`) REFERENCES `produccion_agregacion` (`id`),
  ADD CONSTRAINT `Relationship95` FOREIGN KEY (`idEntSto`) REFERENCES `entrada_stock` (`id`);

--
-- Filtros para la tabla `producto_devolucion_trazabilidad`
--
ALTER TABLE `producto_devolucion_trazabilidad`
  ADD CONSTRAINT `Relationship92` FOREIGN KEY (`idProdDev`) REFERENCES `produccion_devolucion` (`id`),
  ADD CONSTRAINT `Relationship93` FOREIGN KEY (`idEntSto`) REFERENCES `entrada_stock` (`id`);

--
-- Filtros para la tabla `requisicion`
--
ALTER TABLE `requisicion`
  ADD CONSTRAINT `Relationship26` FOREIGN KEY (`idReqEst`) REFERENCES `requisicion_estado` (`id`),
  ADD CONSTRAINT `Relationship37` FOREIGN KEY (`idProdc`) REFERENCES `produccion` (`id`),
  ADD CONSTRAINT `Relationship66` FOREIGN KEY (`idAre`) REFERENCES `area` (`id`);

--
-- Filtros para la tabla `requisicion_detalle`
--
ALTER TABLE `requisicion_detalle`
  ADD CONSTRAINT `Relationship10` FOREIGN KEY (`idReq`) REFERENCES `requisicion` (`id`),
  ADD CONSTRAINT `Relationship27` FOREIGN KEY (`idReqDetEst`) REFERENCES `requisicion_detalle_estado` (`id`),
  ADD CONSTRAINT `Relationship8` FOREIGN KEY (`idProdt`) REFERENCES `producto` (`id`);

--
-- Filtros para la tabla `requisicion_seleccion`
--
ALTER TABLE `requisicion_seleccion`
  ADD CONSTRAINT `Relationship23` FOREIGN KEY (`idReqSelEst`) REFERENCES `requisicion_seleccion_estado` (`id`);

--
-- Filtros para la tabla `requisicion_seleccion_detalle`
--
ALTER TABLE `requisicion_seleccion_detalle`
  ADD CONSTRAINT `Relationship16` FOREIGN KEY (`idReqSel`) REFERENCES `requisicion_seleccion` (`id`),
  ADD CONSTRAINT `Relationship17` FOREIGN KEY (`idMatPri`) REFERENCES `producto` (`id`),
  ADD CONSTRAINT `Relationship25` FOREIGN KEY (`idReqSelDetEst`) REFERENCES `requisicion_seleccion_detalle_estado` (`id`);

--
-- Filtros para la tabla `salida_entrada_seleccion`
--
ALTER TABLE `salida_entrada_seleccion`
  ADD CONSTRAINT `Relationship19` FOREIGN KEY (`idEntSto`) REFERENCES `entrada_stock` (`id`),
  ADD CONSTRAINT `Relationship22` FOREIGN KEY (`idSalEntSelEst`) REFERENCES `salida_entrada_seleccion_estado` (`id`),
  ADD CONSTRAINT `Relationship31` FOREIGN KEY (`idReqSel`) REFERENCES `requisicion_seleccion` (`id`),
  ADD CONSTRAINT `Relationship32` FOREIGN KEY (`idMatPri`) REFERENCES `producto` (`id`);
COMMIT;

/*!40101 SET CHARACTER_SET_CLIENT=@OLD_CHARACTER_SET_CLIENT */;
/*!40101 SET CHARACTER_SET_RESULTS=@OLD_CHARACTER_SET_RESULTS */;
/*!40101 SET COLLATION_CONNECTION=@OLD_COLLATION_CONNECTION */;
